row ID,pm2.5
2013-07-02 10:00:00,28.22506
2013-07-02 11:00:00,28.12981
2013-07-02 12:00:00,27.818771
2013-07-02 13:00:00,27.60809
2013-07-02 14:00:00,27.531502
2013-07-02 15:00:00,27.525879
2013-07-02 16:00:00,27.57365
2013-07-02 17:00:00,27.550907
2013-07-02 18:00:00,30.350216
2013-07-02 19:00:00,32.227497
2013-07-02 20:00:00,33.290306
2013-07-02 21:00:00,35.137524
2013-07-02 22:00:00,36.98925
2013-07-02 23:00:00,39.628468
2013-07-02 4:00:00,28.395893
2013-07-02 5:00:00,28.373482
2013-07-02 6:00:00,28.379883
2013-07-02 7:00:00,28.372833
2013-07-02 8:00:00,28.357998
2013-07-02 9:00:00,28.343616
2013-07-03 0:00:00,42.844322
2013-07-03 10:00:00,32.804462
2013-07-03 11:00:00,33.378674
2013-07-03 12:00:00,30.019642
2013-07-03 13:00:00,29.663574
2013-07-03 14:00:00,29.251728
2013-07-03 15:00:00,29.023388
2013-07-03 16:00:00,29.085213
2013-07-03 17:00:00,28.948433
2013-07-03 18:00:00,28.620502
2013-07-03 19:00:00,28.57751
2013-07-03 1:00:00,30.038544
2013-07-03 20:00:00,28.443348
2013-07-03 21:00:00,29.897541
2013-07-03 22:00:00,29.139275
2013-07-03 23:00:00,28.351242
2013-07-03 2:00:00,39.903934
2013-07-03 3:00:00,37.123196
2013-07-03 4:00:00,34.855164
2013-07-03 5:00:00,32.886116
2013-07-03 6:00:00,29.84676
2013-07-03 7:00:00,29.806156
2013-07-03 8:00:00,30.228428
2013-07-03 9:00:00,30.503632
2013-07-04 0:00:00,29.395126
2013-07-04 10:00:00,29.479862
2013-07-04 11:00:00,29.95132
2013-07-04 12:00:00,29.320602
2013-07-04 13:00:00,32.643246
2013-07-04 14:00:00,30.578434
2013-07-04 15:00:00,30.185871
2013-07-04 16:00:00,29.090942
2013-07-04 17:00:00,28.84092
2013-07-04 18:00:00,28.920834
2013-07-04 19:00:00,29.635197
2013-07-04 1:00:00,29.915997
2013-07-04 20:00:00,29.29174
2013-07-04 21:00:00,28.932438
2013-07-04 22:00:00,29.978695
2013-07-04 23:00:00,31.332985
2013-07-04 2:00:00,28.83165
2013-07-04 3:00:00,28.928879
2013-07-04 4:00:00,28.788631
2013-07-04 5:00:00,28.712677
2013-07-04 6:00:00,28.582191
2013-07-04 7:00:00,28.603268
2013-07-04 8:00:00,28.476967
2013-07-04 9:00:00,28.517422
2013-07-05 0:00:00,30.072117
2013-07-05 10:00:00,28.443508
2013-07-05 11:00:00,29.309574
2013-07-05 12:00:00,29.12804
2013-07-05 13:00:00,29.22913
2013-07-05 14:00:00,29.728527
2013-07-05 15:00:00,31.21804
2013-07-05 16:00:00,32.348892
2013-07-05 17:00:00,34.55754
2013-07-05 18:00:00,37.434994
2013-07-05 19:00:00,41.350693
2013-07-05 1:00:00,29.15857
2013-07-05 20:00:00,44.98143
2013-07-05 21:00:00,45.37668
2013-07-05 22:00:00,47.46942
2013-07-05 23:00:00,53.462807
2013-07-05 2:00:00,29.036922
2013-07-05 3:00:00,29.006561
2013-07-05 4:00:00,28.888493
2013-07-05 5:00:00,28.745625
2013-07-05 6:00:00,28.524689
2013-07-05 7:00:00,28.408054
2013-07-05 8:00:00,28.357182
2013-07-05 9:00:00,28.508408
2013-07-06 0:00:00,52.024998
2013-07-06 10:00:00,188.60342
2013-07-06 11:00:00,185.30733
2013-07-06 12:00:00,158.72917
2013-07-06 13:00:00,166.85117
2013-07-06 14:00:00,139.86584
2013-07-06 15:00:00,138.33461
2013-07-06 16:00:00,141.15828
2013-07-06 17:00:00,143.80263
2013-07-06 18:00:00,144.91592
2013-07-06 19:00:00,145.62346
2013-07-06 1:00:00,60.44982
2013-07-06 20:00:00,143.10484
2013-07-06 21:00:00,141.88254
2013-07-06 22:00:00,145.24611
2013-07-06 23:00:00,77.66609
2013-07-06 2:00:00,67.63394
2013-07-06 3:00:00,75.466736
2013-07-06 4:00:00,95.19978
2013-07-06 5:00:00,127.31975
2013-07-06 6:00:00,151.10707
2013-07-06 7:00:00,180.22102
2013-07-06 8:00:00,185.07701
2013-07-06 9:00:00,180.84113
2013-07-07 0:00:00,113.70772
2013-07-07 10:00:00,98.31586
2013-07-07 11:00:00,111.695465
2013-07-07 12:00:00,111.79399
2013-07-07 13:00:00,111.022675
2013-07-07 14:00:00,110.16197
2013-07-07 15:00:00,107.28348
2013-07-07 16:00:00,103.711044
2013-07-07 17:00:00,104.08799
2013-07-07 18:00:00,110.0993
2013-07-07 19:00:00,111.90564
2013-07-07 1:00:00,70.35774
2013-07-07 20:00:00,138.62737
2013-07-07 21:00:00,123.52641
2013-07-07 22:00:00,124.2543
2013-07-07 23:00:00,142.25108
2013-07-07 2:00:00,54.451607
2013-07-07 3:00:00,64.009186
2013-07-07 4:00:00,90.039764
2013-07-07 5:00:00,96.914734
2013-07-07 6:00:00,113.665375
2013-07-07 7:00:00,97.46138
2013-07-07 8:00:00,87.27446
2013-07-07 9:00:00,68.054535
2013-07-08 0:00:00,80.95938
2013-07-08 10:00:00,104.12599
2013-07-08 11:00:00,116.89788
2013-07-08 12:00:00,114.19604
2013-07-08 13:00:00,155.74925
2013-07-08 14:00:00,157.29565
2013-07-08 15:00:00,155.89201
2013-07-08 16:00:00,155.3753
2013-07-08 17:00:00,152.39265
2013-07-08 18:00:00,142.74507
2013-07-08 19:00:00,129.77713
2013-07-08 1:00:00,104.756165
2013-07-08 20:00:00,176.03732
2013-07-08 21:00:00,207.45518
2013-07-08 22:00:00,173.96097
2013-07-08 23:00:00,169.7644
2013-07-08 2:00:00,106.44031
2013-07-08 3:00:00,155.48979
2013-07-08 4:00:00,172.26721
2013-07-08 5:00:00,178.71913
2013-07-08 6:00:00,173.15283
2013-07-08 7:00:00,164.72499
2013-07-08 8:00:00,176.6103
2013-07-08 9:00:00,191.76729
2013-07-09 0:00:00,137.22662
2013-07-09 10:00:00,62.931305
2013-07-09 11:00:00,36.359474
2013-07-09 12:00:00,34.650593
2013-07-09 13:00:00,43.836105
2013-07-09 14:00:00,43.6793
2013-07-09 15:00:00,37.300285
2013-07-09 16:00:00,49.38291
2013-07-09 17:00:00,46.78306
2013-07-09 18:00:00,35.42166
2013-07-09 19:00:00,41.537914
2013-07-09 1:00:00,173.26411
2013-07-09 20:00:00,61.961506
2013-07-09 21:00:00,39.13179
2013-07-09 22:00:00,61.24956
2013-07-09 23:00:00,35.59276
2013-07-09 2:00:00,170.10736
2013-07-09 3:00:00,165.754
2013-07-09 4:00:00,114.33754
2013-07-09 5:00:00,76.60606
2013-07-09 6:00:00,96.81535
2013-07-09 7:00:00,85.23532
2013-07-09 8:00:00,72.83897
2013-07-09 9:00:00,76.99107
2013-07-10 0:00:00,35.861626
2013-07-10 10:00:00,46.823563
2013-07-10 11:00:00,37.62139
2013-07-10 12:00:00,30.57861
2013-07-10 13:00:00,31.312714
2013-07-10 14:00:00,29.600746
2013-07-10 15:00:00,29.308819
2013-07-10 16:00:00,28.97654
2013-07-10 17:00:00,28.847431
2013-07-10 18:00:00,28.88992
2013-07-10 19:00:00,28.636745
2013-07-10 1:00:00,36.458565
2013-07-10 20:00:00,28.377453
2013-07-10 21:00:00,28.472412
2013-07-10 22:00:00,28.49105
2013-07-10 23:00:00,28.451088
2013-07-10 2:00:00,35.627106
2013-07-10 3:00:00,38.546066
2013-07-10 4:00:00,50.46318
2013-07-10 5:00:00,37.54116
2013-07-10 6:00:00,33.910023
2013-07-10 7:00:00,36.22897
2013-07-10 8:00:00,40.25004
2013-07-10 9:00:00,39.999413
2013-07-11 0:00:00,28.634182
2013-07-11 10:00:00,28.495762
2013-07-11 11:00:00,28.320156
2013-07-11 12:00:00,30.150578
2013-07-11 13:00:00,30.275848
2013-07-11 14:00:00,30.937454
2013-07-11 15:00:00,30.014683
2013-07-11 16:00:00,30.536495
2013-07-11 17:00:00,30.67266
2013-07-11 18:00:00,33.08733
2013-07-11 19:00:00,32.429234
2013-07-11 1:00:00,28.567757
2013-07-11 20:00:00,35.826447
2013-07-11 21:00:00,36.946083
2013-07-11 22:00:00,38.0476
2013-07-11 23:00:00,39.31819
2013-07-11 2:00:00,28.581749
2013-07-11 3:00:00,28.520073
2013-07-11 4:00:00,28.603378
2013-07-11 5:00:00,28.495445
2013-07-11 6:00:00,28.530739
2013-07-11 7:00:00,28.350887
2013-07-11 8:00:00,28.151634
2013-07-11 9:00:00,28.397652
2013-07-12 0:00:00,41.642284
2013-07-12 10:00:00,47.08529
2013-07-12 11:00:00,89.83057
2013-07-12 12:00:00,94.547775
2013-07-12 13:00:00,102.65315
2013-07-12 14:00:00,101.21771
2013-07-12 15:00:00,121.76842
2013-07-12 16:00:00,118.431816
2013-07-12 17:00:00,117.16319
2013-07-12 18:00:00,112.77063
2013-07-12 19:00:00,103.75899
2013-07-12 1:00:00,44.59797
2013-07-12 20:00:00,104.01694
2013-07-12 21:00:00,106.40027
2013-07-12 22:00:00,108.838
2013-07-12 23:00:00,108.92178
2013-07-12 2:00:00,64.38371
2013-07-12 3:00:00,70.85841
2013-07-12 4:00:00,78.18643
2013-07-12 5:00:00,33.154312
2013-07-12 6:00:00,32.46425
2013-07-12 7:00:00,34.24276
2013-07-12 8:00:00,38.945057
2013-07-12 9:00:00,40.94856
2013-07-13 0:00:00,110.88263
2013-07-13 10:00:00,166.39848
2013-07-13 11:00:00,167.56023
2013-07-13 12:00:00,160.9564
2013-07-13 13:00:00,166.10646
2013-07-13 14:00:00,145.75537
2013-07-13 15:00:00,137.89589
2013-07-13 16:00:00,131.15147
2013-07-13 17:00:00,124.252625
2013-07-13 18:00:00,123.16313
2013-07-13 19:00:00,123.0688
2013-07-13 1:00:00,115.91052
2013-07-13 20:00:00,124.03725
2013-07-13 21:00:00,121.91049
2013-07-13 22:00:00,123.010864
2013-07-13 23:00:00,128.46165
2013-07-13 2:00:00,123.11658
2013-07-13 3:00:00,119.26111
2013-07-13 4:00:00,136.04387
2013-07-13 5:00:00,138.13557
2013-07-13 6:00:00,150.83534
2013-07-13 7:00:00,159.4343
2013-07-13 8:00:00,161.23567
2013-07-13 9:00:00,165.3974
2013-07-14 0:00:00,126.4648
2013-07-14 10:00:00,119.579025
2013-07-14 11:00:00,121.16164
2013-07-14 12:00:00,130.28609
2013-07-14 13:00:00,133.70775
2013-07-14 14:00:00,133.83076
2013-07-14 15:00:00,144.86214
2013-07-14 16:00:00,146.48967
2013-07-14 17:00:00,139.03673
2013-07-14 18:00:00,130.63106
2013-07-14 19:00:00,125.20755
2013-07-14 1:00:00,134.62193
2013-07-14 20:00:00,134.29411
2013-07-14 21:00:00,144.87431
2013-07-14 22:00:00,145.89435
2013-07-14 23:00:00,145.49559
2013-07-14 2:00:00,130.79883
2013-07-14 3:00:00,126.90077
2013-07-14 4:00:00,131.89775
2013-07-14 5:00:00,123.960266
2013-07-14 6:00:00,128.90175
2013-07-14 7:00:00,124.97163
2013-07-14 8:00:00,122.39075
2013-07-14 9:00:00,123.868195
2013-07-15 0:00:00,150.73006
2013-07-15 10:00:00,147.77473
2013-07-15 11:00:00,140.94633
2013-07-15 12:00:00,140.15935
2013-07-15 13:00:00,141.68109
2013-07-15 14:00:00,134.21089
2013-07-15 15:00:00,136.6913
2013-07-15 16:00:00,142.17601
2013-07-15 17:00:00,103.99523
2013-07-15 18:00:00,93.037964
2013-07-15 19:00:00,104.56322
2013-07-15 1:00:00,159.90523
2013-07-15 20:00:00,111.41115
2013-07-15 21:00:00,122.64943
2013-07-15 22:00:00,124.09694
2013-07-15 23:00:00,126.33995
2013-07-15 2:00:00,159.40656
2013-07-15 3:00:00,158.65656
2013-07-15 4:00:00,156.0543
2013-07-15 5:00:00,162.39891
2013-07-15 6:00:00,167.34071
2013-07-15 7:00:00,170.44368
2013-07-15 8:00:00,167.75708
2013-07-15 9:00:00,161.31383
2013-07-16 0:00:00,145.1671
2013-07-16 10:00:00,48.802925
2013-07-16 11:00:00,41.784348
2013-07-16 12:00:00,34.641502
2013-07-16 13:00:00,31.21027
2013-07-16 14:00:00,29.658
2013-07-16 15:00:00,28.754303
2013-07-16 16:00:00,32.273804
2013-07-16 17:00:00,30.744358
2013-07-16 18:00:00,34.721222
2013-07-16 19:00:00,42.32213
2013-07-16 1:00:00,151.42453
2013-07-16 20:00:00,58.92098
2013-07-16 21:00:00,62.787678
2013-07-16 22:00:00,77.54877
2013-07-16 23:00:00,60.696854
2013-07-16 2:00:00,162.45515
2013-07-16 3:00:00,115.93951
2013-07-16 4:00:00,93.212524
2013-07-16 5:00:00,77.24437
2013-07-16 6:00:00,75.4658
2013-07-16 7:00:00,61.84633
2013-07-16 8:00:00,57.285706
2013-07-16 9:00:00,52.6925
2013-07-17 0:00:00,72.885445
2013-07-17 10:00:00,84.82497
2013-07-17 11:00:00,81.59607
2013-07-17 12:00:00,89.22824
2013-07-17 13:00:00,85.17916
2013-07-17 14:00:00,91.34856
2013-07-17 15:00:00,103.51685
2013-07-17 16:00:00,99.265366
2013-07-17 17:00:00,116.00044
2013-07-17 18:00:00,109.14596
2013-07-17 19:00:00,115.08195
2013-07-17 1:00:00,79.18155
2013-07-17 20:00:00,129.57396
2013-07-17 21:00:00,127.1066
2013-07-17 22:00:00,133.18214
2013-07-17 23:00:00,118.096725
2013-07-17 2:00:00,80.95538
2013-07-17 3:00:00,82.50139
2013-07-17 4:00:00,84.55463
2013-07-17 5:00:00,70.68376
2013-07-17 6:00:00,67.54355
2013-07-17 7:00:00,55.934624
2013-07-17 8:00:00,73.1721
2013-07-17 9:00:00,75.58087
2013-07-18 0:00:00,127.037994
2013-07-18 10:00:00,160.6877
2013-07-18 11:00:00,148.32121
2013-07-18 12:00:00,135.19215
2013-07-18 13:00:00,131.46628
2013-07-18 14:00:00,138.09761
2013-07-18 15:00:00,135.2554
2013-07-18 16:00:00,139.20363
2013-07-18 17:00:00,140.65027
2013-07-18 18:00:00,135.48836
2013-07-18 19:00:00,132.10683
2013-07-18 1:00:00,121.87637
2013-07-18 20:00:00,134.66414
2013-07-18 21:00:00,130.16016
2013-07-18 22:00:00,137.20836
2013-07-18 23:00:00,140.92085
2013-07-18 2:00:00,123.43764
2013-07-18 3:00:00,128.7894
2013-07-18 4:00:00,132.08754
2013-07-18 5:00:00,133.58588
2013-07-18 6:00:00,142.41643
2013-07-18 7:00:00,159.85223
2013-07-18 8:00:00,159.07668
2013-07-18 9:00:00,157.77182
2013-07-19 0:00:00,158.61864
2013-07-19 10:00:00,107.02495
2013-07-19 11:00:00,102.27101
2013-07-19 12:00:00,100.75899
2013-07-19 13:00:00,116.09251
2013-07-19 14:00:00,135.89987
2013-07-19 15:00:00,145.1751
2013-07-19 16:00:00,155.8499
2013-07-19 17:00:00,159.12651
2013-07-19 18:00:00,155.10544
2013-07-19 19:00:00,138.87262
2013-07-19 1:00:00,166.75179
2013-07-19 20:00:00,132.45049
2013-07-19 21:00:00,125.90373
2013-07-19 22:00:00,149.54744
2013-07-19 23:00:00,155.76817
2013-07-19 2:00:00,184.83107
2013-07-19 3:00:00,184.16728
2013-07-19 4:00:00,160.00346
2013-07-19 5:00:00,151.61781
2013-07-19 6:00:00,137.53474
2013-07-19 7:00:00,131.09792
2013-07-19 8:00:00,125.0376
2013-07-19 9:00:00,99.69518
2013-07-20 0:00:00,160.59996
2013-07-20 10:00:00,112.06741
2013-07-20 11:00:00,94.34436
2013-07-20 12:00:00,96.301956
2013-07-20 13:00:00,79.22708
2013-07-20 14:00:00,76.78176
2013-07-20 15:00:00,91.51082
2013-07-20 16:00:00,87.26834
2013-07-20 17:00:00,86.68205
2013-07-20 18:00:00,105.9267
2013-07-20 19:00:00,117.703094
2013-07-20 1:00:00,172.10506
2013-07-20 20:00:00,120.96713
2013-07-20 21:00:00,119.22033
2013-07-20 22:00:00,146.26376
2013-07-20 23:00:00,149.357
2013-07-20 2:00:00,171.61363
2013-07-20 3:00:00,187.12532
2013-07-20 4:00:00,192.53525
2013-07-20 5:00:00,188.54039
2013-07-20 6:00:00,158.44762
2013-07-20 7:00:00,105.45636
2013-07-20 8:00:00,125.59334
2013-07-20 9:00:00,108.09412
2013-07-21 0:00:00,124.45241
2013-07-21 10:00:00,161.23521
2013-07-21 11:00:00,168.88516
2013-07-21 12:00:00,167.08302
2013-07-21 13:00:00,159.84952
2013-07-21 14:00:00,163.01637
2013-07-21 15:00:00,165.05612
2013-07-21 16:00:00,163.28062
2013-07-21 17:00:00,149.97992
2013-07-21 18:00:00,118.34625
2013-07-21 19:00:00,121.24437
2013-07-21 1:00:00,122.74709
2013-07-21 20:00:00,121.36812
2013-07-21 21:00:00,116.8224
2013-07-21 22:00:00,116.4065
2013-07-21 23:00:00,121.29378
2013-07-21 2:00:00,110.89494
2013-07-21 3:00:00,102.29811
2013-07-21 4:00:00,123.23163
2013-07-21 5:00:00,123.683716
2013-07-21 6:00:00,149.09183
2013-07-21 7:00:00,158.98378
2013-07-21 8:00:00,161.10165
2013-07-21 9:00:00,157.11296
2013-07-22 0:00:00,127.75198
2013-07-22 10:00:00,160.31097
2013-07-22 11:00:00,161.82945
2013-07-22 12:00:00,157.86751
2013-07-22 13:00:00,157.63185
2013-07-22 14:00:00,137.69598
2013-07-22 15:00:00,131.91054
2013-07-22 16:00:00,127.7095
2013-07-22 17:00:00,130.4475
2013-07-22 18:00:00,129.70525
2013-07-22 19:00:00,128.57431
2013-07-22 1:00:00,129.02812
2013-07-22 20:00:00,124.16111
2013-07-22 21:00:00,130.31773
2013-07-22 22:00:00,141.50888
2013-07-22 23:00:00,142.12248
2013-07-22 2:00:00,136.70628
2013-07-22 3:00:00,137.08807
2013-07-22 4:00:00,142.50046
2013-07-22 5:00:00,137.21278
2013-07-22 6:00:00,153.55327
2013-07-22 7:00:00,163.78207
2013-07-22 8:00:00,166.53508
2013-07-22 9:00:00,158.50874
2013-07-23 0:00:00,150.6122
2013-07-23 10:00:00,96.588
2013-07-23 11:00:00,114.08228
2013-07-23 12:00:00,110.99484
2013-07-23 13:00:00,122.395706
2013-07-23 14:00:00,136.4934
2013-07-23 15:00:00,142.43782
2013-07-23 16:00:00,128.80133
2013-07-23 17:00:00,131.9171
2013-07-23 18:00:00,129.28601
2013-07-23 19:00:00,134.80739
2013-07-23 1:00:00,154.14983
2013-07-23 20:00:00,132.83394
2013-07-23 21:00:00,135.39706
2013-07-23 22:00:00,117.070175
2013-07-23 23:00:00,123.03275
2013-07-23 2:00:00,160.3073
2013-07-23 3:00:00,164.82637
2013-07-23 4:00:00,153.0594
2013-07-23 5:00:00,134.91048
2013-07-23 6:00:00,118.94879
2013-07-23 7:00:00,125.46075
2013-07-23 8:00:00,136.09004
2013-07-23 9:00:00,134.8423
2013-07-24 0:00:00,135.98918
2013-07-24 10:00:00,74.31145
2013-07-24 11:00:00,86.04979
2013-07-24 12:00:00,50.112545
2013-07-24 13:00:00,35.483833
2013-07-24 14:00:00,32.686466
2013-07-24 15:00:00,30.511555
2013-07-24 16:00:00,29.717697
2013-07-24 17:00:00,29.373348
2013-07-24 18:00:00,29.19057
2013-07-24 19:00:00,29.071114
2013-07-24 1:00:00,135.99785
2013-07-24 20:00:00,29.141865
2013-07-24 21:00:00,36.98029
2013-07-24 22:00:00,31.125114
2013-07-24 23:00:00,33.04952
2013-07-24 2:00:00,147.35512
2013-07-24 3:00:00,110.373505
2013-07-24 4:00:00,102.60501
2013-07-24 5:00:00,92.368164
2013-07-24 6:00:00,86.26901
2013-07-24 7:00:00,79.37541
2013-07-24 8:00:00,72.608574
2013-07-24 9:00:00,77.10565
2013-07-25 0:00:00,29.541958
2013-07-25 10:00:00,30.22998
2013-07-25 11:00:00,33.619358
2013-07-25 12:00:00,36.111797
2013-07-25 13:00:00,35.61872
2013-07-25 14:00:00,36.231506
2013-07-25 15:00:00,36.7193
2013-07-25 16:00:00,39.66157
2013-07-25 17:00:00,42.58194
2013-07-25 18:00:00,46.97364
2013-07-25 19:00:00,57.43805
2013-07-25 1:00:00,30.402382
2013-07-25 20:00:00,72.47679
2013-07-25 21:00:00,70.86037
2013-07-25 22:00:00,68.59216
2013-07-25 23:00:00,59.22293
2013-07-25 2:00:00,29.150898
2013-07-25 3:00:00,29.059738
2013-07-25 4:00:00,28.506344
2013-07-25 5:00:00,28.401802
2013-07-25 6:00:00,28.283108
2013-07-25 7:00:00,28.372997
2013-07-25 8:00:00,28.476215
2013-07-25 9:00:00,28.473427
2013-07-26 0:00:00,57.90345
2013-07-26 10:00:00,157.31262
2013-07-26 11:00:00,155.92677
2013-07-26 12:00:00,149.97905
2013-07-26 13:00:00,153.05522
2013-07-26 14:00:00,116.548386
2013-07-26 15:00:00,90.975464
2013-07-26 16:00:00,84.2611
2013-07-26 17:00:00,66.52881
2013-07-26 18:00:00,57.199326
2013-07-26 19:00:00,53.808525
2013-07-26 1:00:00,75.4583
2013-07-26 20:00:00,54.097584
2013-07-26 21:00:00,71.02469
2013-07-26 22:00:00,58.587788
2013-07-26 23:00:00,73.45744
2013-07-26 2:00:00,84.991585
2013-07-26 3:00:00,97.46144
2013-07-26 4:00:00,112.41901
2013-07-26 5:00:00,117.03078
2013-07-26 6:00:00,133.52849
2013-07-26 7:00:00,134.85295
2013-07-26 8:00:00,152.10185
2013-07-26 9:00:00,151.14339
2013-07-27 0:00:00,52.73594
2013-07-27 10:00:00,82.09819
2013-07-27 11:00:00,54.79791
2013-07-27 12:00:00,35.382607
2013-07-27 13:00:00,34.70991
2013-07-27 14:00:00,35.272842
2013-07-27 15:00:00,37.42328
2013-07-27 16:00:00,40.21039
2013-07-27 17:00:00,44.13846
2013-07-27 18:00:00,47.15435
2013-07-27 19:00:00,76.87204
2013-07-27 1:00:00,41.870644
2013-07-27 20:00:00,86.51633
2013-07-27 21:00:00,93.111206
2013-07-27 22:00:00,98.106705
2013-07-27 23:00:00,110.62752
2013-07-27 2:00:00,65.372025
2013-07-27 3:00:00,57.22053
2013-07-27 4:00:00,52.625053
2013-07-27 5:00:00,35.68238
2013-07-27 6:00:00,34.328957
2013-07-27 7:00:00,35.33374
2013-07-27 8:00:00,57.19017
2013-07-27 9:00:00,81.4122
2013-07-28 0:00:00,112.698746
2013-07-28 10:00:00,57.9823
2013-07-28 11:00:00,64.48965
2013-07-28 12:00:00,43.156334
2013-07-28 13:00:00,34.134907
2013-07-28 14:00:00,40.243675
2013-07-28 15:00:00,34.18875
2013-07-28 16:00:00,31.650425
2013-07-28 17:00:00,31.210358
2013-07-28 18:00:00,36.856216
2013-07-28 19:00:00,37.954445
2013-07-28 1:00:00,138.50623
2013-07-28 20:00:00,43.456253
2013-07-28 21:00:00,54.86786
2013-07-28 22:00:00,47.80464
2013-07-28 23:00:00,61.487423
2013-07-28 2:00:00,80.925575
2013-07-28 3:00:00,95.76997
2013-07-28 4:00:00,82.34285
2013-07-28 5:00:00,64.316284
2013-07-28 6:00:00,62.872055
2013-07-28 7:00:00,56.760216
2013-07-28 8:00:00,52.505356
2013-07-28 9:00:00,70.93894
2013-07-29 0:00:00,78.372025
2013-07-29 10:00:00,153.94444
2013-07-29 11:00:00,138.36313
2013-07-29 12:00:00,100.06729
2013-07-29 13:00:00,113.59154
2013-07-29 14:00:00,99.98754
2013-07-29 15:00:00,143.43172
2013-07-29 16:00:00,174.33961
2013-07-29 17:00:00,183.30304
2013-07-29 18:00:00,191.29794
2013-07-29 19:00:00,203.34203
2013-07-29 1:00:00,82.85179
2013-07-29 20:00:00,198.69902
2013-07-29 21:00:00,199.37985
2013-07-29 22:00:00,185.44437
2013-07-29 23:00:00,152.48753
2013-07-29 2:00:00,87.92032
2013-07-29 3:00:00,97.75708
2013-07-29 4:00:00,104.95137
2013-07-29 5:00:00,109.572136
2013-07-29 6:00:00,115.43805
2013-07-29 7:00:00,129.95146
2013-07-29 8:00:00,136.43877
2013-07-29 9:00:00,145.891
2013-07-30 0:00:00,124.33644
2013-07-30 10:00:00,185.14464
2013-07-30 11:00:00,188.8819
2013-07-30 12:00:00,186.25162
2013-07-30 13:00:00,215.81297
2013-07-30 14:00:00,197.98497
2013-07-30 15:00:00,211.95186
2013-07-30 16:00:00,200.74315
2013-07-30 17:00:00,201.08118
2013-07-30 18:00:00,202.15306
2013-07-30 19:00:00,184.89769
2013-07-30 1:00:00,148.5526
2013-07-30 20:00:00,174.71078
2013-07-30 21:00:00,156.73576
2013-07-30 22:00:00,155.77032
2013-07-30 23:00:00,159.24974
2013-07-30 2:00:00,186.64151
2013-07-30 3:00:00,182.08044
2013-07-30 4:00:00,195.27818
2013-07-30 5:00:00,204.3041
2013-07-30 6:00:00,207.07814
2013-07-30 7:00:00,209.28514
2013-07-30 8:00:00,213.59572
2013-07-30 9:00:00,182.69481
2013-07-31 0:00:00,81.7664
2013-07-31 10:00:00,96.43916
2013-07-31 11:00:00,104.39102
2013-07-31 12:00:00,104.86672
2013-07-31 13:00:00,96.09743
2013-07-31 14:00:00,103.51688
2013-07-31 15:00:00,109.485245
2013-07-31 16:00:00,106.62415
2013-07-31 17:00:00,106.22276
2013-07-31 18:00:00,106.83238
2013-07-31 19:00:00,139.7318
2013-07-31 1:00:00,65.77666
2013-07-31 20:00:00,91.92349
2013-07-31 21:00:00,64.85652
2013-07-31 22:00:00,70.98828
2013-07-31 23:00:00,78.221794
2013-07-31 2:00:00,47.123543
2013-07-31 3:00:00,41.50056
2013-07-31 4:00:00,47.888012
2013-07-31 5:00:00,44.43102
2013-07-31 6:00:00,45.14036
2013-07-31 7:00:00,64.081635
2013-07-31 8:00:00,82.828735
2013-07-31 9:00:00,81.670334
2013-08-01 0:00:00,68.227615
2013-08-01 10:00:00,45.426468
2013-08-01 11:00:00,47.12785
2013-08-01 12:00:00,48.920383
2013-08-01 13:00:00,54.400753
2013-08-01 14:00:00,52.538876
2013-08-01 15:00:00,61.75187
2013-08-01 16:00:00,61.04975
2013-08-01 17:00:00,50.452156
2013-08-01 18:00:00,50.123817
2013-08-01 19:00:00,70.64484
2013-08-01 1:00:00,60.037895
2013-08-01 20:00:00,90.965805
2013-08-01 21:00:00,112.09561
2013-08-01 22:00:00,113.233604
2013-08-01 23:00:00,96.91974
2013-08-01 2:00:00,62.823658
2013-08-01 3:00:00,74.0982
2013-08-01 4:00:00,57.426514
2013-08-01 5:00:00,78.53702
2013-08-01 6:00:00,67.63921
2013-08-01 7:00:00,52.140488
2013-08-01 8:00:00,37.657047
2013-08-01 9:00:00,32.48899
2013-08-02 0:00:00,102.919846
2013-08-02 10:00:00,81.6109
2013-08-02 11:00:00,88.58341
2013-08-02 12:00:00,94.11669
2013-08-02 13:00:00,90.188805
2013-08-02 14:00:00,100.217896
2013-08-02 15:00:00,101.7505
2013-08-02 16:00:00,90.55373
2013-08-02 17:00:00,90.78592
2013-08-02 18:00:00,59.821938
2013-08-02 19:00:00,73.91034
2013-08-02 1:00:00,106.928955
2013-08-02 20:00:00,78.26666
2013-08-02 21:00:00,61.13073
2013-08-02 22:00:00,51.68721
2013-08-02 23:00:00,41.535995
2013-08-02 2:00:00,113.30234
2013-08-02 3:00:00,103.01689
2013-08-02 4:00:00,109.083
2013-08-02 5:00:00,89.565765
2013-08-02 6:00:00,92.0164
2013-08-02 7:00:00,85.413376
2013-08-02 8:00:00,67.49512
2013-08-02 9:00:00,62.2132
2013-08-03 0:00:00,51.25125
2013-08-03 10:00:00,39.089226
2013-08-03 11:00:00,40.970356
2013-08-03 12:00:00,56.076347
2013-08-03 13:00:00,79.88316
2013-08-03 14:00:00,83.22862
2013-08-03 15:00:00,76.89957
2013-08-03 16:00:00,77.24944
2013-08-03 17:00:00,75.14224
2013-08-03 18:00:00,79.85651
2013-08-03 19:00:00,89.307465
2013-08-03 1:00:00,41.619198
2013-08-03 20:00:00,83.47272
2013-08-03 21:00:00,88.34987
2013-08-03 22:00:00,106.58672
2013-08-03 23:00:00,119.45182
2013-08-03 2:00:00,52.562634
2013-08-03 3:00:00,49.796524
2013-08-03 4:00:00,61.35834
2013-08-03 5:00:00,64.35779
2013-08-03 6:00:00,50.10098
2013-08-03 7:00:00,37.23271
2013-08-03 8:00:00,34.934677
2013-08-03 9:00:00,35.742622
2013-08-04 0:00:00,109.611336
2013-08-04 10:00:00,154.03036
2013-08-04 11:00:00,148.5366
2013-08-04 12:00:00,135.0349
2013-08-04 13:00:00,130.61751
2013-08-04 14:00:00,138.70256
2013-08-04 15:00:00,131.31522
2013-08-04 16:00:00,134.68172
2013-08-04 17:00:00,137.17854
2013-08-04 18:00:00,136.95522
2013-08-04 19:00:00,141.75613
2013-08-04 1:00:00,127.97117
2013-08-04 20:00:00,88.3461
2013-08-04 21:00:00,69.78723
2013-08-04 22:00:00,74.19013
2013-08-04 23:00:00,77.30905
2013-08-04 2:00:00,145.13794
2013-08-04 3:00:00,153.23744
2013-08-04 4:00:00,144.97948
2013-08-04 5:00:00,140.88799
2013-08-04 6:00:00,147.05217
2013-08-04 7:00:00,126.28381
2013-08-04 8:00:00,140.10109
2013-08-04 9:00:00,147.20589
2013-08-05 0:00:00,98.48674
2013-08-05 10:00:00,63.78037
2013-08-05 11:00:00,55.746002
2013-08-05 12:00:00,55.946484
2013-08-05 13:00:00,52.014732
2013-08-05 14:00:00,53.80783
2013-08-05 15:00:00,59.71344
2013-08-05 16:00:00,61.83544
2013-08-05 17:00:00,68.61862
2013-08-05 18:00:00,71.82847
2013-08-05 19:00:00,81.1517
2013-08-05 1:00:00,103.3043
2013-08-05 20:00:00,92.90639
2013-08-05 21:00:00,117.26956
2013-08-05 22:00:00,104.70469
2013-08-05 23:00:00,107.08995
2013-08-05 2:00:00,106.23358
2013-08-05 3:00:00,104.13818
2013-08-05 4:00:00,73.18978
2013-08-05 5:00:00,60.33772
2013-08-05 6:00:00,41.8881
2013-08-05 7:00:00,37.27424
2013-08-05 8:00:00,36.823616
2013-08-05 9:00:00,58.57689
2013-08-06 0:00:00,110.290955
2013-08-06 10:00:00,201.59248
2013-08-06 11:00:00,200.75525
2013-08-06 12:00:00,200.45668
2013-08-06 13:00:00,197.77972
2013-08-06 14:00:00,191.69142
2013-08-06 15:00:00,197.26286
2013-08-06 16:00:00,209.66881
2013-08-06 17:00:00,207.21866
2013-08-06 18:00:00,208.96721
2013-08-06 19:00:00,208.05217
2013-08-06 1:00:00,142.94211
2013-08-06 20:00:00,199.44048
2013-08-06 21:00:00,169.95995
2013-08-06 22:00:00,178.35881
2013-08-06 23:00:00,212.91698
2013-08-06 2:00:00,119.326904
2013-08-06 3:00:00,130.48465
2013-08-06 4:00:00,137.21126
2013-08-06 5:00:00,153.30533
2013-08-06 6:00:00,168.50502
2013-08-06 7:00:00,165.30537
2013-08-06 8:00:00,183.42729
2013-08-06 9:00:00,203.85448
2013-08-07 0:00:00,204.13231
2013-08-07 10:00:00,43.151176
2013-08-07 11:00:00,37.714474
2013-08-07 12:00:00,34.141495
2013-08-07 13:00:00,33.78743
2013-08-07 14:00:00,33.120045
2013-08-07 15:00:00,31.919033
2013-08-07 16:00:00,31.200085
2013-08-07 17:00:00,30.51072
2013-08-07 18:00:00,30.05835
2013-08-07 19:00:00,29.345688
2013-08-07 1:00:00,121.7827
2013-08-07 20:00:00,28.759403
2013-08-07 21:00:00,28.268085
2013-08-07 22:00:00,28.139969
2013-08-07 23:00:00,28.215034
2013-08-07 2:00:00,86.765945
2013-08-07 3:00:00,73.440025
2013-08-07 4:00:00,93.43671
2013-08-07 5:00:00,76.77098
2013-08-07 6:00:00,118.08688
2013-08-07 7:00:00,109.719284
2013-08-07 8:00:00,111.49129
2013-08-07 9:00:00,72.301125
2013-08-08 0:00:00,28.325535
2013-08-08 10:00:00,31.498787
2013-08-08 11:00:00,32.287434
2013-08-08 12:00:00,30.721199
2013-08-08 13:00:00,29.074406
2013-08-08 14:00:00,31.35011
2013-08-08 15:00:00,32.281277
2013-08-08 16:00:00,32.96547
2013-08-08 17:00:00,34.3832
2013-08-08 18:00:00,35.6204
2013-08-08 19:00:00,38.66825
2013-08-08 1:00:00,28.386662
2013-08-08 20:00:00,57.963097
2013-08-08 21:00:00,36.11274
2013-08-08 22:00:00,44.60998
2013-08-08 23:00:00,34.027252
2013-08-08 2:00:00,29.828526
2013-08-08 3:00:00,28.784203
2013-08-08 4:00:00,28.66808
2013-08-08 5:00:00,29.056038
2013-08-08 6:00:00,31.923386
2013-08-08 7:00:00,33.891273
2013-08-08 8:00:00,30.701664
2013-08-08 9:00:00,29.983627
2013-08-09 0:00:00,30.23795
2013-08-09 10:00:00,29.798206
2013-08-09 11:00:00,29.492924
2013-08-09 12:00:00,34.38602
2013-08-09 13:00:00,42.471523
2013-08-09 14:00:00,43.687088
2013-08-09 15:00:00,48.734985
2013-08-09 16:00:00,57.163765
2013-08-09 17:00:00,67.84909
2013-08-09 18:00:00,55.478928
2013-08-09 19:00:00,55.72344
2013-08-09 1:00:00,33.062454
2013-08-09 20:00:00,69.93296
2013-08-09 21:00:00,81.03667
2013-08-09 22:00:00,71.78412
2013-08-09 23:00:00,72.98369
2013-08-09 2:00:00,35.897682
2013-08-09 3:00:00,35.138065
2013-08-09 4:00:00,34.49646
2013-08-09 5:00:00,34.498154
2013-08-09 6:00:00,32.398544
2013-08-09 7:00:00,30.56126
2013-08-09 8:00:00,30.266277
2013-08-09 9:00:00,30.265621
2013-08-10 0:00:00,86.59407
2013-08-10 10:00:00,78.36514
2013-08-10 11:00:00,92.91107
2013-08-10 12:00:00,107.23459
2013-08-10 13:00:00,105.57657
2013-08-10 14:00:00,102.30628
2013-08-10 15:00:00,114.809296
2013-08-10 16:00:00,108.47398
2013-08-10 17:00:00,108.5358
2013-08-10 18:00:00,105.71971
2013-08-10 19:00:00,98.39213
2013-08-10 1:00:00,87.28113
2013-08-10 20:00:00,93.8762
2013-08-10 21:00:00,115.511826
2013-08-10 22:00:00,118.75676
2013-08-10 23:00:00,105.62422
2013-08-10 2:00:00,45.29908
2013-08-10 3:00:00,36.196953
2013-08-10 4:00:00,36.79206
2013-08-10 5:00:00,35.24059
2013-08-10 6:00:00,41.43446
2013-08-10 7:00:00,66.209564
2013-08-10 8:00:00,55.546097
2013-08-10 9:00:00,77.14739
2013-08-11 0:00:00,111.6237
2013-08-11 10:00:00,137.92023
2013-08-11 11:00:00,119.344666
2013-08-11 12:00:00,134.42209
2013-08-11 13:00:00,144.6144
2013-08-11 14:00:00,129.21715
2013-08-11 15:00:00,130.03976
2013-08-11 16:00:00,126.92767
2013-08-11 17:00:00,143.93324
2013-08-11 18:00:00,100.98349
2013-08-11 19:00:00,88.3344
2013-08-11 1:00:00,135.24391
2013-08-11 20:00:00,102.506004
2013-08-11 21:00:00,86.01889
2013-08-11 22:00:00,98.959526
2013-08-11 23:00:00,102.42589
2013-08-11 2:00:00,150.48462
2013-08-11 3:00:00,151.44655
2013-08-11 4:00:00,160.91603
2013-08-11 5:00:00,167.36201
2013-08-11 6:00:00,164.11058
2013-08-11 7:00:00,167.4334
2013-08-11 8:00:00,172.80246
2013-08-11 9:00:00,108.97048
2013-08-12 0:00:00,102.86849
2013-08-12 10:00:00,105.111725
2013-08-12 11:00:00,106.99086
2013-08-12 12:00:00,110.29938
2013-08-12 13:00:00,121.712036
2013-08-12 14:00:00,115.79832
2013-08-12 15:00:00,131.0905
2013-08-12 16:00:00,126.84111
2013-08-12 17:00:00,121.600876
2013-08-12 18:00:00,127.12555
2013-08-12 19:00:00,129.6151
2013-08-12 1:00:00,105.48659
2013-08-12 20:00:00,125.12442
2013-08-12 21:00:00,127.16169
2013-08-12 22:00:00,140.18018
2013-08-12 23:00:00,142.13516
2013-08-12 2:00:00,104.53938
2013-08-12 3:00:00,106.00088
2013-08-12 4:00:00,107.05462
2013-08-12 5:00:00,101.02413
2013-08-12 6:00:00,100.92456
2013-08-12 7:00:00,102.64206
2013-08-12 8:00:00,99.94993
2013-08-12 9:00:00,105.00569
2013-08-13 0:00:00,147.58289
2013-08-13 10:00:00,146.46883
2013-08-13 11:00:00,147.8993
2013-08-13 12:00:00,150.93365
2013-08-13 13:00:00,165.69893
2013-08-13 14:00:00,184.67528
2013-08-13 15:00:00,191.09651
2013-08-13 16:00:00,194.15196
2013-08-13 17:00:00,186.54799
2013-08-13 18:00:00,165.9753
2013-08-13 19:00:00,157.80067
2013-08-13 1:00:00,145.63826
2013-08-13 20:00:00,136.57845
2013-08-13 21:00:00,139.34224
2013-08-13 22:00:00,144.62057
2013-08-13 23:00:00,122.55599
2013-08-13 2:00:00,144.42278
2013-08-13 3:00:00,141.55652
2013-08-13 4:00:00,138.33722
2013-08-13 5:00:00,136.84431
2013-08-13 6:00:00,133.8381
2013-08-13 7:00:00,130.933
2013-08-13 8:00:00,135.19765
2013-08-13 9:00:00,140.87592
2013-08-14 0:00:00,136.65205
2013-08-14 10:00:00,159.41656
2013-08-14 11:00:00,157.0172
2013-08-14 12:00:00,137.0943
2013-08-14 13:00:00,133.62971
2013-08-14 14:00:00,129.29555
2013-08-14 15:00:00,124.65794
2013-08-14 16:00:00,120.75281
2013-08-14 17:00:00,118.06386
2013-08-14 18:00:00,122.6435
2013-08-14 19:00:00,115.644615
2013-08-14 1:00:00,129.84534
2013-08-14 20:00:00,121.7514
2013-08-14 21:00:00,131.32042
2013-08-14 22:00:00,150.76796
2013-08-14 23:00:00,129.12454
2013-08-14 2:00:00,141.14493
2013-08-14 3:00:00,143.61699
2013-08-14 4:00:00,156.08244
2013-08-14 5:00:00,124.613235
2013-08-14 6:00:00,132.36263
2013-08-14 7:00:00,116.38745
2013-08-14 8:00:00,124.165344
2013-08-14 9:00:00,146.6979
2013-08-15 0:00:00,132.06078
2013-08-15 10:00:00,145.2068
2013-08-15 11:00:00,154.44203
2013-08-15 12:00:00,157.35573
2013-08-15 13:00:00,158.80396
2013-08-15 14:00:00,160.69312
2013-08-15 15:00:00,171.43477
2013-08-15 16:00:00,163.08948
2013-08-15 17:00:00,157.0502
2013-08-15 18:00:00,142.63548
2013-08-15 19:00:00,137.94191
2013-08-15 1:00:00,138.99434
2013-08-15 20:00:00,143.80469
2013-08-15 21:00:00,147.68022
2013-08-15 22:00:00,152.43147
2013-08-15 23:00:00,158.53441
2013-08-15 2:00:00,144.67963
2013-08-15 3:00:00,136.97394
2013-08-15 4:00:00,136.09215
2013-08-15 5:00:00,142.00003
2013-08-15 6:00:00,152.43733
2013-08-15 7:00:00,149.56828
2013-08-15 8:00:00,154.4695
2013-08-15 9:00:00,145.01518
2013-08-16 0:00:00,159.52043
2013-08-16 10:00:00,159.26855
2013-08-16 11:00:00,161.18007
2013-08-16 12:00:00,164.07954
2013-08-16 13:00:00,166.91438
2013-08-16 14:00:00,186.59685
2013-08-16 15:00:00,188.04494
2013-08-16 16:00:00,210.85269
2013-08-16 17:00:00,202.15065
2013-08-16 18:00:00,207.8522
2013-08-16 19:00:00,169.72417
2013-08-16 1:00:00,161.5746
2013-08-16 20:00:00,185.277
2013-08-16 21:00:00,191.11893
2013-08-16 22:00:00,199.18251
2013-08-16 23:00:00,197.38626
2013-08-16 2:00:00,158.51268
2013-08-16 3:00:00,161.74738
2013-08-16 4:00:00,170.42162
2013-08-16 5:00:00,180.74135
2013-08-16 6:00:00,194.01476
2013-08-16 7:00:00,193.25597
2013-08-16 8:00:00,204.30609
2013-08-16 9:00:00,195.16815
2013-08-17 0:00:00,203.04518
2013-08-17 10:00:00,33.01294
2013-08-17 11:00:00,32.46305
2013-08-17 12:00:00,31.547379
2013-08-17 13:00:00,31.843643
2013-08-17 14:00:00,31.502708
2013-08-17 15:00:00,32.323376
2013-08-17 16:00:00,31.570251
2013-08-17 17:00:00,30.909027
2013-08-17 18:00:00,30.968403
2013-08-17 19:00:00,31.389893
2013-08-17 1:00:00,152.28883
2013-08-17 20:00:00,31.368206
2013-08-17 21:00:00,31.157726
2013-08-17 22:00:00,29.715511
2013-08-17 23:00:00,28.904774
2013-08-17 2:00:00,146.61891
2013-08-17 3:00:00,160.5393
2013-08-17 4:00:00,101.27754
2013-08-17 5:00:00,56.13984
2013-08-17 6:00:00,52.674072
2013-08-17 7:00:00,44.425518
2013-08-17 8:00:00,38.685547
2013-08-17 9:00:00,35.83043
2013-08-18 0:00:00,31.714905
2013-08-18 10:00:00,29.05405
2013-08-18 11:00:00,28.778343
2013-08-18 12:00:00,29.277199
2013-08-18 13:00:00,28.841389
2013-08-18 14:00:00,29.400982
2013-08-18 15:00:00,30.012466
2013-08-18 16:00:00,31.797218
2013-08-18 17:00:00,32.36555
2013-08-18 18:00:00,32.847332
2013-08-18 19:00:00,35.141403
2013-08-18 1:00:00,29.749214
2013-08-18 20:00:00,36.808537
2013-08-18 21:00:00,72.0328
2013-08-18 22:00:00,79.1438
2013-08-18 23:00:00,75.930786
2013-08-18 2:00:00,29.600922
2013-08-18 3:00:00,29.078506
2013-08-18 4:00:00,29.841782
2013-08-18 5:00:00,33.16076
2013-08-18 6:00:00,30.940823
2013-08-18 7:00:00,29.425484
2013-08-18 8:00:00,29.559906
2013-08-18 9:00:00,29.96696
2013-08-19 0:00:00,67.61495
2013-08-19 10:00:00,37.856804
2013-08-19 11:00:00,33.326
2013-08-19 12:00:00,46.369755
2013-08-19 13:00:00,47.729736
2013-08-19 14:00:00,73.57314
2013-08-19 15:00:00,90.42041
2013-08-19 16:00:00,83.71835
2013-08-19 17:00:00,92.244484
2013-08-19 18:00:00,103.70386
2013-08-19 19:00:00,98.72305
2013-08-19 1:00:00,66.54265
2013-08-19 20:00:00,79.77105
2013-08-19 21:00:00,75.77437
2013-08-19 22:00:00,82.68814
2013-08-19 23:00:00,85.21394
2013-08-19 2:00:00,64.174446
2013-08-19 3:00:00,58.00624
2013-08-19 4:00:00,65.03986
2013-08-19 5:00:00,59.282482
2013-08-19 6:00:00,68.62916
2013-08-19 7:00:00,68.82239
2013-08-19 8:00:00,56.31877
2013-08-19 9:00:00,36.941685
2013-08-20 0:00:00,89.96817
2013-08-20 10:00:00,154.64647
2013-08-20 11:00:00,156.48152
2013-08-20 12:00:00,153.40446
2013-08-20 13:00:00,150.43895
2013-08-20 14:00:00,120.00059
2013-08-20 15:00:00,109.75076
2013-08-20 16:00:00,100.74472
2013-08-20 17:00:00,96.99353
2013-08-20 18:00:00,91.02816
2013-08-20 19:00:00,75.51856
2013-08-20 1:00:00,95.54079
2013-08-20 20:00:00,82.745926
2013-08-20 21:00:00,72.90866
2013-08-20 22:00:00,43.667885
2013-08-20 23:00:00,80.13383
2013-08-20 2:00:00,102.51201
2013-08-20 3:00:00,113.058945
2013-08-20 4:00:00,126.34645
2013-08-20 5:00:00,148.5926
2013-08-20 6:00:00,144.42024
2013-08-20 7:00:00,146.51376
2013-08-20 8:00:00,162.40898
2013-08-20 9:00:00,155.49034
2013-08-21 0:00:00,46.566727
2013-08-21 10:00:00,81.78799
2013-08-21 11:00:00,80.873505
2013-08-21 12:00:00,77.67145
2013-08-21 13:00:00,73.06755
2013-08-21 14:00:00,71.65372
2013-08-21 15:00:00,73.61129
2013-08-21 16:00:00,79.368286
2013-08-21 17:00:00,80.43644
2013-08-21 18:00:00,85.197235
2013-08-21 19:00:00,95.479935
2013-08-21 1:00:00,82.92669
2013-08-21 20:00:00,97.18486
2013-08-21 21:00:00,107.64432
2013-08-21 22:00:00,114.37745
2013-08-21 23:00:00,113.73083
2013-08-21 2:00:00,56.353317
2013-08-21 3:00:00,71.729805
2013-08-21 4:00:00,77.16852
2013-08-21 5:00:00,62.452065
2013-08-21 6:00:00,54.331398
2013-08-21 7:00:00,83.41226
2013-08-21 8:00:00,84.091385
2013-08-21 9:00:00,84.778175
2013-08-22 0:00:00,124.19651
2013-08-22 10:00:00,85.91666
2013-08-22 11:00:00,74.787415
2013-08-22 12:00:00,67.01747
2013-08-22 13:00:00,63.08106
2013-08-22 14:00:00,80.392006
2013-08-22 15:00:00,78.770454
2013-08-22 16:00:00,88.99744
2013-08-22 17:00:00,90.50514
2013-08-22 18:00:00,90.56487
2013-08-22 19:00:00,96.88702
2013-08-22 1:00:00,118.60132
2013-08-22 20:00:00,80.28077
2013-08-22 21:00:00,90.57131
2013-08-22 22:00:00,84.44396
2013-08-22 23:00:00,90.87622
2013-08-22 2:00:00,120.83286
2013-08-22 3:00:00,94.52663
2013-08-22 4:00:00,75.78441
2013-08-22 5:00:00,96.07913
2013-08-22 6:00:00,86.6741
2013-08-22 7:00:00,97.40191
2013-08-22 8:00:00,86.75006
2013-08-22 9:00:00,69.65075
2013-08-23 0:00:00,76.837494
2013-08-23 10:00:00,35.519367
2013-08-23 11:00:00,32.162285
2013-08-23 12:00:00,30.323624
2013-08-23 13:00:00,30.259151
2013-08-23 14:00:00,30.866047
2013-08-23 15:00:00,31.961792
2013-08-23 16:00:00,31.598648
2013-08-23 17:00:00,34.60862
2013-08-23 18:00:00,37.39623
2013-08-23 19:00:00,58.09713
2013-08-23 1:00:00,73.11644
2013-08-23 20:00:00,60.183395
2013-08-23 21:00:00,67.98588
2013-08-23 22:00:00,70.13645
2013-08-23 23:00:00,79.31793
2013-08-23 2:00:00,80.16739
2013-08-23 3:00:00,67.75597
2013-08-23 4:00:00,66.557846
2013-08-23 5:00:00,63.672424
2013-08-23 6:00:00,59.63702
2013-08-23 7:00:00,52.02234
2013-08-23 8:00:00,44.174595
2013-08-23 9:00:00,40.54499
2013-08-24 0:00:00,76.90556
2013-08-24 10:00:00,47.090286
2013-08-24 11:00:00,44.713444
2013-08-24 12:00:00,66.48468
2013-08-24 13:00:00,47.771225
2013-08-24 14:00:00,35.700222
2013-08-24 15:00:00,36.77548
2013-08-24 16:00:00,85.596565
2013-08-24 17:00:00,66.08049
2013-08-24 18:00:00,67.40317
2013-08-24 19:00:00,83.73009
2013-08-24 1:00:00,74.397896
2013-08-24 20:00:00,87.133766
2013-08-24 21:00:00,90.203674
2013-08-24 22:00:00,99.390884
2013-08-24 23:00:00,105.07685
2013-08-24 2:00:00,83.0723
2013-08-24 3:00:00,75.94336
2013-08-24 4:00:00,69.733505
2013-08-24 5:00:00,71.474724
2013-08-24 6:00:00,66.55445
2013-08-24 7:00:00,64.231575
2013-08-24 8:00:00,59.091675
2013-08-24 9:00:00,52.266113
2013-08-25 0:00:00,95.232315
2013-08-25 10:00:00,81.41745
2013-08-25 11:00:00,95.506996
2013-08-25 12:00:00,101.75896
2013-08-25 13:00:00,96.26987
2013-08-25 14:00:00,102.719666
2013-08-25 15:00:00,107.74605
2013-08-25 16:00:00,118.08466
2013-08-25 17:00:00,99.211395
2013-08-25 18:00:00,96.252625
2013-08-25 19:00:00,109.91074
2013-08-25 1:00:00,93.4648
2013-08-25 20:00:00,101.278824
2013-08-25 21:00:00,92.35031
2013-08-25 22:00:00,93.226074
2013-08-25 23:00:00,91.95906
2013-08-25 2:00:00,88.20941
2013-08-25 3:00:00,83.722046
2013-08-25 4:00:00,81.42813
2013-08-25 5:00:00,79.94214
2013-08-25 6:00:00,77.80998
2013-08-25 7:00:00,74.39131
2013-08-25 8:00:00,80.80301
2013-08-25 9:00:00,70.11671
2013-08-26 0:00:00,96.8324
2013-08-26 10:00:00,61.904476
2013-08-26 11:00:00,59.48358
2013-08-26 12:00:00,86.428635
2013-08-26 13:00:00,94.05005
2013-08-26 14:00:00,93.65918
2013-08-26 15:00:00,89.95732
2013-08-26 16:00:00,95.1266
2013-08-26 17:00:00,99.24887
2013-08-26 18:00:00,107.788605
2013-08-26 19:00:00,103.73932
2013-08-26 1:00:00,126.4559
2013-08-26 20:00:00,99.38699
2013-08-26 21:00:00,93.0941
2013-08-26 22:00:00,91.77535
2013-08-26 23:00:00,90.64073
2013-08-26 2:00:00,126.42369
2013-08-26 3:00:00,111.10127
2013-08-26 4:00:00,111.947876
2013-08-26 5:00:00,101.67793
2013-08-26 6:00:00,91.87613
2013-08-26 7:00:00,89.564224
2013-08-26 8:00:00,72.80007
2013-08-26 9:00:00,73.81458
2013-08-27 0:00:00,87.48685
2013-08-27 10:00:00,150.04874
2013-08-27 11:00:00,154.38387
2013-08-27 12:00:00,161.18648
2013-08-27 13:00:00,131.27489
2013-08-27 14:00:00,122.94945
2013-08-27 15:00:00,133.70207
2013-08-27 16:00:00,134.40364
2013-08-27 17:00:00,127.35464
2013-08-27 18:00:00,126.01478
2013-08-27 19:00:00,123.76515
2013-08-27 1:00:00,98.03871
2013-08-27 20:00:00,120.37605
2013-08-27 21:00:00,121.08065
2013-08-27 22:00:00,120.064644
2013-08-27 23:00:00,119.90434
2013-08-27 2:00:00,99.83691
2013-08-27 3:00:00,108.07973
2013-08-27 4:00:00,117.32977
2013-08-27 5:00:00,121.03705
2013-08-27 6:00:00,125.55006
2013-08-27 7:00:00,130.05496
2013-08-27 8:00:00,133.92596
2013-08-27 9:00:00,140.62755
2013-08-28 0:00:00,119.914795
2013-08-28 10:00:00,151.7856
2013-08-28 11:00:00,171.05647
2013-08-28 12:00:00,145.00792
2013-08-28 13:00:00,149.16005
2013-08-28 14:00:00,145.75368
2013-08-28 15:00:00,146.90137
2013-08-28 16:00:00,144.25423
2013-08-28 17:00:00,142.15701
2013-08-28 18:00:00,136.98454
2013-08-28 19:00:00,130.27605
2013-08-28 1:00:00,120.72263
2013-08-28 20:00:00,128.37482
2013-08-28 21:00:00,144.58847
2013-08-28 22:00:00,146.9425
2013-08-28 23:00:00,155.69826
2013-08-28 2:00:00,122.11116
2013-08-28 3:00:00,124.12077
2013-08-28 4:00:00,127.15562
2013-08-28 5:00:00,128.78421
2013-08-28 6:00:00,130.52481
2013-08-28 7:00:00,132.63371
2013-08-28 8:00:00,134.3221
2013-08-28 9:00:00,145.60133
2013-08-29 0:00:00,162.92918
2013-08-29 10:00:00,37.768085
2013-08-29 11:00:00,36.27358
2013-08-29 12:00:00,42.48215
2013-08-29 13:00:00,48.318222
2013-08-29 14:00:00,45.92032
2013-08-29 15:00:00,44.256565
2013-08-29 16:00:00,43.99153
2013-08-29 17:00:00,43.899113
2013-08-29 18:00:00,44.43207
2013-08-29 19:00:00,44.805935
2013-08-29 1:00:00,185.32704
2013-08-29 20:00:00,46.54757
2013-08-29 21:00:00,46.03058
2013-08-29 22:00:00,42.909126
2013-08-29 23:00:00,31.546707
2013-08-29 2:00:00,182.47319
2013-08-29 3:00:00,126.39928
2013-08-29 4:00:00,156.3549
2013-08-29 5:00:00,100.69919
2013-08-29 6:00:00,60.947292
2013-08-29 7:00:00,50.16625
2013-08-29 8:00:00,41.275124
2013-08-29 9:00:00,38.831062
2013-08-30 0:00:00,30.667625
2013-08-30 10:00:00,28.038033
2013-08-30 11:00:00,27.636116
2013-08-30 12:00:00,27.240467
2013-08-30 13:00:00,26.937637
2013-08-30 14:00:00,26.848652
2013-08-30 15:00:00,28.720024
2013-08-30 16:00:00,28.309772
2013-08-30 17:00:00,30.406925
2013-08-30 18:00:00,31.72839
2013-08-30 19:00:00,32.24574
2013-08-30 1:00:00,30.313103
2013-08-30 20:00:00,32.677128
2013-08-30 21:00:00,32.995346
2013-08-30 22:00:00,60.18139
2013-08-30 23:00:00,73.159805
2013-08-30 2:00:00,29.654758
2013-08-30 3:00:00,28.849102
2013-08-30 4:00:00,28.935982
2013-08-30 5:00:00,29.433357
2013-08-30 6:00:00,29.446522
2013-08-30 7:00:00,29.226734
2013-08-30 8:00:00,28.72771
2013-08-30 9:00:00,28.307854
2013-08-31 0:00:00,74.483795
2013-08-31 10:00:00,41.943962
2013-08-31 11:00:00,39.888447
2013-08-31 12:00:00,31.875088
2013-08-31 13:00:00,40.312733
2013-08-31 14:00:00,28.434238
2013-08-31 15:00:00,54.225555
2013-08-31 16:00:00,32.715683
2013-08-31 17:00:00,47.43369
2013-08-31 18:00:00,65.10703
2013-08-31 19:00:00,86.01851
2013-08-31 1:00:00,47.975815
2013-08-31 20:00:00,94.8768
2013-08-31 21:00:00,90.59331
2013-08-31 22:00:00,81.4998
2013-08-31 23:00:00,74.71106
2013-08-31 2:00:00,59.35433
2013-08-31 3:00:00,57.77919
2013-08-31 4:00:00,57.896824
2013-08-31 5:00:00,57.570694
2013-08-31 6:00:00,57.79284
2013-08-31 7:00:00,57.969765
2013-08-31 8:00:00,55.630043
2013-08-31 9:00:00,34.17743
2013-09-01 0:00:00,73.683044
2013-09-01 10:00:00,191.74171
2013-09-01 11:00:00,168.48898
2013-09-01 12:00:00,169.33409
2013-09-01 13:00:00,172.53665
2013-09-01 14:00:00,160.25282
2013-09-01 15:00:00,158.15797
2013-09-01 16:00:00,151.2853
2013-09-01 17:00:00,226.3973
2013-09-01 18:00:00,240.89168
2013-09-01 19:00:00,154.49104
2013-09-01 1:00:00,73.57125
2013-09-01 20:00:00,133.07707
2013-09-01 21:00:00,163.68535
2013-09-01 22:00:00,155.24318
2013-09-01 23:00:00,178.65714
2013-09-01 2:00:00,82.69537
2013-09-01 3:00:00,95.746414
2013-09-01 4:00:00,103.6103
2013-09-01 5:00:00,94.78978
2013-09-01 6:00:00,84.78374
2013-09-01 7:00:00,82.20757
2013-09-01 8:00:00,110.3165
2013-09-01 9:00:00,175.83047
2013-09-02 0:00:00,255.85674
2013-09-02 10:00:00,90.3924
2013-09-02 11:00:00,179.48912
2013-09-02 12:00:00,159.2902
2013-09-02 13:00:00,217.49745
2013-09-02 14:00:00,158.26869
2013-09-02 15:00:00,230.40303
2013-09-02 16:00:00,156.93178
2013-09-02 17:00:00,120.30222
2013-09-02 18:00:00,99.149376
2013-09-02 19:00:00,99.72065
2013-09-02 1:00:00,111.60449
2013-09-02 20:00:00,128.43663
2013-09-02 21:00:00,194.34128
2013-09-02 22:00:00,146.16225
2013-09-02 23:00:00,132.99681
2013-09-02 2:00:00,99.57088
2013-09-02 3:00:00,95.49839
2013-09-02 4:00:00,93.128876
2013-09-02 5:00:00,93.080246
2013-09-02 6:00:00,82.55194
2013-09-02 7:00:00,96.01834
2013-09-02 8:00:00,118.535
2013-09-02 9:00:00,110.26677
2013-09-03 0:00:00,131.2223
2013-09-03 10:00:00,152.20074
2013-09-03 11:00:00,154.77406
2013-09-03 12:00:00,155.596
2013-09-03 13:00:00,171.32741
2013-09-03 14:00:00,173.47256
2013-09-03 15:00:00,197.33186
2013-09-03 16:00:00,225.78636
2013-09-03 17:00:00,240.46242
2013-09-03 18:00:00,200.96126
2013-09-03 19:00:00,187.56114
2013-09-03 1:00:00,142.38185
2013-09-03 20:00:00,210.40544
2013-09-03 21:00:00,179.06003
2013-09-03 22:00:00,151.32697
2013-09-03 23:00:00,137.99109
2013-09-03 2:00:00,140.5398
2013-09-03 3:00:00,144.32121
2013-09-03 4:00:00,145.89214
2013-09-03 5:00:00,137.46834
2013-09-03 6:00:00,153.27243
2013-09-03 7:00:00,130.89883
2013-09-03 8:00:00,131.5284
2013-09-03 9:00:00,136.22934
2013-09-04 0:00:00,150.56622
2013-09-04 10:00:00,133.97218
2013-09-04 11:00:00,142.74947
2013-09-04 12:00:00,136.97066
2013-09-04 13:00:00,138.75536
2013-09-04 14:00:00,135.95805
2013-09-04 15:00:00,144.95085
2013-09-04 16:00:00,140.80371
2013-09-04 17:00:00,130.98224
2013-09-04 18:00:00,129.88887
2013-09-04 19:00:00,130.46962
2013-09-04 1:00:00,142.7074
2013-09-04 20:00:00,133.26125
2013-09-04 21:00:00,136.43129
2013-09-04 22:00:00,133.10463
2013-09-04 23:00:00,116.595
2013-09-04 2:00:00,136.01605
2013-09-04 3:00:00,132.76244
2013-09-04 4:00:00,108.82945
2013-09-04 5:00:00,119.14125
2013-09-04 6:00:00,118.16124
2013-09-04 7:00:00,123.58016
2013-09-04 8:00:00,130.92125
2013-09-04 9:00:00,138.5818
2013-09-05 0:00:00,101.10199
2013-09-05 10:00:00,30.975239
2013-09-05 11:00:00,31.04068
2013-09-05 12:00:00,39.285645
2013-09-05 13:00:00,41.37764
2013-09-05 14:00:00,74.98651
2013-09-05 15:00:00,91.71241
2013-09-05 16:00:00,97.59094
2013-09-05 17:00:00,107.225174
2013-09-05 18:00:00,99.263954
2013-09-05 19:00:00,82.474915
2013-09-05 1:00:00,92.98566
2013-09-05 20:00:00,74.033806
2013-09-05 21:00:00,73.72305
2013-09-05 22:00:00,74.65955
2013-09-05 23:00:00,76.77258
2013-09-05 2:00:00,80.32465
2013-09-05 3:00:00,77.31656
2013-09-05 4:00:00,96.85296
2013-09-05 5:00:00,96.36209
2013-09-05 6:00:00,78.57923
2013-09-05 7:00:00,78.683395
2013-09-05 8:00:00,46.394543
2013-09-05 9:00:00,55.572224
2013-09-06 0:00:00,85.68477
2013-09-06 10:00:00,140.83363
2013-09-06 11:00:00,139.18245
2013-09-06 12:00:00,137.65501
2013-09-06 13:00:00,134.27217
2013-09-06 14:00:00,138.32649
2013-09-06 15:00:00,130.66577
2013-09-06 16:00:00,114.12294
2013-09-06 17:00:00,115.9072
2013-09-06 18:00:00,123.32302
2013-09-06 19:00:00,125.60359
2013-09-06 1:00:00,91.20317
2013-09-06 20:00:00,127.68356
2013-09-06 21:00:00,124.50087
2013-09-06 22:00:00,134.13538
2013-09-06 23:00:00,136.9261
2013-09-06 2:00:00,104.67026
2013-09-06 3:00:00,98.59611
2013-09-06 4:00:00,105.275024
2013-09-06 5:00:00,99.09302
2013-09-06 6:00:00,102.22898
2013-09-06 7:00:00,130.52962
2013-09-06 8:00:00,129.49583
2013-09-06 9:00:00,134.30127
2013-09-07 0:00:00,143.92326
2013-09-07 10:00:00,100.869095
2013-09-07 11:00:00,103.25868
2013-09-07 12:00:00,119.632164
2013-09-07 13:00:00,158.15355
2013-09-07 14:00:00,146.42735
2013-09-07 15:00:00,182.17429
2013-09-07 16:00:00,129.48506
2013-09-07 17:00:00,99.33731
2013-09-07 18:00:00,115.27673
2013-09-07 19:00:00,154.11852
2013-09-07 1:00:00,140.01828
2013-09-07 20:00:00,153.41997
2013-09-07 21:00:00,204.48882
2013-09-07 22:00:00,238.09676
2013-09-07 23:00:00,210.2548
2013-09-07 2:00:00,142.20767
2013-09-07 3:00:00,146.6436
2013-09-07 4:00:00,142.62325
2013-09-07 5:00:00,145.43623
2013-09-07 6:00:00,138.25038
2013-09-07 7:00:00,135.95497
2013-09-07 8:00:00,124.74574
2013-09-07 9:00:00,106.78022
2013-09-08 0:00:00,174.6631
2013-09-08 10:00:00,209.21971
2013-09-08 11:00:00,247.06871
2013-09-08 12:00:00,305.69925
2013-09-08 13:00:00,288.70285
2013-09-08 14:00:00,312.34982
2013-09-08 15:00:00,247.40417
2013-09-08 16:00:00,317.9075
2013-09-08 17:00:00,321.81485
2013-09-08 18:00:00,334.9814
2013-09-08 19:00:00,339.28137
2013-09-08 1:00:00,192.83028
2013-09-08 20:00:00,330.69308
2013-09-08 21:00:00,339.88986
2013-09-08 22:00:00,264.40326
2013-09-08 23:00:00,290.6508
2013-09-08 2:00:00,138.05061
2013-09-08 3:00:00,134.46098
2013-09-08 4:00:00,110.94704
2013-09-08 5:00:00,106.54637
2013-09-08 6:00:00,102.081924
2013-09-08 7:00:00,100.47172
2013-09-08 8:00:00,100.92766
2013-09-08 9:00:00,115.26183
2013-09-09 0:00:00,311.57983
2013-09-09 10:00:00,347.98157
2013-09-09 11:00:00,291.00986
2013-09-09 12:00:00,252.51729
2013-09-09 13:00:00,148.43785
2013-09-09 14:00:00,136.4092
2013-09-09 15:00:00,127.3185
2013-09-09 16:00:00,123.23332
2013-09-09 17:00:00,131.76515
2013-09-09 18:00:00,125.8813
2013-09-09 19:00:00,130.91542
2013-09-09 1:00:00,318.79684
2013-09-09 20:00:00,128.48393
2013-09-09 21:00:00,124.14562
2013-09-09 22:00:00,133.9131
2013-09-09 23:00:00,130.63145
2013-09-09 2:00:00,326.17667
2013-09-09 3:00:00,319.2253
2013-09-09 4:00:00,300.5184
2013-09-09 5:00:00,348.68283
2013-09-09 6:00:00,332.253
2013-09-09 7:00:00,364.64908
2013-09-09 8:00:00,361.8985
2013-09-09 9:00:00,353.3502
2013-09-10 0:00:00,131.1593
2013-09-10 10:00:00,103.33086
2013-09-10 11:00:00,86.14638
2013-09-10 12:00:00,71.901726
2013-09-10 13:00:00,63.411034
2013-09-10 14:00:00,56.736916
2013-09-10 15:00:00,50.94684
2013-09-10 16:00:00,42.588913
2013-09-10 17:00:00,37.45563
2013-09-10 18:00:00,35.554367
2013-09-10 19:00:00,57.998947
2013-09-10 1:00:00,128.40878
2013-09-10 20:00:00,63.123123
2013-09-10 21:00:00,76.36798
2013-09-10 22:00:00,84.57991
2013-09-10 23:00:00,76.58516
2013-09-10 2:00:00,132.38393
2013-09-10 3:00:00,140.2224
2013-09-10 4:00:00,144.83992
2013-09-10 5:00:00,139.6846
2013-09-10 6:00:00,140.4441
2013-09-10 7:00:00,140.09416
2013-09-10 8:00:00,121.29553
2013-09-10 9:00:00,106.21352
2013-09-11 0:00:00,84.54801
2013-09-11 10:00:00,54.659058
2013-09-11 11:00:00,63.155655
2013-09-11 12:00:00,101.0742
2013-09-11 13:00:00,101.818954
2013-09-11 14:00:00,94.65991
2013-09-11 15:00:00,101.8927
2013-09-11 16:00:00,96.13872
2013-09-11 17:00:00,103.515915
2013-09-11 18:00:00,146.37463
2013-09-11 19:00:00,140.69232
2013-09-11 1:00:00,105.30609
2013-09-11 20:00:00,132.28535
2013-09-11 21:00:00,132.60017
2013-09-11 22:00:00,128.92004
2013-09-11 23:00:00,125.94368
2013-09-11 2:00:00,115.43618
2013-09-11 3:00:00,90.17262
2013-09-11 4:00:00,77.8841
2013-09-11 5:00:00,65.15944
2013-09-11 6:00:00,59.71382
2013-09-11 7:00:00,60.355297
2013-09-11 8:00:00,57.774323
2013-09-11 9:00:00,53.182648
2013-09-12 0:00:00,118.87492
2013-09-12 10:00:00,137.46542
2013-09-12 11:00:00,137.14452
2013-09-12 12:00:00,140.62724
2013-09-12 13:00:00,132.72115
2013-09-12 14:00:00,123.1368
2013-09-12 15:00:00,119.94579
2013-09-12 16:00:00,101.59128
2013-09-12 17:00:00,93.05467
2013-09-12 18:00:00,99.742935
2013-09-12 19:00:00,104.773865
2013-09-12 1:00:00,109.21582
2013-09-12 20:00:00,110.09165
2013-09-12 21:00:00,113.61657
2013-09-12 22:00:00,119.00929
2013-09-12 23:00:00,112.665726
2013-09-12 2:00:00,98.27214
2013-09-12 3:00:00,100.90983
2013-09-12 4:00:00,108.30098
2013-09-12 5:00:00,121.227196
2013-09-12 6:00:00,130.91515
2013-09-12 7:00:00,127.248375
2013-09-12 8:00:00,137.7108
2013-09-12 9:00:00,140.1749
2013-09-13 0:00:00,113.03822
2013-09-13 10:00:00,128.43385
2013-09-13 11:00:00,131.39906
2013-09-13 12:00:00,124.73632
2013-09-13 13:00:00,130.41505
2013-09-13 14:00:00,133.8519
2013-09-13 15:00:00,124.876625
2013-09-13 16:00:00,129.19331
2013-09-13 17:00:00,146.87123
2013-09-13 18:00:00,142.93988
2013-09-13 19:00:00,142.57317
2013-09-13 1:00:00,116.368256
2013-09-13 20:00:00,112.82797
2013-09-13 21:00:00,120.44734
2013-09-13 22:00:00,106.95371
2013-09-13 23:00:00,103.052086
2013-09-13 2:00:00,125.25113
2013-09-13 3:00:00,119.945045
2013-09-13 4:00:00,141.08832
2013-09-13 5:00:00,143.45976
2013-09-13 6:00:00,141.12694
2013-09-13 7:00:00,141.04915
2013-09-13 8:00:00,138.18733
2013-09-13 9:00:00,134.46921
2013-09-14 0:00:00,94.421906
2013-09-14 10:00:00,66.12378
2013-09-14 11:00:00,56.45424
2013-09-14 12:00:00,67.43959
2013-09-14 13:00:00,46.42208
2013-09-14 14:00:00,34.25874
2013-09-14 15:00:00,31.221218
2013-09-14 16:00:00,32.617203
2013-09-14 17:00:00,28.7417
2013-09-14 18:00:00,29.79546
2013-09-14 19:00:00,30.501995
2013-09-14 1:00:00,106.10797
2013-09-14 20:00:00,31.480343
2013-09-14 21:00:00,31.139118
2013-09-14 22:00:00,30.112492
2013-09-14 23:00:00,29.181656
2013-09-14 2:00:00,100.53236
2013-09-14 3:00:00,93.958694
2013-09-14 4:00:00,102.612495
2013-09-14 5:00:00,90.17926
2013-09-14 6:00:00,76.93182
2013-09-14 7:00:00,72.9683
2013-09-14 8:00:00,64.67952
2013-09-14 9:00:00,60.77063
2013-09-15 0:00:00,28.639683
2013-09-15 10:00:00,33.285877
2013-09-15 11:00:00,33.376865
2013-09-15 12:00:00,34.213768
2013-09-15 13:00:00,34.312935
2013-09-15 14:00:00,42.104675
2013-09-15 15:00:00,49.68416
2013-09-15 16:00:00,58.536266
2013-09-15 17:00:00,61.09613
2013-09-15 18:00:00,65.822975
2013-09-15 19:00:00,70.85857
2013-09-15 1:00:00,28.751015
2013-09-15 20:00:00,74.86918
2013-09-15 21:00:00,83.58148
2013-09-15 22:00:00,95.475586
2013-09-15 23:00:00,103.12602
2013-09-15 2:00:00,28.560883
2013-09-15 3:00:00,29.548733
2013-09-15 4:00:00,28.722973
2013-09-15 5:00:00,28.596859
2013-09-15 6:00:00,28.469154
2013-09-15 7:00:00,29.50119
2013-09-15 8:00:00,29.87841
2013-09-15 9:00:00,29.807648
2013-09-16 0:00:00,117.76953
2013-09-16 10:00:00,170.56549
2013-09-16 11:00:00,173.34781
2013-09-16 12:00:00,167.10692
2013-09-16 13:00:00,177.85136
2013-09-16 14:00:00,174.8237
2013-09-16 15:00:00,189.03468
2013-09-16 16:00:00,144.18776
2013-09-16 17:00:00,142.74675
2013-09-16 18:00:00,164.23897
2013-09-16 19:00:00,176.36467
2013-09-16 1:00:00,130.02908
2013-09-16 20:00:00,232.13728
2013-09-16 21:00:00,235.56288
2013-09-16 22:00:00,220.48627
2013-09-16 23:00:00,161.18242
2013-09-16 2:00:00,138.00159
2013-09-16 3:00:00,148.87105
2013-09-16 4:00:00,136.3574
2013-09-16 5:00:00,156.94737
2013-09-16 6:00:00,151.65211
2013-09-16 7:00:00,162.29663
2013-09-16 8:00:00,161.58736
2013-09-16 9:00:00,168.27922
2013-09-17 0:00:00,158.62737
2013-09-17 10:00:00,124.39766
2013-09-17 11:00:00,128.7035
2013-09-17 12:00:00,111.15031
2013-09-17 13:00:00,100.736916
2013-09-17 14:00:00,137.26842
2013-09-17 15:00:00,168.67824
2013-09-17 16:00:00,142.39432
2013-09-17 17:00:00,126.24054
2013-09-17 18:00:00,121.909515
2013-09-17 19:00:00,122.16315
2013-09-17 1:00:00,146.79019
2013-09-17 20:00:00,151.21638
2013-09-17 21:00:00,240.74239
2013-09-17 22:00:00,177.6384
2013-09-17 23:00:00,311.40057
2013-09-17 2:00:00,153.21596
2013-09-17 3:00:00,162.48125
2013-09-17 4:00:00,140.49187
2013-09-17 5:00:00,124.70499
2013-09-17 6:00:00,132.54779
2013-09-17 7:00:00,126.97795
2013-09-17 8:00:00,125.19028
2013-09-17 9:00:00,117.896416
2013-09-18 0:00:00,137.89757
2013-09-18 10:00:00,149.1554
2013-09-18 11:00:00,122.13311
2013-09-18 12:00:00,131.38298
2013-09-18 13:00:00,135.45238
2013-09-18 14:00:00,163.28624
2013-09-18 15:00:00,165.6676
2013-09-18 16:00:00,204.94531
2013-09-18 17:00:00,229.08516
2013-09-18 18:00:00,282.05084
2013-09-18 19:00:00,264.9296
2013-09-18 1:00:00,87.56276
2013-09-18 20:00:00,171.52263
2013-09-18 21:00:00,127.30153
2013-09-18 22:00:00,113.626396
2013-09-18 23:00:00,118.5369
2013-09-18 2:00:00,81.3846
2013-09-18 3:00:00,74.79443
2013-09-18 4:00:00,82.22891
2013-09-18 5:00:00,78.44309
2013-09-18 6:00:00,92.489395
2013-09-18 7:00:00,137.41756
2013-09-18 8:00:00,132.74873
2013-09-18 9:00:00,190.39046
2013-09-19 0:00:00,124.83831
2013-09-19 10:00:00,108.14846
2013-09-19 11:00:00,116.58018
2013-09-19 12:00:00,116.15239
2013-09-19 13:00:00,122.2738
2013-09-19 14:00:00,126.4026
2013-09-19 15:00:00,127.44426
2013-09-19 16:00:00,117.42816
2013-09-19 17:00:00,135.1908
2013-09-19 18:00:00,130.33731
2013-09-19 19:00:00,145.57387
2013-09-19 1:00:00,119.247574
2013-09-19 20:00:00,153.11668
2013-09-19 21:00:00,161.85686
2013-09-19 22:00:00,168.24321
2013-09-19 23:00:00,162.51588
2013-09-19 2:00:00,128.61465
2013-09-19 3:00:00,140.6418
2013-09-19 4:00:00,141.64085
2013-09-19 5:00:00,139.52489
2013-09-19 6:00:00,119.615166
2013-09-19 7:00:00,99.06548
2013-09-19 8:00:00,108.2349
2013-09-19 9:00:00,112.057724
2013-09-20 0:00:00,156.57869
2013-09-20 10:00:00,34.223003
2013-09-20 11:00:00,32.898228
2013-09-20 12:00:00,30.40464
2013-09-20 13:00:00,30.91098
2013-09-20 14:00:00,39.98456
2013-09-20 15:00:00,47.95407
2013-09-20 16:00:00,57.500366
2013-09-20 17:00:00,77.53343
2013-09-20 18:00:00,86.42671
2013-09-20 19:00:00,92.47754
2013-09-20 1:00:00,121.57194
2013-09-20 20:00:00,94.40968
2013-09-20 21:00:00,85.84741
2013-09-20 22:00:00,90.30867
2013-09-20 23:00:00,86.13429
2013-09-20 2:00:00,108.720276
2013-09-20 3:00:00,90.708954
2013-09-20 4:00:00,87.43332
2013-09-20 5:00:00,79.02748
2013-09-20 6:00:00,70.46655
2013-09-20 7:00:00,68.08789
2013-09-20 8:00:00,67.57763
2013-09-20 9:00:00,36.89833
2013-09-21 0:00:00,89.37575
2013-09-21 10:00:00,112.047386
2013-09-21 11:00:00,145.51143
2013-09-21 12:00:00,156.8285
2013-09-21 13:00:00,163.70256
2013-09-21 14:00:00,154.1086
2013-09-21 15:00:00,129.7536
2013-09-21 16:00:00,121.305885
2013-09-21 17:00:00,120.30524
2013-09-21 18:00:00,128.16144
2013-09-21 19:00:00,120.89531
2013-09-21 1:00:00,100.582565
2013-09-21 20:00:00,106.26036
2013-09-21 21:00:00,101.21208
2013-09-21 22:00:00,102.33365
2013-09-21 23:00:00,117.96402
2013-09-21 2:00:00,101.77561
2013-09-21 3:00:00,98.135086
2013-09-21 4:00:00,104.74562
2013-09-21 5:00:00,98.49455
2013-09-21 6:00:00,100.594604
2013-09-21 7:00:00,93.50302
2013-09-21 8:00:00,71.66052
2013-09-21 9:00:00,84.78511
2013-09-22 0:00:00,128.94157
2013-09-22 10:00:00,135.23157
2013-09-22 11:00:00,153.35266
2013-09-22 12:00:00,149.18025
2013-09-22 13:00:00,156.16493
2013-09-22 14:00:00,159.47426
2013-09-22 15:00:00,174.13481
2013-09-22 16:00:00,180.93599
2013-09-22 17:00:00,180.54428
2013-09-22 18:00:00,199.3962
2013-09-22 19:00:00,243.1792
2013-09-22 1:00:00,122.55505
2013-09-22 20:00:00,226.0305
2013-09-22 21:00:00,270.34058
2013-09-22 22:00:00,366.86642
2013-09-22 23:00:00,358.50638
2013-09-22 2:00:00,126.28563
2013-09-22 3:00:00,128.35399
2013-09-22 4:00:00,133.2277
2013-09-22 5:00:00,133.25322
2013-09-22 6:00:00,116.90266
2013-09-22 7:00:00,121.19055
2013-09-22 8:00:00,128.3615
2013-09-22 9:00:00,136.83029
2013-09-23 0:00:00,359.66855
2013-09-23 10:00:00,39.422993
2013-09-23 11:00:00,41.416412
2013-09-23 12:00:00,31.80722
2013-09-23 13:00:00,33.090977
2013-09-23 14:00:00,30.82711
2013-09-23 15:00:00,28.916893
2013-09-23 16:00:00,24.68188
2013-09-23 17:00:00,26.897625
2013-09-23 18:00:00,25.238148
2013-09-23 19:00:00,34.93612
2013-09-23 1:00:00,364.74988
2013-09-23 20:00:00,36.819283
2013-09-23 21:00:00,28.2439
2013-09-23 22:00:00,27.820526
2013-09-23 23:00:00,26.907063
2013-09-23 2:00:00,322.63547
2013-09-23 3:00:00,257.72107
2013-09-23 4:00:00,269.56763
2013-09-23 5:00:00,189.26366
2013-09-23 6:00:00,136.25154
2013-09-23 7:00:00,83.813576
2013-09-23 8:00:00,50.47097
2013-09-23 9:00:00,40.349636
2013-09-24 0:00:00,27.458618
2013-09-24 10:00:00,25.612476
2013-09-24 11:00:00,25.830093
2013-09-24 12:00:00,25.527542
2013-09-24 13:00:00,25.199112
2013-09-24 14:00:00,25.108654
2013-09-24 15:00:00,24.980919
2013-09-24 16:00:00,25.556618
2013-09-24 17:00:00,25.235977
2013-09-24 18:00:00,32.36506
2013-09-24 19:00:00,32.387703
2013-09-24 1:00:00,26.859425
2013-09-24 20:00:00,37.600014
2013-09-24 21:00:00,36.91424
2013-09-24 22:00:00,25.617313
2013-09-24 23:00:00,25.223957
2013-09-24 2:00:00,26.633835
2013-09-24 3:00:00,28.372967
2013-09-24 4:00:00,27.35204
2013-09-24 5:00:00,26.523697
2013-09-24 6:00:00,30.656303
2013-09-24 7:00:00,27.06408
2013-09-24 8:00:00,25.986992
2013-09-24 9:00:00,25.405384
2013-09-25 0:00:00,26.757416
2013-09-25 10:00:00,31.395351
2013-09-25 11:00:00,36.61568
2013-09-25 12:00:00,30.63932
2013-09-25 13:00:00,27.50034
2013-09-25 14:00:00,27.75652
2013-09-25 15:00:00,42.117313
2013-09-25 16:00:00,50.33805
2013-09-25 17:00:00,58.622955
2013-09-25 18:00:00,50.928413
2013-09-25 19:00:00,49.515656
2013-09-25 1:00:00,25.852505
2013-09-25 20:00:00,52.12494
2013-09-25 21:00:00,58.081497
2013-09-25 22:00:00,67.14852
2013-09-25 23:00:00,85.53298
2013-09-25 2:00:00,28.098843
2013-09-25 3:00:00,37.14556
2013-09-25 4:00:00,28.892113
2013-09-25 5:00:00,34.502552
2013-09-25 6:00:00,33.687557
2013-09-25 7:00:00,48.96881
2013-09-25 8:00:00,39.116467
2013-09-25 9:00:00,45.63819
2013-09-26 0:00:00,119.997086
2013-09-26 10:00:00,165.53761
2013-09-26 11:00:00,171.36308
2013-09-26 12:00:00,164.42723
2013-09-26 13:00:00,150.22935
2013-09-26 14:00:00,197.84227
2013-09-26 15:00:00,196.79135
2013-09-26 16:00:00,186.84619
2013-09-26 17:00:00,179.0974
2013-09-26 18:00:00,143.26793
2013-09-26 19:00:00,135.86873
2013-09-26 1:00:00,124.90564
2013-09-26 20:00:00,141.24693
2013-09-26 21:00:00,131.77235
2013-09-26 22:00:00,127.088394
2013-09-26 23:00:00,143.94746
2013-09-26 2:00:00,111.619934
2013-09-26 3:00:00,150.14125
2013-09-26 4:00:00,83.92059
2013-09-26 5:00:00,75.2095
2013-09-26 6:00:00,90.94627
2013-09-26 7:00:00,108.188385
2013-09-26 8:00:00,144.10448
2013-09-26 9:00:00,158.41533
2013-09-27 0:00:00,133.06929
2013-09-27 10:00:00,177.0683
2013-09-27 11:00:00,176.98222
2013-09-27 12:00:00,163.95634
2013-09-27 13:00:00,174.12276
2013-09-27 14:00:00,161.01643
2013-09-27 15:00:00,148.04613
2013-09-27 16:00:00,143.09268
2013-09-27 17:00:00,148.09164
2013-09-27 18:00:00,150.47507
2013-09-27 19:00:00,215.92836
2013-09-27 1:00:00,144.13304
2013-09-27 20:00:00,149.5421
2013-09-27 21:00:00,148.53499
2013-09-27 22:00:00,148.71298
2013-09-27 23:00:00,154.30836
2013-09-27 2:00:00,146.58368
2013-09-27 3:00:00,130.81403
2013-09-27 4:00:00,145.468
2013-09-27 5:00:00,136.39095
2013-09-27 6:00:00,127.53027
2013-09-27 7:00:00,157.64977
2013-09-27 8:00:00,180.47163
2013-09-27 9:00:00,170.82748
2013-09-28 0:00:00,134.09026
2013-09-28 10:00:00,124.1693
2013-09-28 11:00:00,119.44415
2013-09-28 12:00:00,115.66971
2013-09-28 13:00:00,117.49782
2013-09-28 14:00:00,121.71606
2013-09-28 15:00:00,125.12123
2013-09-28 16:00:00,120.94327
2013-09-28 17:00:00,128.0946
2013-09-28 18:00:00,132.72154
2013-09-28 19:00:00,132.73203
2013-09-28 1:00:00,130.17615
2013-09-28 20:00:00,136.5663
2013-09-28 21:00:00,140.7307
2013-09-28 22:00:00,135.20364
2013-09-28 23:00:00,141.73195
2013-09-28 2:00:00,128.35121
2013-09-28 3:00:00,130.12459
2013-09-28 4:00:00,121.749374
2013-09-28 5:00:00,121.62892
2013-09-28 6:00:00,126.95039
2013-09-28 7:00:00,126.91944
2013-09-28 8:00:00,125.67676
2013-09-28 9:00:00,130.22327
2013-09-29 0:00:00,128.90372
2013-09-29 10:00:00,66.143036
2013-09-29 11:00:00,46.797943
2013-09-29 12:00:00,29.812443
2013-09-29 13:00:00,25.331108
2013-09-29 14:00:00,25.45874
2013-09-29 15:00:00,24.49271
2013-09-29 16:00:00,24.191246
2013-09-29 17:00:00,24.369225
2013-09-29 18:00:00,28.782524
2013-09-29 19:00:00,26.779316
2013-09-29 1:00:00,124.123474
2013-09-29 20:00:00,26.0327
2013-09-29 21:00:00,27.053703
2013-09-29 22:00:00,29.078224
2013-09-29 23:00:00,32.05062
2013-09-29 2:00:00,110.33017
2013-09-29 3:00:00,111.776566
2013-09-29 4:00:00,117.89372
2013-09-29 5:00:00,128.42567
2013-09-29 6:00:00,108.81073
2013-09-29 7:00:00,125.07909
2013-09-29 8:00:00,98.842445
2013-09-29 9:00:00,86.57799
2013-09-30 0:00:00,33.515373
2013-09-30 10:00:00,86.99075
2013-09-30 11:00:00,85.89021
2013-09-30 12:00:00,92.826706
2013-09-30 13:00:00,96.88521
2013-09-30 14:00:00,100.054184
2013-09-30 15:00:00,101.1185
2013-09-30 16:00:00,103.80457
2013-09-30 17:00:00,127.64989
2013-09-30 18:00:00,126.599335
2013-09-30 19:00:00,130.00478
2013-09-30 1:00:00,41.604313
2013-09-30 20:00:00,142.30522
2013-09-30 21:00:00,143.67348
2013-09-30 22:00:00,146.77689
2013-09-30 23:00:00,143.88109
2013-09-30 2:00:00,43.621407
2013-09-30 3:00:00,54.068516
2013-09-30 4:00:00,72.12454
2013-09-30 5:00:00,65.553154
2013-09-30 6:00:00,82.16544
2013-09-30 7:00:00,85.47097
2013-09-30 8:00:00,88.21821
2013-09-30 9:00:00,87.92751
2013-10-01 0:00:00,147.5063
2013-10-01 10:00:00,250.65643
2013-10-01 11:00:00,202.3923
2013-10-01 12:00:00,230.05913
2013-10-01 13:00:00,160.06871
2013-10-01 14:00:00,142.75249
2013-10-01 15:00:00,93.87607
2013-10-01 16:00:00,27.823616
2013-10-01 17:00:00,27.121914
2013-10-01 18:00:00,73.01477
2013-10-01 19:00:00,36.12099
2013-10-01 1:00:00,143.52287
2013-10-01 20:00:00,100.2823
2013-10-01 21:00:00,106.40372
2013-10-01 22:00:00,107.635315
2013-10-01 23:00:00,211.50229
2013-10-01 2:00:00,155.49452
2013-10-01 3:00:00,158.57144
2013-10-01 4:00:00,175.3206
2013-10-01 5:00:00,180.80962
2013-10-01 6:00:00,193.72148
2013-10-01 7:00:00,207.54825
2013-10-01 8:00:00,211.64636
2013-10-01 9:00:00,216.25502
2013-10-02 0:00:00,100.186455
2013-10-02 10:00:00,38.527954
2013-10-02 11:00:00,34.892025
2013-10-02 12:00:00,33.58348
2013-10-02 13:00:00,30.444546
2013-10-02 14:00:00,45.399803
2013-10-02 15:00:00,49.115097
2013-10-02 16:00:00,59.151207
2013-10-02 17:00:00,71.682785
2013-10-02 18:00:00,72.932884
2013-10-02 19:00:00,77.81337
2013-10-02 1:00:00,82.93523
2013-10-02 20:00:00,129.37927
2013-10-02 21:00:00,153.55815
2013-10-02 22:00:00,170.86583
2013-10-02 23:00:00,165.46541
2013-10-02 2:00:00,80.04098
2013-10-02 3:00:00,77.83481
2013-10-02 4:00:00,75.82025
2013-10-02 5:00:00,78.20279
2013-10-02 6:00:00,77.48037
2013-10-02 7:00:00,66.19392
2013-10-02 8:00:00,65.19903
2013-10-02 9:00:00,45.980198
2013-10-03 0:00:00,153.70232
2013-10-03 10:00:00,140.67204
2013-10-03 11:00:00,142.50018
2013-10-03 12:00:00,162.33656
2013-10-03 13:00:00,220.1274
2013-10-03 14:00:00,243.05984
2013-10-03 15:00:00,233.63841
2013-10-03 16:00:00,203.04634
2013-10-03 17:00:00,181.17287
2013-10-03 18:00:00,160.39897
2013-10-03 19:00:00,147.99696
2013-10-03 1:00:00,172.7933
2013-10-03 20:00:00,141.14311
2013-10-03 21:00:00,129.06557
2013-10-03 22:00:00,132.69151
2013-10-03 23:00:00,130.08156
2013-10-03 2:00:00,141.27715
2013-10-03 3:00:00,115.35438
2013-10-03 4:00:00,127.53074
2013-10-03 5:00:00,112.576126
2013-10-03 6:00:00,113.7751
2013-10-03 7:00:00,124.35811
2013-10-03 8:00:00,132.42908
2013-10-03 9:00:00,145.31749
2013-10-04 0:00:00,129.7327
2013-10-04 10:00:00,171.91922
2013-10-04 11:00:00,172.08244
2013-10-04 12:00:00,169.25787
2013-10-04 13:00:00,149.6205
2013-10-04 14:00:00,138.7278
2013-10-04 15:00:00,132.08083
2013-10-04 16:00:00,151.98051
2013-10-04 17:00:00,147.31082
2013-10-04 18:00:00,146.81294
2013-10-04 19:00:00,143.39397
2013-10-04 1:00:00,156.07384
2013-10-04 20:00:00,182.58574
2013-10-04 21:00:00,203.27042
2013-10-04 22:00:00,170.92029
2013-10-04 23:00:00,173.41643
2013-10-04 2:00:00,147.42516
2013-10-04 3:00:00,157.39041
2013-10-04 4:00:00,136.76836
2013-10-04 5:00:00,139.42445
2013-10-04 6:00:00,143.09587
2013-10-04 7:00:00,157.98103
2013-10-04 8:00:00,171.0061
2013-10-04 9:00:00,179.57242
2013-10-05 0:00:00,180.13997
2013-10-05 10:00:00,226.00424
2013-10-05 11:00:00,223.28618
2013-10-05 12:00:00,264.4089
2013-10-05 13:00:00,271.69815
2013-10-05 14:00:00,260.76584
2013-10-05 15:00:00,196.35768
2013-10-05 16:00:00,142.62172
2013-10-05 17:00:00,123.99462
2013-10-05 18:00:00,149.90535
2013-10-05 19:00:00,223.50575
2013-10-05 1:00:00,161.32643
2013-10-05 20:00:00,266.32858
2013-10-05 21:00:00,300.45493
2013-10-05 22:00:00,250.73878
2013-10-05 23:00:00,227.70866
2013-10-05 2:00:00,154.11235
2013-10-05 3:00:00,163.71927
2013-10-05 4:00:00,179.17766
2013-10-05 5:00:00,160.51741
2013-10-05 6:00:00,155.71895
2013-10-05 7:00:00,173.5063
2013-10-05 8:00:00,173.10164
2013-10-05 9:00:00,178.45839
2013-10-06 0:00:00,234.5753
2013-10-06 10:00:00,189.3055
2013-10-06 11:00:00,216.3193
2013-10-06 12:00:00,248.83208
2013-10-06 13:00:00,276.80258
2013-10-06 14:00:00,303.332
2013-10-06 15:00:00,286.6492
2013-10-06 16:00:00,315.9383
2013-10-06 17:00:00,282.39282
2013-10-06 18:00:00,241.92036
2013-10-06 19:00:00,224.0674
2013-10-06 1:00:00,211.4446
2013-10-06 20:00:00,244.98265
2013-10-06 21:00:00,252.17455
2013-10-06 22:00:00,260.506
2013-10-06 23:00:00,227.18134
2013-10-06 2:00:00,193.65553
2013-10-06 3:00:00,168.35248
2013-10-06 4:00:00,152.36745
2013-10-06 5:00:00,152.08105
2013-10-06 6:00:00,148.41481
2013-10-06 7:00:00,147.46744
2013-10-06 8:00:00,160.93626
2013-10-06 9:00:00,185.45096
2013-10-07 0:00:00,194.86612
2013-10-07 10:00:00,55.957184
2013-10-07 11:00:00,41.918907
2013-10-07 12:00:00,32.74003
2013-10-07 13:00:00,28.825684
2013-10-07 14:00:00,27.555866
2013-10-07 15:00:00,26.266083
2013-10-07 16:00:00,26.011242
2013-10-07 17:00:00,31.317814
2013-10-07 18:00:00,32.3643
2013-10-07 19:00:00,26.12254
2013-10-07 1:00:00,215.3749
2013-10-07 20:00:00,25.383411
2013-10-07 21:00:00,31.989746
2013-10-07 22:00:00,32.79525
2013-10-07 23:00:00,46.124794
2013-10-07 2:00:00,204.65816
2013-10-07 3:00:00,207.56151
2013-10-07 4:00:00,163.62492
2013-10-07 5:00:00,151.41429
2013-10-07 6:00:00,132.68033
2013-10-07 7:00:00,109.42905
2013-10-07 8:00:00,94.18176
2013-10-07 9:00:00,81.269554
2013-10-08 0:00:00,44.663998
2013-10-08 10:00:00,127.461975
2013-10-08 11:00:00,131.9569
2013-10-08 12:00:00,134.11798
2013-10-08 13:00:00,131.46123
2013-10-08 14:00:00,135.79929
2013-10-08 15:00:00,118.63478
2013-10-08 16:00:00,131.4311
2013-10-08 17:00:00,122.34015
2013-10-08 18:00:00,186.56621
2013-10-08 19:00:00,195.36513
2013-10-08 1:00:00,49.988113
2013-10-08 20:00:00,189.91443
2013-10-08 21:00:00,206.28578
2013-10-08 22:00:00,250.02058
2013-10-08 23:00:00,209.29356
2013-10-08 2:00:00,49.042953
2013-10-08 3:00:00,65.46413
2013-10-08 4:00:00,60.556595
2013-10-08 5:00:00,61.356384
2013-10-08 6:00:00,74.80616
2013-10-08 7:00:00,67.47092
2013-10-08 8:00:00,118.654274
2013-10-08 9:00:00,146.36296
2013-10-09 0:00:00,166.13605
2013-10-09 10:00:00,183.67088
2013-10-09 11:00:00,174.00812
2013-10-09 12:00:00,182.08882
2013-10-09 13:00:00,180.26341
2013-10-09 14:00:00,181.73604
2013-10-09 15:00:00,185.1145
2013-10-09 16:00:00,198.2297
2013-10-09 17:00:00,201.73413
2013-10-09 18:00:00,199.16368
2013-10-09 19:00:00,262.5282
2013-10-09 1:00:00,163.45013
2013-10-09 20:00:00,200.02249
2013-10-09 21:00:00,188.53668
2013-10-09 22:00:00,246.8526
2013-10-09 23:00:00,218.16667
2013-10-09 2:00:00,150.51973
2013-10-09 3:00:00,161.13103
2013-10-09 4:00:00,150.06953
2013-10-09 5:00:00,144.6209
2013-10-09 6:00:00,125.60458
2013-10-09 7:00:00,125.08416
2013-10-09 8:00:00,132.89032
2013-10-09 9:00:00,149.10036
2013-10-10 0:00:00,240.02654
2013-10-10 10:00:00,121.54772
2013-10-10 11:00:00,49.60523
2013-10-10 12:00:00,32.25481
2013-10-10 13:00:00,27.600769
2013-10-10 14:00:00,26.635609
2013-10-10 15:00:00,26.357079
2013-10-10 16:00:00,25.119553
2013-10-10 17:00:00,25.583931
2013-10-10 18:00:00,26.139019
2013-10-10 19:00:00,24.954536
2013-10-10 1:00:00,225.688
2013-10-10 20:00:00,27.483345
2013-10-10 21:00:00,26.111488
2013-10-10 22:00:00,25.309078
2013-10-10 23:00:00,27.931068
2013-10-10 2:00:00,266.4071
2013-10-10 3:00:00,249.90987
2013-10-10 4:00:00,288.1345
2013-10-10 5:00:00,224.53809
2013-10-10 6:00:00,205.38899
2013-10-10 7:00:00,242.06825
2013-10-10 8:00:00,193.01411
2013-10-10 9:00:00,232.89088
2013-10-11 0:00:00,36.354248
2013-10-11 10:00:00,58.250072
2013-10-11 11:00:00,53.239967
2013-10-11 12:00:00,56.231907
2013-10-11 13:00:00,70.48118
2013-10-11 14:00:00,72.107124
2013-10-11 15:00:00,80.314255
2013-10-11 16:00:00,84.368546
2013-10-11 17:00:00,86.392136
2013-10-11 18:00:00,100.30225
2013-10-11 19:00:00,108.30466
2013-10-11 1:00:00,40.434
2013-10-11 20:00:00,109.892746
2013-10-11 21:00:00,104.17232
2013-10-11 22:00:00,108.91301
2013-10-11 23:00:00,156.00687
2013-10-11 2:00:00,37.35209
2013-10-11 3:00:00,49.128815
2013-10-11 4:00:00,41.188522
2013-10-11 5:00:00,29.27855
2013-10-11 6:00:00,49.036903
2013-10-11 7:00:00,41.144466
2013-10-11 8:00:00,51.153915
2013-10-11 9:00:00,55.651863
2013-10-12 0:00:00,143.36848
2013-10-12 10:00:00,82.17829
2013-10-12 11:00:00,54.94783
2013-10-12 12:00:00,42.627914
2013-10-12 13:00:00,31.421936
2013-10-12 14:00:00,52.71129
2013-10-12 15:00:00,58.985832
2013-10-12 16:00:00,89.16818
2013-10-12 17:00:00,110.976204
2013-10-12 18:00:00,115.131836
2013-10-12 19:00:00,144.60442
2013-10-12 1:00:00,125.300385
2013-10-12 20:00:00,160.53621
2013-10-12 21:00:00,132.35133
2013-10-12 22:00:00,144.17555
2013-10-12 23:00:00,103.59995
2013-10-12 2:00:00,108.649254
2013-10-12 3:00:00,93.049805
2013-10-12 4:00:00,96.58377
2013-10-12 5:00:00,97.56512
2013-10-12 6:00:00,102.23703
2013-10-12 7:00:00,97.29607
2013-10-12 8:00:00,94.99638
2013-10-12 9:00:00,86.434685
2013-10-13 0:00:00,99.94251
2013-10-13 10:00:00,113.940186
2013-10-13 11:00:00,166.94228
2013-10-13 12:00:00,181.29097
2013-10-13 13:00:00,184.56017
2013-10-13 14:00:00,183.11024
2013-10-13 15:00:00,161.81361
2013-10-13 16:00:00,132.88652
2013-10-13 17:00:00,146.68358
2013-10-13 18:00:00,203.44612
2013-10-13 19:00:00,138.22394
2013-10-13 1:00:00,74.976395
2013-10-13 20:00:00,143.1864
2013-10-13 21:00:00,159.99522
2013-10-13 22:00:00,158.82399
2013-10-13 23:00:00,204.47513
2013-10-13 2:00:00,99.745094
2013-10-13 3:00:00,93.23967
2013-10-13 4:00:00,146.81651
2013-10-13 5:00:00,142.26512
2013-10-13 6:00:00,135.40457
2013-10-13 7:00:00,139.7998
2013-10-13 8:00:00,148.96794
2013-10-13 9:00:00,121.9606
2013-10-14 0:00:00,177.37962
2013-10-14 10:00:00,31.049854
2013-10-14 11:00:00,26.331589
2013-10-14 12:00:00,25.127392
2013-10-14 13:00:00,24.683903
2013-10-14 14:00:00,24.113628
2013-10-14 15:00:00,23.744434
2013-10-14 16:00:00,23.440903
2013-10-14 17:00:00,23.11298
2013-10-14 18:00:00,33.11164
2013-10-14 19:00:00,33.48163
2013-10-14 1:00:00,161.36382
2013-10-14 20:00:00,37.118107
2013-10-14 21:00:00,36.747154
2013-10-14 22:00:00,26.153713
2013-10-14 23:00:00,24.821133
2013-10-14 2:00:00,149.9819
2013-10-14 3:00:00,139.16722
2013-10-14 4:00:00,117.72148
2013-10-14 5:00:00,120.448
2013-10-14 6:00:00,126.436584
2013-10-14 7:00:00,140.13457
2013-10-14 8:00:00,88.18408
2013-10-14 9:00:00,39.249554
2013-10-15 0:00:00,25.895626
2013-10-15 10:00:00,32.308834
2013-10-15 11:00:00,35.729206
2013-10-15 12:00:00,42.34178
2013-10-15 13:00:00,65.68188
2013-10-15 14:00:00,68.5785
2013-10-15 15:00:00,58.30204
2013-10-15 16:00:00,45.145363
2013-10-15 17:00:00,215.66551
2013-10-15 18:00:00,78.15974
2013-10-15 19:00:00,72.673584
2013-10-15 1:00:00,25.175163
2013-10-15 20:00:00,82.08489
2013-10-15 21:00:00,98.36506
2013-10-15 22:00:00,110.212906
2013-10-15 23:00:00,114.67546
2013-10-15 2:00:00,31.494171
2013-10-15 3:00:00,26.349358
2013-10-15 4:00:00,29.159218
2013-10-15 5:00:00,30.789131
2013-10-15 6:00:00,38.068714
2013-10-15 7:00:00,57.91346
2013-10-15 8:00:00,57.593044
2013-10-15 9:00:00,36.6416
2013-10-16 0:00:00,118.81909
2013-10-16 10:00:00,153.77995
2013-10-16 11:00:00,133.50592
2013-10-16 12:00:00,172.03838
2013-10-16 13:00:00,160.30699
2013-10-16 14:00:00,188.4103
2013-10-16 15:00:00,211.46516
2013-10-16 16:00:00,168.01567
2013-10-16 17:00:00,121.752014
2013-10-16 18:00:00,118.45424
2013-10-16 19:00:00,129.68034
2013-10-16 1:00:00,136.63821
2013-10-16 20:00:00,115.879326
2013-10-16 21:00:00,110.01451
2013-10-16 22:00:00,104.28827
2013-10-16 23:00:00,116.48852
2013-10-16 2:00:00,131.89215
2013-10-16 3:00:00,140.59302
2013-10-16 4:00:00,146.6713
2013-10-16 5:00:00,136.59496
2013-10-16 6:00:00,107.99759
2013-10-16 7:00:00,105.96331
2013-10-16 8:00:00,142.3659
2013-10-16 9:00:00,152.23833
2013-10-17 0:00:00,101.64183
2013-10-17 10:00:00,151.40727
2013-10-17 11:00:00,167.65099
2013-10-17 12:00:00,160.41556
2013-10-17 13:00:00,147.06493
2013-10-17 14:00:00,154.85083
2013-10-17 15:00:00,139.93214
2013-10-17 16:00:00,136.18916
2013-10-17 17:00:00,124.78291
2013-10-17 18:00:00,121.99582
2013-10-17 19:00:00,124.083115
2013-10-17 1:00:00,106.57684
2013-10-17 20:00:00,121.54861
2013-10-17 21:00:00,138.11789
2013-10-17 22:00:00,135.17986
2013-10-17 23:00:00,135.45088
2013-10-17 2:00:00,119.68291
2013-10-17 3:00:00,138.76765
2013-10-17 4:00:00,135.57924
2013-10-17 5:00:00,136.71397
2013-10-17 6:00:00,131.25072
2013-10-17 7:00:00,122.06441
2013-10-17 8:00:00,133.40489
2013-10-17 9:00:00,140.99115
2013-10-18 0:00:00,131.45428
2013-10-18 10:00:00,167.27425
2013-10-18 11:00:00,172.8918
2013-10-18 12:00:00,177.25652
2013-10-18 13:00:00,178.64232
2013-10-18 14:00:00,181.89949
2013-10-18 15:00:00,171.93707
2013-10-18 16:00:00,168.03506
2013-10-18 17:00:00,164.64708
2013-10-18 18:00:00,158.24509
2013-10-18 19:00:00,152.45811
2013-10-18 1:00:00,144.14522
2013-10-18 20:00:00,156.37856
2013-10-18 21:00:00,164.64249
2013-10-18 22:00:00,194.78423
2013-10-18 23:00:00,183.39526
2013-10-18 2:00:00,138.82729
2013-10-18 3:00:00,146.72246
2013-10-18 4:00:00,148.62782
2013-10-18 5:00:00,160.04765
2013-10-18 6:00:00,152.63838
2013-10-18 7:00:00,152.23335
2013-10-18 8:00:00,154.24889
2013-10-18 9:00:00,169.1663
2013-10-19 0:00:00,159.58397
2013-10-19 10:00:00,30.517239
2013-10-19 11:00:00,26.916489
2013-10-19 12:00:00,24.41106
2013-10-19 13:00:00,23.966183
2013-10-19 14:00:00,23.28733
2013-10-19 15:00:00,22.528229
2013-10-19 16:00:00,22.28991
2013-10-19 17:00:00,22.025154
2013-10-19 18:00:00,21.75431
2013-10-19 19:00:00,21.64983
2013-10-19 1:00:00,177.79378
2013-10-19 20:00:00,21.649624
2013-10-19 21:00:00,21.607437
2013-10-19 22:00:00,21.527378
2013-10-19 23:00:00,21.714931
2013-10-19 2:00:00,142.99269
2013-10-19 3:00:00,123.1353
2013-10-19 4:00:00,108.98695
2013-10-19 5:00:00,90.95247
2013-10-19 6:00:00,78.07402
2013-10-19 7:00:00,67.694664
2013-10-19 8:00:00,44.691994
2013-10-19 9:00:00,34.456314
2013-10-20 0:00:00,24.939423
2013-10-20 10:00:00,25.939838
2013-10-20 11:00:00,33.190266
2013-10-20 12:00:00,34.17934
2013-10-20 13:00:00,31.347343
2013-10-20 14:00:00,25.839394
2013-10-20 15:00:00,33.422073
2013-10-20 16:00:00,38.517075
2013-10-20 17:00:00,46.8285
2013-10-20 18:00:00,61.821312
2013-10-20 19:00:00,69.968185
2013-10-20 1:00:00,24.54192
2013-10-20 20:00:00,74.74189
2013-10-20 21:00:00,70.57489
2013-10-20 22:00:00,62.000443
2013-10-20 23:00:00,108.15811
2013-10-20 2:00:00,29.876228
2013-10-20 3:00:00,27.908855
2013-10-20 4:00:00,26.978657
2013-10-20 5:00:00,27.063023
2013-10-20 6:00:00,27.972504
2013-10-20 7:00:00,26.195007
2013-10-20 8:00:00,27.543526
2013-10-20 9:00:00,27.796627
2013-10-21 0:00:00,122.09486
2013-10-21 10:00:00,169.00545
2013-10-21 11:00:00,164.51831
2013-10-21 12:00:00,167.94206
2013-10-21 13:00:00,169.05771
2013-10-21 14:00:00,232.29872
2013-10-21 15:00:00,191.38878
2013-10-21 16:00:00,190.72104
2013-10-21 17:00:00,186.57997
2013-10-21 18:00:00,201.10483
2013-10-21 19:00:00,236.41048
2013-10-21 1:00:00,124.81093
2013-10-21 20:00:00,228.86763
2013-10-21 21:00:00,207.56123
2013-10-21 22:00:00,200.59578
2013-10-21 23:00:00,175.11928
2013-10-21 2:00:00,116.10425
2013-10-21 3:00:00,121.104126
2013-10-21 4:00:00,123.905655
2013-10-21 5:00:00,108.47712
2013-10-21 6:00:00,136.40538
2013-10-21 7:00:00,139.33452
2013-10-21 8:00:00,148.91002
2013-10-21 9:00:00,158.43904
2013-10-22 0:00:00,179.90193
2013-10-22 10:00:00,171.54817
2013-10-22 11:00:00,182.80629
2013-10-22 12:00:00,185.42279
2013-10-22 13:00:00,180.31915
2013-10-22 14:00:00,171.24376
2013-10-22 15:00:00,155.08002
2013-10-22 16:00:00,149.15993
2013-10-22 17:00:00,150.37341
2013-10-22 18:00:00,147.03658
2013-10-22 19:00:00,103.56879
2013-10-22 1:00:00,173.17891
2013-10-22 20:00:00,138.77827
2013-10-22 21:00:00,151.20839
2013-10-22 22:00:00,140.74904
2013-10-22 23:00:00,134.13962
2013-10-22 2:00:00,166.22446
2013-10-22 3:00:00,151.86374
2013-10-22 4:00:00,153.95596
2013-10-22 5:00:00,148.00867
2013-10-22 6:00:00,150.80252
2013-10-22 7:00:00,148.53116
2013-10-22 8:00:00,152.82457
2013-10-22 9:00:00,162.00386
2013-10-23 0:00:00,147.31248
2013-10-23 10:00:00,39.709908
2013-10-23 11:00:00,26.775002
2013-10-23 12:00:00,24.381535
2013-10-23 13:00:00,23.207054
2013-10-23 14:00:00,22.730022
2013-10-23 15:00:00,22.355312
2013-10-23 16:00:00,21.778595
2013-10-23 17:00:00,22.149448
2013-10-23 18:00:00,28.784405
2013-10-23 19:00:00,24.156277
2013-10-23 1:00:00,92.0747
2013-10-23 20:00:00,24.070587
2013-10-23 21:00:00,23.324745
2013-10-23 22:00:00,23.09718
2013-10-23 23:00:00,23.057178
2013-10-23 2:00:00,88.91962
2013-10-23 3:00:00,75.01788
2013-10-23 4:00:00,59.70423
2013-10-23 5:00:00,49.21939
2013-10-23 6:00:00,34.900494
2013-10-23 7:00:00,33.946472
2013-10-23 8:00:00,58.56692
2013-10-23 9:00:00,53.69851
2013-10-24 0:00:00,22.73222
2013-10-24 10:00:00,61.026993
2013-10-24 11:00:00,33.54389
2013-10-24 12:00:00,28.032154
2013-10-24 13:00:00,26.592464
2013-10-24 14:00:00,26.49942
2013-10-24 15:00:00,26.573929
2013-10-24 16:00:00,24.968029
2013-10-24 17:00:00,31.629139
2013-10-24 18:00:00,29.10152
2013-10-24 19:00:00,25.332829
2013-10-24 1:00:00,22.543808
2013-10-24 20:00:00,23.643322
2013-10-24 21:00:00,23.18449
2013-10-24 22:00:00,22.859753
2013-10-24 23:00:00,22.72247
2013-10-24 2:00:00,22.345387
2013-10-24 3:00:00,22.279179
2013-10-24 4:00:00,22.21434
2013-10-24 5:00:00,22.176037
2013-10-24 6:00:00,31.225567
2013-10-24 7:00:00,33.80885
2013-10-24 8:00:00,38.014088
2013-10-24 9:00:00,39.205986
2013-10-25 0:00:00,22.685104
2013-10-25 10:00:00,22.048157
2013-10-25 11:00:00,22.04317
2013-10-25 12:00:00,22.03545
2013-10-25 13:00:00,22.048119
2013-10-25 14:00:00,30.377121
2013-10-25 15:00:00,24.97432
2013-10-25 16:00:00,24.372318
2013-10-25 17:00:00,31.1866
2013-10-25 18:00:00,33.4116
2013-10-25 19:00:00,26.339474
2013-10-25 1:00:00,22.779572
2013-10-25 20:00:00,25.95736
2013-10-25 21:00:00,25.941978
2013-10-25 22:00:00,33.746002
2013-10-25 23:00:00,28.413242
2013-10-25 2:00:00,22.790752
2013-10-25 3:00:00,22.736938
2013-10-25 4:00:00,22.340359
2013-10-25 5:00:00,23.605972
2013-10-25 6:00:00,22.082993
2013-10-25 7:00:00,22.051796
2013-10-25 8:00:00,22.172005
2013-10-25 9:00:00,22.151035
2013-10-26 0:00:00,27.24451
2013-10-26 10:00:00,26.709045
2013-10-26 11:00:00,26.46083
2013-10-26 12:00:00,24.549805
2013-10-26 13:00:00,88.91075
2013-10-26 14:00:00,73.25568
2013-10-26 15:00:00,88.005684
2013-10-26 16:00:00,120.306366
2013-10-26 17:00:00,62.41649
2013-10-26 18:00:00,85.40075
2013-10-26 19:00:00,66.740776
2013-10-26 1:00:00,26.53952
2013-10-26 20:00:00,68.49338
2013-10-26 21:00:00,84.513084
2013-10-26 22:00:00,92.090576
2013-10-26 23:00:00,87.90056
2013-10-26 2:00:00,26.75607
2013-10-26 3:00:00,26.674637
2013-10-26 4:00:00,26.94062
2013-10-26 5:00:00,26.000721
2013-10-26 6:00:00,25.592594
2013-10-26 7:00:00,25.913105
2013-10-26 8:00:00,26.46286
2013-10-26 9:00:00,26.495914
2013-10-27 0:00:00,123.33221
2013-10-27 10:00:00,126.91089
2013-10-27 11:00:00,149.01086
2013-10-27 12:00:00,200.18124
2013-10-27 13:00:00,209.48965
2013-10-27 14:00:00,217.2653
2013-10-27 15:00:00,226.43556
2013-10-27 16:00:00,228.32603
2013-10-27 17:00:00,229.62611
2013-10-27 18:00:00,213.51372
2013-10-27 19:00:00,230.95341
2013-10-27 1:00:00,126.51818
2013-10-27 20:00:00,226.37373
2013-10-27 21:00:00,214.61536
2013-10-27 22:00:00,180.28192
2013-10-27 23:00:00,186.04553
2013-10-27 2:00:00,122.51305
2013-10-27 3:00:00,125.733406
2013-10-27 4:00:00,127.11966
2013-10-27 5:00:00,126.98143
2013-10-27 6:00:00,100.449905
2013-10-27 7:00:00,96.17635
2013-10-27 8:00:00,103.445465
2013-10-27 9:00:00,117.30442
2013-10-28 0:00:00,142.8377
2013-10-28 10:00:00,86.19379
2013-10-28 11:00:00,55.47573
2013-10-28 12:00:00,42.2303
2013-10-28 13:00:00,37.847755
2013-10-28 14:00:00,64.46806
2013-10-28 15:00:00,72.35249
2013-10-28 16:00:00,65.58092
2013-10-28 17:00:00,62.718277
2013-10-28 18:00:00,65.1597
2013-10-28 19:00:00,64.60526
2013-10-28 1:00:00,148.22777
2013-10-28 20:00:00,66.123695
2013-10-28 21:00:00,36.34052
2013-10-28 22:00:00,29.302685
2013-10-28 23:00:00,33.634026
2013-10-28 2:00:00,169.83516
2013-10-28 3:00:00,168.0006
2013-10-28 4:00:00,156.22859
2013-10-28 5:00:00,170.89629
2013-10-28 6:00:00,152.31366
2013-10-28 7:00:00,117.86247
2013-10-28 8:00:00,97.872345
2013-10-28 9:00:00,98.41431
2013-10-29 0:00:00,31.384304
2013-10-29 10:00:00,33.31915
2013-10-29 11:00:00,33.49437
2013-10-29 12:00:00,30.123447
2013-10-29 13:00:00,30.90926
2013-10-29 14:00:00,30.907745
2013-10-29 15:00:00,28.901493
2013-10-29 16:00:00,41.186028
2013-10-29 17:00:00,49.94102
2013-10-29 18:00:00,56.286217
2013-10-29 19:00:00,47.63073
2013-10-29 1:00:00,37.768265
2013-10-29 20:00:00,49.720253
2013-10-29 21:00:00,52.2502
2013-10-29 22:00:00,41.25568
2013-10-29 23:00:00,54.507286
2013-10-29 2:00:00,33.123726
2013-10-29 3:00:00,34.713432
2013-10-29 4:00:00,33.258854
2013-10-29 5:00:00,36.76454
2013-10-29 6:00:00,37.346397
2013-10-29 7:00:00,38.90718
2013-10-29 8:00:00,35.897785
2013-10-29 9:00:00,36.356045
2013-10-30 0:00:00,52.856995
2013-10-30 10:00:00,136.19397
2013-10-30 11:00:00,145.70876
2013-10-30 12:00:00,153.89616
2013-10-30 13:00:00,172.53398
2013-10-30 14:00:00,180.69499
2013-10-30 15:00:00,219.96689
2013-10-30 16:00:00,225.87117
2013-10-30 17:00:00,218.61586
2013-10-30 18:00:00,218.97594
2013-10-30 19:00:00,217.5306
2013-10-30 1:00:00,89.62324
2013-10-30 20:00:00,224.8894
2013-10-30 21:00:00,187.62871
2013-10-30 22:00:00,232.06981
2013-10-30 23:00:00,183.97713
2013-10-30 2:00:00,95.62125
2013-10-30 3:00:00,93.09064
2013-10-30 4:00:00,97.34835
2013-10-30 5:00:00,98.323166
2013-10-30 6:00:00,96.69348
2013-10-30 7:00:00,106.36694
2013-10-30 8:00:00,115.32463
2013-10-30 9:00:00,121.782364
2013-10-31 0:00:00,147.84572
2013-10-31 10:00:00,84.24306
2013-10-31 11:00:00,76.860794
2013-10-31 12:00:00,64.323906
2013-10-31 13:00:00,95.288216
2013-10-31 14:00:00,96.22879
2013-10-31 15:00:00,81.84
2013-10-31 16:00:00,77.20527
2013-10-31 17:00:00,60.161415
2013-10-31 18:00:00,67.33536
2013-10-31 19:00:00,86.582695
2013-10-31 1:00:00,139.00578
2013-10-31 20:00:00,121.26927
2013-10-31 21:00:00,78.46052
2013-10-31 22:00:00,81.82248
2013-10-31 23:00:00,115.84488
2013-10-31 2:00:00,151.53726
2013-10-31 3:00:00,121.364426
2013-10-31 4:00:00,140.91867
2013-10-31 5:00:00,125.4706
2013-10-31 6:00:00,128.8025
2013-10-31 7:00:00,123.90061
2013-10-31 8:00:00,115.05968
2013-10-31 9:00:00,97.65939
2013-11-01 0:00:00,111.86977
2013-11-01 10:00:00,154.8985
2013-11-01 11:00:00,173.74297
2013-11-01 12:00:00,199.96129
2013-11-01 13:00:00,202.10992
2013-11-01 14:00:00,200.69128
2013-11-01 15:00:00,189.90797
2013-11-01 16:00:00,182.94905
2013-11-01 17:00:00,177.92154
2013-11-01 18:00:00,158.51212
2013-11-01 19:00:00,166.21371
2013-11-01 1:00:00,80.514984
2013-11-01 20:00:00,182.75914
2013-11-01 21:00:00,174.3965
2013-11-01 22:00:00,184.1039
2013-11-01 23:00:00,188.14316
2013-11-01 2:00:00,118.36223
2013-11-01 3:00:00,123.505905
2013-11-01 4:00:00,130.73433
2013-11-01 5:00:00,125.24176
2013-11-01 6:00:00,104.47348
2013-11-01 7:00:00,104.860146
2013-11-01 8:00:00,121.40779
2013-11-01 9:00:00,149.1158
2013-11-02 0:00:00,183.41008
2013-11-02 10:00:00,181.99872
2013-11-02 11:00:00,182.85399
2013-11-02 12:00:00,206.25761
2013-11-02 13:00:00,215.64568
2013-11-02 14:00:00,231.98705
2013-11-02 15:00:00,212.83028
2013-11-02 16:00:00,199.24709
2013-11-02 17:00:00,191.82332
2013-11-02 18:00:00,183.12239
2013-11-02 19:00:00,175.04811
2013-11-02 1:00:00,167.1779
2013-11-02 20:00:00,172.75304
2013-11-02 21:00:00,169.93321
2013-11-02 22:00:00,152.80647
2013-11-02 23:00:00,155.87315
2013-11-02 2:00:00,145.62715
2013-11-02 3:00:00,139.48222
2013-11-02 4:00:00,140.41696
2013-11-02 5:00:00,149.87354
2013-11-02 6:00:00,142.29793
2013-11-02 7:00:00,149.1519
2013-11-02 8:00:00,163.12837
2013-11-02 9:00:00,173.46297
2013-11-03 0:00:00,154.16609
2013-11-03 10:00:00,44.10884
2013-11-03 11:00:00,33.869442
2013-11-03 12:00:00,27.191967
2013-11-03 13:00:00,25.013065
2013-11-03 14:00:00,24.281895
2013-11-03 15:00:00,23.220325
2013-11-03 16:00:00,23.03894
2013-11-03 17:00:00,22.441761
2013-11-03 18:00:00,22.109432
2013-11-03 19:00:00,25.030487
2013-11-03 1:00:00,148.78609
2013-11-03 20:00:00,33.585323
2013-11-03 21:00:00,34.482544
2013-11-03 22:00:00,24.374676
2013-11-03 23:00:00,23.918026
2013-11-03 2:00:00,146.14378
2013-11-03 3:00:00,123.943405
2013-11-03 4:00:00,98.41616
2013-11-03 5:00:00,82.43589
2013-11-03 6:00:00,82.6395
2013-11-03 7:00:00,76.50682
2013-11-03 8:00:00,64.93726
2013-11-03 9:00:00,63.419235
2013-11-04 0:00:00,31.533913
2013-11-04 10:00:00,33.14261
2013-11-04 11:00:00,35.894485
2013-11-04 12:00:00,32.267437
2013-11-04 13:00:00,43.77481
2013-11-04 14:00:00,50.553535
2013-11-04 15:00:00,55.087833
2013-11-04 16:00:00,57.337513
2013-11-04 17:00:00,57.895565
2013-11-04 18:00:00,183.41885
2013-11-04 19:00:00,204.57901
2013-11-04 1:00:00,33.621277
2013-11-04 20:00:00,183.73747
2013-11-04 21:00:00,201.07089
2013-11-04 22:00:00,170.73868
2013-11-04 23:00:00,162.26442
2013-11-04 2:00:00,35.302692
2013-11-04 3:00:00,36.963512
2013-11-04 4:00:00,29.140846
2013-11-04 5:00:00,47.593224
2013-11-04 6:00:00,40.16825
2013-11-04 7:00:00,33.452633
2013-11-04 8:00:00,35.99742
2013-11-04 9:00:00,34.357834
2013-11-05 0:00:00,152.83806
2013-11-05 10:00:00,191.25371
2013-11-05 11:00:00,170.18044
2013-11-05 12:00:00,192.27747
2013-11-05 13:00:00,202.5938
2013-11-05 14:00:00,210.06653
2013-11-05 15:00:00,226.43948
2013-11-05 16:00:00,237.2769
2013-11-05 17:00:00,260.69107
2013-11-05 18:00:00,222.6508
2013-11-05 19:00:00,210.17616
2013-11-05 1:00:00,145.41783
2013-11-05 20:00:00,232.8032
2013-11-05 21:00:00,209.38817
2013-11-05 22:00:00,210.81216
2013-11-05 23:00:00,176.73053
2013-11-05 2:00:00,143.43001
2013-11-05 3:00:00,141.36101
2013-11-05 4:00:00,139.5283
2013-11-05 5:00:00,138.9901
2013-11-05 6:00:00,140.03656
2013-11-05 7:00:00,145.17921
2013-11-05 8:00:00,157.06505
2013-11-05 9:00:00,156.56964
2013-11-06 0:00:00,184.28679
2013-11-06 10:00:00,131.40868
2013-11-06 11:00:00,144.85869
2013-11-06 12:00:00,62.83721
2013-11-06 13:00:00,30.001423
2013-11-06 14:00:00,25.036114
2013-11-06 15:00:00,23.353367
2013-11-06 16:00:00,22.43431
2013-11-06 17:00:00,22.044907
2013-11-06 18:00:00,21.810532
2013-11-06 19:00:00,21.637749
2013-11-06 1:00:00,190.72136
2013-11-06 20:00:00,21.475643
2013-11-06 21:00:00,21.474789
2013-11-06 22:00:00,21.46436
2013-11-06 23:00:00,21.50814
2013-11-06 2:00:00,179.16429
2013-11-06 3:00:00,184.23615
2013-11-06 4:00:00,162.32365
2013-11-06 5:00:00,161.68697
2013-11-06 6:00:00,152.88023
2013-11-06 7:00:00,137.97359
2013-11-06 8:00:00,159.31221
2013-11-06 9:00:00,144.18275
2013-11-07 0:00:00,21.425488
2013-11-07 10:00:00,45.262676
2013-11-07 11:00:00,42.9156
2013-11-07 12:00:00,58.213135
2013-11-07 13:00:00,65.07682
2013-11-07 14:00:00,67.21021
2013-11-07 15:00:00,73.85232
2013-11-07 16:00:00,76.70676
2013-11-07 17:00:00,75.83762
2013-11-07 18:00:00,76.64415
2013-11-07 19:00:00,79.22687
2013-11-07 1:00:00,21.839962
2013-11-07 20:00:00,71.388374
2013-11-07 21:00:00,78.915
2013-11-07 22:00:00,86.28409
2013-11-07 23:00:00,81.73155
2013-11-07 2:00:00,21.725964
2013-11-07 3:00:00,21.791374
2013-11-07 4:00:00,21.54226
2013-11-07 5:00:00,21.50151
2013-11-07 6:00:00,31.037167
2013-11-07 7:00:00,25.618973
2013-11-07 8:00:00,33.79486
2013-11-07 9:00:00,31.15635
2013-11-08 0:00:00,81.91232
2013-11-08 10:00:00,149.3032
2013-11-08 11:00:00,160.10301
2013-11-08 12:00:00,177.496
2013-11-08 13:00:00,193.05225
2013-11-08 14:00:00,205.44229
2013-11-08 15:00:00,226.8682
2013-11-08 16:00:00,246.64696
2013-11-08 17:00:00,265.43314
2013-11-08 18:00:00,335.36136
2013-11-08 19:00:00,262.6174
2013-11-08 1:00:00,90.27992
2013-11-08 20:00:00,273.93356
2013-11-08 21:00:00,259.87845
2013-11-08 22:00:00,245.85603
2013-11-08 23:00:00,229.55884
2013-11-08 2:00:00,93.89438
2013-11-08 3:00:00,86.74367
2013-11-08 4:00:00,85.11381
2013-11-08 5:00:00,167.85252
2013-11-08 6:00:00,147.42592
2013-11-08 7:00:00,160.1915
2013-11-08 8:00:00,159.34679
2013-11-08 9:00:00,161.19377
2013-11-09 0:00:00,230.7727
2013-11-09 10:00:00,229.61882
2013-11-09 11:00:00,196.70515
2013-11-09 12:00:00,156.12894
2013-11-09 13:00:00,220.82753
2013-11-09 14:00:00,170.95027
2013-11-09 15:00:00,219.12767
2013-11-09 16:00:00,127.40036
2013-11-09 17:00:00,90.64473
2013-11-09 18:00:00,48.187668
2013-11-09 19:00:00,26.84502
2013-11-09 1:00:00,232.1349
2013-11-09 20:00:00,23.523174
2013-11-09 21:00:00,22.47789
2013-11-09 22:00:00,21.977234
2013-11-09 23:00:00,21.863228
2013-11-09 2:00:00,223.30533
2013-11-09 3:00:00,196.99768
2013-11-09 4:00:00,184.25395
2013-11-09 5:00:00,202.09283
2013-11-09 6:00:00,200.73683
2013-11-09 7:00:00,215.83955
2013-11-09 8:00:00,192.54182
2013-11-09 9:00:00,194.11818
2013-11-10 0:00:00,21.859657
2013-11-10 10:00:00,21.642567
2013-11-10 11:00:00,21.606506
2013-11-10 12:00:00,21.681087
2013-11-10 13:00:00,21.75367
2013-11-10 14:00:00,21.840271
2013-11-10 15:00:00,21.829254
2013-11-10 16:00:00,21.8521
2013-11-10 17:00:00,21.940765
2013-11-10 18:00:00,26.16286
2013-11-10 19:00:00,36.499653
2013-11-10 1:00:00,21.737045
2013-11-10 20:00:00,26.004372
2013-11-10 21:00:00,26.638824
2013-11-10 22:00:00,27.407635
2013-11-10 23:00:00,48.14761
2013-11-10 2:00:00,21.43853
2013-11-10 3:00:00,21.201344
2013-11-10 4:00:00,21.369461
2013-11-10 5:00:00,21.579475
2013-11-10 6:00:00,21.549412
2013-11-10 7:00:00,21.560108
2013-11-10 8:00:00,21.57367
2013-11-10 9:00:00,21.606476
2013-11-11 0:00:00,59.57179
2013-11-11 10:00:00,63.142742
2013-11-11 11:00:00,54.893875
2013-11-11 12:00:00,49.81018
2013-11-11 13:00:00,67.48506
2013-11-11 14:00:00,73.03999
2013-11-11 15:00:00,75.72179
2013-11-11 16:00:00,73.58832
2013-11-11 17:00:00,86.225784
2013-11-11 18:00:00,89.28024
2013-11-11 19:00:00,92.01291
2013-11-11 1:00:00,59.04774
2013-11-11 20:00:00,99.30473
2013-11-11 21:00:00,126.14667
2013-11-11 22:00:00,138.67088
2013-11-11 23:00:00,128.38556
2013-11-11 2:00:00,73.55812
2013-11-11 3:00:00,55.877888
2013-11-11 4:00:00,62.7342
2013-11-11 5:00:00,60.91563
2013-11-11 6:00:00,64.10266
2013-11-11 7:00:00,64.48186
2013-11-11 8:00:00,71.87376
2013-11-11 9:00:00,52.640537
2013-11-12 0:00:00,166.52078
2013-11-12 10:00:00,105.87147
2013-11-12 11:00:00,104.81662
2013-11-12 12:00:00,124.62106
2013-11-12 13:00:00,113.497406
2013-11-12 14:00:00,108.58066
2013-11-12 15:00:00,100.19585
2013-11-12 16:00:00,135.00945
2013-11-12 17:00:00,123.63574
2013-11-12 18:00:00,187.10135
2013-11-12 19:00:00,210.37083
2013-11-12 1:00:00,155.00496
2013-11-12 20:00:00,211.36537
2013-11-12 21:00:00,215.35133
2013-11-12 22:00:00,213.06084
2013-11-12 23:00:00,191.69514
2013-11-12 2:00:00,130.4222
2013-11-12 3:00:00,138.39174
2013-11-12 4:00:00,129.01427
2013-11-12 5:00:00,130.65302
2013-11-12 6:00:00,122.50476
2013-11-12 7:00:00,131.12883
2013-11-12 8:00:00,120.04819
2013-11-12 9:00:00,115.90608
2013-11-13 0:00:00,206.61653
2013-11-13 10:00:00,161.40057
2013-11-13 11:00:00,154.2748
2013-11-13 12:00:00,146.20232
2013-11-13 13:00:00,157.41566
2013-11-13 14:00:00,169.00357
2013-11-13 15:00:00,190.81529
2013-11-13 16:00:00,198.19978
2013-11-13 17:00:00,206.52274
2013-11-13 18:00:00,211.53561
2013-11-13 19:00:00,229.84932
2013-11-13 1:00:00,138.80952
2013-11-13 20:00:00,246.54521
2013-11-13 21:00:00,282.8058
2013-11-13 22:00:00,290.7771
2013-11-13 23:00:00,230.15752
2013-11-13 2:00:00,144.81938
2013-11-13 3:00:00,121.80002
2013-11-13 4:00:00,124.98956
2013-11-13 5:00:00,134.27722
2013-11-13 6:00:00,127.84064
2013-11-13 7:00:00,128.2958
2013-11-13 8:00:00,141.95914
2013-11-13 9:00:00,158.9532
2013-11-14 0:00:00,225.31435
2013-11-14 10:00:00,78.74771
2013-11-14 11:00:00,46.254982
2013-11-14 12:00:00,32.009674
2013-11-14 13:00:00,27.358257
2013-11-14 14:00:00,23.803844
2013-11-14 15:00:00,22.862442
2013-11-14 16:00:00,22.31802
2013-11-14 17:00:00,22.099136
2013-11-14 18:00:00,30.144444
2013-11-14 19:00:00,38.737667
2013-11-14 1:00:00,214.53227
2013-11-14 20:00:00,39.360973
2013-11-14 21:00:00,39.909584
2013-11-14 22:00:00,42.04624
2013-11-14 23:00:00,28.55661
2013-11-14 2:00:00,192.44377
2013-11-14 3:00:00,172.92549
2013-11-14 4:00:00,127.25067
2013-11-14 5:00:00,135.25743
2013-11-14 6:00:00,79.476364
2013-11-14 7:00:00,49.211395
2013-11-14 8:00:00,80.99296
2013-11-14 9:00:00,77.49478
2013-11-15 0:00:00,32.695633
2013-11-15 10:00:00,141.63397
2013-11-15 11:00:00,119.20314
2013-11-15 12:00:00,113.58578
2013-11-15 13:00:00,96.89251
2013-11-15 14:00:00,98.1779
2013-11-15 15:00:00,92.516785
2013-11-15 16:00:00,100.45049
2013-11-15 17:00:00,122.3436
2013-11-15 18:00:00,113.08107
2013-11-15 19:00:00,98.68576
2013-11-15 1:00:00,44.49492
2013-11-15 20:00:00,141.59033
2013-11-15 21:00:00,201.1832
2013-11-15 22:00:00,199.90685
2013-11-15 23:00:00,203.1798
2013-11-15 2:00:00,38.062492
2013-11-15 3:00:00,44.580246
2013-11-15 4:00:00,72.08804
2013-11-15 5:00:00,73.01271
2013-11-15 6:00:00,124.98832
2013-11-15 7:00:00,142.93585
2013-11-15 8:00:00,134.88338
2013-11-15 9:00:00,131.62898
2013-11-16 0:00:00,197.69777
2013-11-16 10:00:00,31.338516
2013-11-16 11:00:00,27.632992
2013-11-16 12:00:00,24.79736
2013-11-16 13:00:00,23.921703
2013-11-16 14:00:00,23.085236
2013-11-16 15:00:00,22.910297
2013-11-16 16:00:00,22.498055
2013-11-16 17:00:00,22.208427
2013-11-16 18:00:00,22.340744
2013-11-16 19:00:00,22.609451
2013-11-16 1:00:00,161.45828
2013-11-16 20:00:00,22.570595
2013-11-16 21:00:00,22.499222
2013-11-16 22:00:00,22.659412
2013-11-16 23:00:00,22.700027
2013-11-16 2:00:00,178.84511
2013-11-16 3:00:00,142.68861
2013-11-16 4:00:00,135.64693
2013-11-16 5:00:00,139.98134
2013-11-16 6:00:00,145.41267
2013-11-16 7:00:00,119.882706
2013-11-16 8:00:00,76.984955
2013-11-16 9:00:00,41.430557
2013-11-17 0:00:00,22.519829
2013-11-17 10:00:00,25.344856
2013-11-17 11:00:00,24.384308
2013-11-17 12:00:00,24.954384
2013-11-17 13:00:00,24.901543
2013-11-17 14:00:00,24.83369
2013-11-17 15:00:00,24.767956
2013-11-17 16:00:00,25.003017
2013-11-17 17:00:00,26.594292
2013-11-17 18:00:00,26.697319
2013-11-17 19:00:00,27.428974
2013-11-17 1:00:00,31.868645
2013-11-17 20:00:00,27.197865
2013-11-17 21:00:00,27.690254
2013-11-17 22:00:00,28.319809
2013-11-17 23:00:00,28.081669
2013-11-17 2:00:00,34.09899
2013-11-17 3:00:00,40.623512
2013-11-17 4:00:00,43.477104
2013-11-17 5:00:00,49.3378
2013-11-17 6:00:00,34.55091
2013-11-17 7:00:00,26.45898
2013-11-17 8:00:00,25.252022
2013-11-17 9:00:00,24.938713
2013-11-18 0:00:00,22.51865
2013-11-18 10:00:00,22.27964
2013-11-18 11:00:00,22.273514
2013-11-18 12:00:00,22.33023
2013-11-18 13:00:00,22.517643
2013-11-18 14:00:00,22.89542
2013-11-18 15:00:00,22.87341
2013-11-18 16:00:00,22.833134
2013-11-18 17:00:00,22.86578
2013-11-18 18:00:00,22.893341
2013-11-18 19:00:00,22.954521
2013-11-18 1:00:00,22.245567
2013-11-18 20:00:00,24.653843
2013-11-18 21:00:00,25.272766
2013-11-18 22:00:00,25.854832
2013-11-18 23:00:00,25.722687
2013-11-18 2:00:00,22.045097
2013-11-18 3:00:00,21.985386
2013-11-18 4:00:00,21.94431
2013-11-18 5:00:00,21.958279
2013-11-18 6:00:00,21.974545
2013-11-18 7:00:00,21.97633
2013-11-18 8:00:00,22.038368
2013-11-18 9:00:00,22.11599
2013-11-19 0:00:00,25.454678
2013-11-19 10:00:00,44.379295
2013-11-19 11:00:00,52.29074
2013-11-19 12:00:00,50.89644
2013-11-19 13:00:00,48.342667
2013-11-19 14:00:00,67.12842
2013-11-19 15:00:00,67.22932
2013-11-19 16:00:00,79.224625
2013-11-19 17:00:00,77.738556
2013-11-19 18:00:00,81.59359
2013-11-19 19:00:00,97.24512
2013-11-19 1:00:00,25.407707
2013-11-19 20:00:00,97.636116
2013-11-19 21:00:00,98.07915
2013-11-19 22:00:00,102.65466
2013-11-19 23:00:00,98.85315
2013-11-19 2:00:00,26.648712
2013-11-19 3:00:00,27.338116
2013-11-19 4:00:00,29.52163
2013-11-19 5:00:00,30.453903
2013-11-19 6:00:00,34.967144
2013-11-19 7:00:00,68.88287
2013-11-19 8:00:00,63.316
2013-11-19 9:00:00,58.72113
2013-11-20 0:00:00,108.099075
2013-11-20 10:00:00,47.419
2013-11-20 11:00:00,50.946884
2013-11-20 12:00:00,90.26735
2013-11-20 13:00:00,89.76128
2013-11-20 14:00:00,81.923355
2013-11-20 15:00:00,106.79953
2013-11-20 16:00:00,83.36569
2013-11-20 17:00:00,97.468735
2013-11-20 18:00:00,103.60748
2013-11-20 19:00:00,151.67995
2013-11-20 1:00:00,110.19162
2013-11-20 20:00:00,136.35205
2013-11-20 21:00:00,184.79338
2013-11-20 22:00:00,161.13179
2013-11-20 23:00:00,163.70987
2013-11-20 2:00:00,125.35777
2013-11-20 3:00:00,119.10165
2013-11-20 4:00:00,121.49412
2013-11-20 5:00:00,116.97729
2013-11-20 6:00:00,115.97209
2013-11-20 7:00:00,103.54036
2013-11-20 8:00:00,84.16416
2013-11-20 9:00:00,70.939125
2013-11-21 0:00:00,196.00371
2013-11-21 10:00:00,174.7899
2013-11-21 11:00:00,164.65694
2013-11-21 12:00:00,153.28737
2013-11-21 13:00:00,127.14371
2013-11-21 14:00:00,138.23817
2013-11-21 15:00:00,137.47916
2013-11-21 16:00:00,132.09319
2013-11-21 17:00:00,120.277756
2013-11-21 18:00:00,144.39485
2013-11-21 19:00:00,175.2549
2013-11-21 1:00:00,199.41168
2013-11-21 20:00:00,171.51143
2013-11-21 21:00:00,208.84819
2013-11-21 22:00:00,218.67247
2013-11-21 23:00:00,217.6577
2013-11-21 2:00:00,193.89038
2013-11-21 3:00:00,179.42291
2013-11-21 4:00:00,169.66182
2013-11-21 5:00:00,169.00917
2013-11-21 6:00:00,162.7165
2013-11-21 7:00:00,170.35948
2013-11-21 8:00:00,160.33815
2013-11-21 9:00:00,166.47585
2013-11-22 0:00:00,194.05083
2013-11-22 10:00:00,97.89991
2013-11-22 11:00:00,88.73886
2013-11-22 12:00:00,131.54903
2013-11-22 13:00:00,145.2464
2013-11-22 14:00:00,184.23445
2013-11-22 15:00:00,202.22285
2013-11-22 16:00:00,251.44334
2013-11-22 17:00:00,213.02309
2013-11-22 18:00:00,217.37791
2013-11-22 19:00:00,238.94707
2013-11-22 1:00:00,209.60068
2013-11-22 20:00:00,244.65732
2013-11-22 21:00:00,226.78018
2013-11-22 22:00:00,190.24309
2013-11-22 23:00:00,212.72897
2013-11-22 2:00:00,188.82256
2013-11-22 3:00:00,188.73753
2013-11-22 4:00:00,167.06194
2013-11-22 5:00:00,163.24516
2013-11-22 6:00:00,156.05315
2013-11-22 7:00:00,184.489
2013-11-22 8:00:00,149.1114
2013-11-22 9:00:00,129.27008
2013-11-23 0:00:00,189.5153
2013-11-23 10:00:00,185.35461
2013-11-23 11:00:00,219.85796
2013-11-23 12:00:00,225.91472
2013-11-23 13:00:00,186.91313
2013-11-23 14:00:00,171.95773
2013-11-23 15:00:00,136.5746
2013-11-23 16:00:00,99.01668
2013-11-23 17:00:00,157.49904
2013-11-23 18:00:00,193.25456
2013-11-23 19:00:00,243.02132
2013-11-23 1:00:00,157.37863
2013-11-23 20:00:00,213.57097
2013-11-23 21:00:00,215.32796
2013-11-23 22:00:00,209.46323
2013-11-23 23:00:00,214.67015
2013-11-23 2:00:00,172.63808
2013-11-23 3:00:00,199.38716
2013-11-23 4:00:00,184.4207
2013-11-23 5:00:00,153.65822
2013-11-23 6:00:00,120.04147
2013-11-23 7:00:00,107.6032
2013-11-23 8:00:00,125.104836
2013-11-23 9:00:00,156.22481
2013-11-24 0:00:00,201.5484
2013-11-24 10:00:00,125.24062
2013-11-24 11:00:00,111.08536
2013-11-24 12:00:00,72.13216
2013-11-24 13:00:00,42.00905
2013-11-24 14:00:00,34.4054
2013-11-24 15:00:00,29.929573
2013-11-24 16:00:00,34.870533
2013-11-24 17:00:00,83.92955
2013-11-24 18:00:00,204.78639
2013-11-24 19:00:00,69.82279
2013-11-24 1:00:00,151.26405
2013-11-24 20:00:00,72.822014
2013-11-24 21:00:00,62.618095
2013-11-24 22:00:00,36.86141
2013-11-24 23:00:00,29.714058
2013-11-24 2:00:00,152.96886
2013-11-24 3:00:00,165.50876
2013-11-24 4:00:00,159.47588
2013-11-24 5:00:00,192.82759
2013-11-24 6:00:00,231.7058
2013-11-24 7:00:00,231.25835
2013-11-24 8:00:00,192.64674
2013-11-24 9:00:00,176.49492
2013-11-25 0:00:00,25.654137
2013-11-25 10:00:00,23.036411
2013-11-25 11:00:00,22.995056
2013-11-25 12:00:00,23.006142
2013-11-25 13:00:00,23.215847
2013-11-25 14:00:00,23.04889
2013-11-25 15:00:00,22.434265
2013-11-25 16:00:00,22.365055
2013-11-25 17:00:00,22.525322
2013-11-25 18:00:00,22.590042
2013-11-25 19:00:00,22.654575
2013-11-25 1:00:00,23.35534
2013-11-25 20:00:00,31.994644
2013-11-25 21:00:00,33.266945
2013-11-25 22:00:00,35.961227
2013-11-25 23:00:00,34.364784
2013-11-25 2:00:00,22.863525
2013-11-25 3:00:00,23.691345
2013-11-25 4:00:00,22.716797
2013-11-25 5:00:00,22.671627
2013-11-25 6:00:00,22.432533
2013-11-25 7:00:00,22.680267
2013-11-25 8:00:00,22.79678
2013-11-25 9:00:00,23.24522
2013-11-26 0:00:00,41.91667
2013-11-26 10:00:00,36.60488
2013-11-26 11:00:00,44.248554
2013-11-26 12:00:00,37.335403
2013-11-26 13:00:00,43.3089
2013-11-26 14:00:00,42.341965
2013-11-26 15:00:00,39.399246
2013-11-26 16:00:00,35.844307
2013-11-26 17:00:00,33.606274
2013-11-26 18:00:00,29.998596
2013-11-26 19:00:00,23.05045
2013-11-26 1:00:00,40.045097
2013-11-26 20:00:00,22.801632
2013-11-26 21:00:00,22.776196
2013-11-26 22:00:00,22.612247
2013-11-26 23:00:00,22.498077
2013-11-26 2:00:00,41.974525
2013-11-26 3:00:00,33.51948
2013-11-26 4:00:00,50.649532
2013-11-26 5:00:00,50.69275
2013-11-26 6:00:00,53.925003
2013-11-26 7:00:00,72.2491
2013-11-26 8:00:00,69.35743
2013-11-26 9:00:00,66.66011
2013-11-27 0:00:00,22.562576
2013-11-27 10:00:00,22.405579
2013-11-27 11:00:00,22.420319
2013-11-27 12:00:00,22.483532
2013-11-27 13:00:00,22.554821
2013-11-27 14:00:00,22.56123
2013-11-27 15:00:00,22.546307
2013-11-27 16:00:00,22.459873
2013-11-27 17:00:00,22.456757
2013-11-27 18:00:00,22.572891
2013-11-27 19:00:00,22.963741
2013-11-27 1:00:00,22.62379
2013-11-27 20:00:00,23.221828
2013-11-27 21:00:00,23.7299
2013-11-27 22:00:00,23.783173
2013-11-27 23:00:00,23.89418
2013-11-27 2:00:00,22.63144
2013-11-27 3:00:00,22.491821
2013-11-27 4:00:00,22.42551
2013-11-27 5:00:00,22.241795
2013-11-27 6:00:00,22.3256
2013-11-27 7:00:00,22.402275
2013-11-27 8:00:00,22.33411
2013-11-27 9:00:00,22.321033
2013-11-28 0:00:00,24.027542
2013-11-28 10:00:00,25.081177
2013-11-28 11:00:00,25.171364
2013-11-28 12:00:00,25.252388
2013-11-28 13:00:00,25.467846
2013-11-28 14:00:00,25.642826
2013-11-28 15:00:00,25.737465
2013-11-28 16:00:00,25.804413
2013-11-28 17:00:00,25.946712
2013-11-28 18:00:00,26.209019
2013-11-28 19:00:00,26.336433
2013-11-28 1:00:00,24.126888
2013-11-28 20:00:00,26.5037
2013-11-28 21:00:00,26.546597
2013-11-28 22:00:00,26.554745
2013-11-28 23:00:00,26.57859
2013-11-28 2:00:00,24.327099
2013-11-28 3:00:00,24.41998
2013-11-28 4:00:00,24.500153
2013-11-28 5:00:00,24.691483
2013-11-28 6:00:00,24.810123
2013-11-28 7:00:00,24.961346
2013-11-28 8:00:00,25.104843
2013-11-28 9:00:00,25.122768
2013-11-29 0:00:00,26.639858
2013-11-29 10:00:00,41.968906
2013-11-29 11:00:00,46.878334
2013-11-29 12:00:00,51.048943
2013-11-29 13:00:00,53.234398
2013-11-29 14:00:00,68.67233
2013-11-29 15:00:00,76.5095
2013-11-29 16:00:00,75.69295
2013-11-29 17:00:00,69.34393
2013-11-29 18:00:00,69.21614
2013-11-29 19:00:00,83.79091
2013-11-29 1:00:00,26.864101
2013-11-29 20:00:00,115.6461
2013-11-29 21:00:00,113.42091
2013-11-29 22:00:00,91.2495
2013-11-29 23:00:00,158.58554
2013-11-29 2:00:00,32.119297
2013-11-29 3:00:00,26.847225
2013-11-29 4:00:00,26.467415
2013-11-29 5:00:00,26.143574
2013-11-29 6:00:00,26.45364
2013-11-29 7:00:00,26.849731
2013-11-29 8:00:00,43.337334
2013-11-29 9:00:00,52.056236
2013-11-30 0:00:00,84.24481
2013-11-30 10:00:00,92.378204
2013-11-30 11:00:00,84.09975
2013-11-30 12:00:00,68.75823
2013-11-30 13:00:00,44.77381
2013-11-30 14:00:00,30.146782
2013-11-30 15:00:00,27.170254
2013-11-30 16:00:00,48.42301
2013-11-30 17:00:00,37.46928
2013-11-30 18:00:00,58.303406
2013-11-30 19:00:00,58.625618
2013-11-30 1:00:00,125.903915
2013-11-30 20:00:00,67.986176
2013-11-30 21:00:00,78.60788
2013-11-30 22:00:00,92.642365
2013-11-30 23:00:00,88.19054
2013-11-30 2:00:00,110.2341
2013-11-30 3:00:00,102.06816
2013-11-30 4:00:00,96.710205
2013-11-30 5:00:00,95.87483
2013-11-30 6:00:00,90.46127
2013-11-30 7:00:00,85.61268
2013-11-30 8:00:00,52.823166
2013-11-30 9:00:00,56.89283
2013-12-01 0:00:00,115.35423
2013-12-01 10:00:00,122.02641
2013-12-01 11:00:00,140.56277
2013-12-01 12:00:00,125.14557
2013-12-01 13:00:00,114.083466
2013-12-01 14:00:00,107.2296
2013-12-01 15:00:00,116.12504
2013-12-01 16:00:00,124.531
2013-12-01 17:00:00,130.1767
2013-12-01 18:00:00,122.97529
2013-12-01 19:00:00,123.19664
2013-12-01 1:00:00,94.36891
2013-12-01 20:00:00,119.24421
2013-12-01 21:00:00,134.81693
2013-12-01 22:00:00,175.68608
2013-12-01 23:00:00,184.09549
2013-12-01 2:00:00,94.26958
2013-12-01 3:00:00,91.1154
2013-12-01 4:00:00,88.249466
2013-12-01 5:00:00,88.44434
2013-12-01 6:00:00,108.98988
2013-12-01 7:00:00,123.9949
2013-12-01 8:00:00,132.56808
2013-12-01 9:00:00,145.12141
2013-12-02 0:00:00,215.50854
2013-12-02 10:00:00,101.36342
2013-12-02 11:00:00,95.44222
2013-12-02 12:00:00,80.783585
2013-12-02 13:00:00,94.38295
2013-12-02 14:00:00,82.16598
2013-12-02 15:00:00,112.543816
2013-12-02 16:00:00,98.79918
2013-12-02 17:00:00,171.03735
2013-12-02 18:00:00,200.23994
2013-12-02 19:00:00,227.06505
2013-12-02 1:00:00,109.880684
2013-12-02 20:00:00,153.1172
2013-12-02 21:00:00,136.94847
2013-12-02 22:00:00,142.33127
2013-12-02 23:00:00,138.01314
2013-12-02 2:00:00,180.04686
2013-12-02 3:00:00,166.63835
2013-12-02 4:00:00,163.48201
2013-12-02 5:00:00,152.20285
2013-12-02 6:00:00,145.94125
2013-12-02 7:00:00,134.21965
2013-12-02 8:00:00,137.36815
2013-12-02 9:00:00,118.36519
2013-12-03 0:00:00,146.00786
2013-12-03 10:00:00,96.967285
2013-12-03 11:00:00,102.8415
2013-12-03 12:00:00,108.215256
2013-12-03 13:00:00,88.8708
2013-12-03 14:00:00,86.99835
2013-12-03 15:00:00,81.8687
2013-12-03 16:00:00,51.19631
2013-12-03 17:00:00,39.29199
2013-12-03 18:00:00,33.500427
2013-12-03 19:00:00,36.32091
2013-12-03 1:00:00,162.99254
2013-12-03 20:00:00,57.75448
2013-12-03 21:00:00,73.973724
2013-12-03 22:00:00,81.496346
2013-12-03 23:00:00,72.3651
2013-12-03 2:00:00,152.955
2013-12-03 3:00:00,144.84065
2013-12-03 4:00:00,127.27454
2013-12-03 5:00:00,101.63756
2013-12-03 6:00:00,86.25902
2013-12-03 7:00:00,123.83595
2013-12-03 8:00:00,134.24612
2013-12-03 9:00:00,163.94835
2013-12-04 0:00:00,74.75677
2013-12-04 10:00:00,137.86433
2013-12-04 11:00:00,121.248795
2013-12-04 12:00:00,115.794846
2013-12-04 13:00:00,98.804886
2013-12-04 14:00:00,86.09908
2013-12-04 15:00:00,74.11462
2013-12-04 16:00:00,65.60312
2013-12-04 17:00:00,140.19295
2013-12-04 18:00:00,170.30194
2013-12-04 19:00:00,212.08818
2013-12-04 1:00:00,65.898315
2013-12-04 20:00:00,237.8423
2013-12-04 21:00:00,254.3283
2013-12-04 22:00:00,248.98674
2013-12-04 23:00:00,238.60515
2013-12-04 2:00:00,60.446648
2013-12-04 3:00:00,74.68219
2013-12-04 4:00:00,73.504715
2013-12-04 5:00:00,87.36243
2013-12-04 6:00:00,118.06654
2013-12-04 7:00:00,125.072044
2013-12-04 8:00:00,130.2023
2013-12-04 9:00:00,132.9137
2013-12-05 0:00:00,233.72467
2013-12-05 10:00:00,65.27278
2013-12-05 11:00:00,29.809425
2013-12-05 12:00:00,60.40471
2013-12-05 13:00:00,34.59767
2013-12-05 14:00:00,29.707829
2013-12-05 15:00:00,55.736076
2013-12-05 16:00:00,79.49552
2013-12-05 17:00:00,97.57893
2013-12-05 18:00:00,105.227066
2013-12-05 19:00:00,104.32835
2013-12-05 1:00:00,197.29582
2013-12-05 20:00:00,93.86696
2013-12-05 21:00:00,93.26077
2013-12-05 22:00:00,93.2691
2013-12-05 23:00:00,106.0164
2013-12-05 2:00:00,196.05559
2013-12-05 3:00:00,226.23701
2013-12-05 4:00:00,151.6603
2013-12-05 5:00:00,166.81537
2013-12-05 6:00:00,173.00443
2013-12-05 7:00:00,132.78664
2013-12-05 8:00:00,142.55312
2013-12-05 9:00:00,114.86547
2013-12-06 0:00:00,102.45392
2013-12-06 10:00:00,130.78221
2013-12-06 11:00:00,131.24721
2013-12-06 12:00:00,126.398796
2013-12-06 13:00:00,143.7122
2013-12-06 14:00:00,173.51567
2013-12-06 15:00:00,180.23584
2013-12-06 16:00:00,208.76653
2013-12-06 17:00:00,217.30179
2013-12-06 18:00:00,235.69304
2013-12-06 19:00:00,249.00027
2013-12-06 1:00:00,105.47
2013-12-06 20:00:00,285.59805
2013-12-06 21:00:00,284.3675
2013-12-06 22:00:00,310.1628
2013-12-06 23:00:00,291.20743
2013-12-06 2:00:00,132.78885
2013-12-06 3:00:00,133.98488
2013-12-06 4:00:00,143.19937
2013-12-06 5:00:00,155.03285
2013-12-06 6:00:00,145.68414
2013-12-06 7:00:00,135.63582
2013-12-06 8:00:00,126.70953
2013-12-06 9:00:00,135.71526
2013-12-07 0:00:00,271.41867
2013-12-07 10:00:00,211.93134
2013-12-07 11:00:00,191.28186
2013-12-07 12:00:00,228.81775
2013-12-07 13:00:00,236.86891
2013-12-07 14:00:00,228.81932
2013-12-07 15:00:00,247.99309
2013-12-07 16:00:00,250.38213
2013-12-07 17:00:00,206.20993
2013-12-07 18:00:00,236.39641
2013-12-07 19:00:00,226.75258
2013-12-07 1:00:00,239.7166
2013-12-07 20:00:00,213.22484
2013-12-07 21:00:00,208.44786
2013-12-07 22:00:00,308.87778
2013-12-07 23:00:00,330.0617
2013-12-07 2:00:00,236.37096
2013-12-07 3:00:00,216.32028
2013-12-07 4:00:00,234.45233
2013-12-07 5:00:00,238.9796
2013-12-07 6:00:00,227.97668
2013-12-07 7:00:00,205.56584
2013-12-07 8:00:00,199.91006
2013-12-07 9:00:00,218.21277
2013-12-08 0:00:00,227.36504
2013-12-08 10:00:00,246.75581
2013-12-08 11:00:00,194.17815
2013-12-08 12:00:00,182.79448
2013-12-08 13:00:00,170.77449
2013-12-08 14:00:00,147.9169
2013-12-08 15:00:00,178.86368
2013-12-08 16:00:00,92.02254
2013-12-08 17:00:00,55.980892
2013-12-08 18:00:00,34.264935
2013-12-08 19:00:00,28.325817
2013-12-08 1:00:00,266.07657
2013-12-08 20:00:00,24.688667
2013-12-08 21:00:00,23.965122
2013-12-08 22:00:00,22.721298
2013-12-08 23:00:00,21.99347
2013-12-08 2:00:00,210.56993
2013-12-08 3:00:00,194.80972
2013-12-08 4:00:00,225.89815
2013-12-08 5:00:00,225.97083
2013-12-08 6:00:00,228.3554
2013-12-08 7:00:00,229.3788
2013-12-08 8:00:00,222.32884
2013-12-08 9:00:00,253.36287
2013-12-09 0:00:00,21.650978
2013-12-09 10:00:00,21.943993
2013-12-09 11:00:00,22.071068
2013-12-09 12:00:00,22.353981
2013-12-09 13:00:00,22.350391
2013-12-09 14:00:00,22.483685
2013-12-09 15:00:00,22.604534
2013-12-09 16:00:00,22.462883
2013-12-09 17:00:00,22.242363
2013-12-09 18:00:00,24.57484
2013-12-09 19:00:00,26.314293
2013-12-09 1:00:00,21.507053
2013-12-09 20:00:00,34.763107
2013-12-09 21:00:00,37.009796
2013-12-09 22:00:00,41.08335
2013-12-09 23:00:00,35.261353
2013-12-09 2:00:00,21.872025
2013-12-09 3:00:00,21.755615
2013-12-09 4:00:00,21.894741
2013-12-09 5:00:00,21.812138
2013-12-09 6:00:00,21.70832
2013-12-09 7:00:00,21.752254
2013-12-09 8:00:00,21.718044
2013-12-09 9:00:00,21.673553
2013-12-10 0:00:00,30.088913
2013-12-10 10:00:00,98.587715
2013-12-10 11:00:00,95.75482
2013-12-10 12:00:00,61.78261
2013-12-10 13:00:00,57.583153
2013-12-10 14:00:00,44.43386
2013-12-10 15:00:00,36.32696
2013-12-10 16:00:00,29.7766
2013-12-10 17:00:00,23.752369
2013-12-10 18:00:00,23.2952
2013-12-10 19:00:00,23.19981
2013-12-10 1:00:00,40.793816
2013-12-10 20:00:00,23.171055
2013-12-10 21:00:00,23.211079
2013-12-10 22:00:00,23.285572
2013-12-10 23:00:00,23.129139
2013-12-10 2:00:00,38.532494
2013-12-10 3:00:00,34.15436
2013-12-10 4:00:00,60.269608
2013-12-10 5:00:00,64.46413
2013-12-10 6:00:00,68.023834
2013-12-10 7:00:00,69.57708
2013-12-10 8:00:00,83.6277
2013-12-10 9:00:00,87.25598
2013-12-11 0:00:00,23.010574
2013-12-11 10:00:00,69.17207
2013-12-11 11:00:00,69.25044
2013-12-11 12:00:00,69.36041
2013-12-11 13:00:00,41.967545
2013-12-11 14:00:00,25.942928
2013-12-11 15:00:00,25.630322
2013-12-11 16:00:00,26.677399
2013-12-11 17:00:00,27.52068
2013-12-11 18:00:00,42.65898
2013-12-11 19:00:00,61.27316
2013-12-11 1:00:00,23.428951
2013-12-11 20:00:00,51.814926
2013-12-11 21:00:00,50.34646
2013-12-11 22:00:00,69.14475
2013-12-11 23:00:00,58.194084
2013-12-11 2:00:00,23.24519
2013-12-11 3:00:00,23.036129
2013-12-11 4:00:00,22.701069
2013-12-11 5:00:00,29.721985
2013-12-11 6:00:00,57.422333
2013-12-11 7:00:00,64.80849
2013-12-11 8:00:00,70.267075
2013-12-11 9:00:00,74.14494
2013-12-12 0:00:00,45.163074
2013-12-12 10:00:00,24.016254
2013-12-12 11:00:00,23.667217
2013-12-12 12:00:00,24.016998
2013-12-12 13:00:00,23.742996
2013-12-12 14:00:00,23.36908
2013-12-12 15:00:00,23.08284
2013-12-12 16:00:00,22.623528
2013-12-12 17:00:00,22.336819
2013-12-12 18:00:00,22.129333
2013-12-12 19:00:00,23.390697
2013-12-12 1:00:00,61.07271
2013-12-12 20:00:00,31.489151
2013-12-12 21:00:00,38.31008
2013-12-12 22:00:00,49.018883
2013-12-12 23:00:00,60.657875
2013-12-12 2:00:00,59.538498
2013-12-12 3:00:00,59.88585
2013-12-12 4:00:00,99.97651
2013-12-12 5:00:00,94.49579
2013-12-12 6:00:00,98.96643
2013-12-12 7:00:00,80.6643
2013-12-12 8:00:00,39.49489
2013-12-12 9:00:00,26.030746
2013-12-13 0:00:00,66.626076
2013-12-13 10:00:00,76.70058
2013-12-13 11:00:00,80.010574
2013-12-13 12:00:00,78.81088
2013-12-13 13:00:00,79.89747
2013-12-13 14:00:00,78.16087
2013-12-13 15:00:00,72.944244
2013-12-13 16:00:00,72.59706
2013-12-13 17:00:00,70.88589
2013-12-13 18:00:00,99.759125
2013-12-13 19:00:00,85.909134
2013-12-13 1:00:00,65.42865
2013-12-13 20:00:00,47.564728
2013-12-13 21:00:00,72.183784
2013-12-13 22:00:00,113.81268
2013-12-13 23:00:00,88.454796
2013-12-13 2:00:00,67.256966
2013-12-13 3:00:00,69.17114
2013-12-13 4:00:00,65.99597
2013-12-13 5:00:00,101.24571
2013-12-13 6:00:00,92.678696
2013-12-13 7:00:00,87.93502
2013-12-13 8:00:00,59.410915
2013-12-13 9:00:00,61.86491
2013-12-14 0:00:00,85.24762
2013-12-14 10:00:00,52.969475
2013-12-14 11:00:00,25.732006
2013-12-14 12:00:00,23.453255
2013-12-14 13:00:00,23.124786
2013-12-14 14:00:00,23.150288
2013-12-14 15:00:00,37.86118
2013-12-14 16:00:00,44.809692
2013-12-14 17:00:00,76.36452
2013-12-14 18:00:00,76.959305
2013-12-14 19:00:00,65.906235
2013-12-14 1:00:00,76.34972
2013-12-14 20:00:00,72.790924
2013-12-14 21:00:00,59.25116
2013-12-14 22:00:00,88.994644
2013-12-14 23:00:00,101.37825
2013-12-14 2:00:00,75.284645
2013-12-14 3:00:00,65.63509
2013-12-14 4:00:00,48.360077
2013-12-14 5:00:00,65.150116
2013-12-14 6:00:00,93.20165
2013-12-14 7:00:00,95.97769
2013-12-14 8:00:00,83.965485
2013-12-14 9:00:00,83.98812
2013-12-15 0:00:00,91.74415
2013-12-15 10:00:00,97.19125
2013-12-15 11:00:00,75.23119
2013-12-15 12:00:00,47.936188
2013-12-15 13:00:00,50.912895
2013-12-15 14:00:00,75.596466
2013-12-15 15:00:00,86.04421
2013-12-15 16:00:00,92.531235
2013-12-15 17:00:00,101.012474
2013-12-15 18:00:00,114.83707
2013-12-15 19:00:00,137.5338
2013-12-15 1:00:00,105.11247
2013-12-15 20:00:00,156.14613
2013-12-15 21:00:00,161.702
2013-12-15 22:00:00,191.06355
2013-12-15 23:00:00,211.18138
2013-12-15 2:00:00,94.14598
2013-12-15 3:00:00,105.73212
2013-12-15 4:00:00,94.04771
2013-12-15 5:00:00,76.784996
2013-12-15 6:00:00,29.653542
2013-12-15 7:00:00,25.97348
2013-12-15 8:00:00,24.800919
2013-12-15 9:00:00,54.554867
2013-12-16 0:00:00,206.16939
2013-12-16 10:00:00,109.22779
2013-12-16 11:00:00,130.76854
2013-12-16 12:00:00,115.12261
2013-12-16 13:00:00,125.96712
2013-12-16 14:00:00,130.7621
2013-12-16 15:00:00,152.5223
2013-12-16 16:00:00,180.56935
2013-12-16 17:00:00,218.12462
2013-12-16 18:00:00,244.26573
2013-12-16 19:00:00,181.53119
2013-12-16 1:00:00,167.10832
2013-12-16 20:00:00,244.67657
2013-12-16 21:00:00,268.1926
2013-12-16 22:00:00,263.39798
2013-12-16 23:00:00,342.61392
2013-12-16 2:00:00,154.52647
2013-12-16 3:00:00,149.65921
2013-12-16 4:00:00,129.20544
2013-12-16 5:00:00,143.79927
2013-12-16 6:00:00,131.89209
2013-12-16 7:00:00,118.00373
2013-12-16 8:00:00,95.470634
2013-12-16 9:00:00,117.66089
2013-12-17 0:00:00,271.6523
2013-12-17 10:00:00,24.138012
2013-12-17 11:00:00,23.454296
2013-12-17 12:00:00,67.613785
2013-12-17 13:00:00,41.8507
2013-12-17 14:00:00,29.29332
2013-12-17 15:00:00,27.913277
2013-12-17 16:00:00,27.077503
2013-12-17 17:00:00,26.192932
2013-12-17 18:00:00,26.460552
2013-12-17 19:00:00,25.034374
2013-12-17 1:00:00,209.55037
2013-12-17 20:00:00,23.884556
2013-12-17 21:00:00,24.377293
2013-12-17 22:00:00,24.451721
2013-12-17 23:00:00,24.289997
2013-12-17 2:00:00,174.50078
2013-12-17 3:00:00,161.90654
2013-12-17 4:00:00,149.87315
2013-12-17 5:00:00,144.73776
2013-12-17 6:00:00,114.57318
2013-12-17 7:00:00,60.20401
2013-12-17 8:00:00,38.228416
2013-12-17 9:00:00,27.396225
2013-12-18 0:00:00,24.207779
2013-12-18 10:00:00,54.083473
2013-12-18 11:00:00,59.724495
2013-12-18 12:00:00,36.934284
2013-12-18 13:00:00,54.004177
2013-12-18 14:00:00,84.30269
2013-12-18 15:00:00,90.48537
2013-12-18 16:00:00,88.18474
2013-12-18 17:00:00,87.716644
2013-12-18 18:00:00,90.79382
2013-12-18 19:00:00,90.65973
2013-12-18 1:00:00,24.127682
2013-12-18 20:00:00,80.50006
2013-12-18 21:00:00,92.19139
2013-12-18 22:00:00,97.55336
2013-12-18 23:00:00,100.09328
2013-12-18 2:00:00,24.145325
2013-12-18 3:00:00,24.132797
2013-12-18 4:00:00,24.030457
2013-12-18 5:00:00,44.52848
2013-12-18 6:00:00,87.41928
2013-12-18 7:00:00,46.003265
2013-12-18 8:00:00,70.271095
2013-12-18 9:00:00,66.20174
2013-12-19 0:00:00,92.44368
2013-12-19 10:00:00,31.194927
2013-12-19 11:00:00,26.589233
2013-12-19 12:00:00,24.926517
2013-12-19 13:00:00,23.698746
2013-12-19 14:00:00,23.163677
2013-12-19 15:00:00,22.850582
2013-12-19 16:00:00,22.60514
2013-12-19 17:00:00,81.36828
2013-12-19 18:00:00,52.179695
2013-12-19 19:00:00,93.977844
2013-12-19 1:00:00,89.99217
2013-12-19 20:00:00,97.22781
2013-12-19 21:00:00,97.65202
2013-12-19 22:00:00,88.67897
2013-12-19 23:00:00,86.83745
2013-12-19 2:00:00,84.40524
2013-12-19 3:00:00,54.159378
2013-12-19 4:00:00,109.131516
2013-12-19 5:00:00,107.57463
2013-12-19 6:00:00,97.93219
2013-12-19 7:00:00,92.04405
2013-12-19 8:00:00,59.732822
2013-12-19 9:00:00,38.209038
2013-12-20 0:00:00,75.333916
2013-12-20 10:00:00,48.20861
2013-12-20 11:00:00,57.898563
2013-12-20 12:00:00,54.47239
2013-12-20 13:00:00,36.575653
2013-12-20 14:00:00,52.33055
2013-12-20 15:00:00,74.10361
2013-12-20 16:00:00,64.78249
2013-12-20 17:00:00,97.99323
2013-12-20 18:00:00,99.704834
2013-12-20 19:00:00,98.435425
2013-12-20 1:00:00,45.020996
2013-12-20 20:00:00,96.00922
2013-12-20 21:00:00,105.067635
2013-12-20 22:00:00,87.31438
2013-12-20 23:00:00,53.85078
2013-12-20 2:00:00,51.697136
2013-12-20 3:00:00,101.21466
2013-12-20 4:00:00,104.04262
2013-12-20 5:00:00,97.00983
2013-12-20 6:00:00,89.80425
2013-12-20 7:00:00,83.747604
2013-12-20 8:00:00,78.0738
2013-12-20 9:00:00,73.33823
2013-12-21 0:00:00,54.341396
2013-12-21 10:00:00,56.68039
2013-12-21 11:00:00,97.67584
2013-12-21 12:00:00,59.973763
2013-12-21 13:00:00,95.36585
2013-12-21 14:00:00,64.144035
2013-12-21 15:00:00,66.71591
2013-12-21 16:00:00,87.11418
2013-12-21 17:00:00,94.11852
2013-12-21 18:00:00,93.914955
2013-12-21 19:00:00,95.36597
2013-12-21 1:00:00,37.601635
2013-12-21 20:00:00,95.07149
2013-12-21 21:00:00,92.959854
2013-12-21 22:00:00,100.21997
2013-12-21 23:00:00,107.50878
2013-12-21 2:00:00,29.713211
2013-12-21 3:00:00,27.608517
2013-12-21 4:00:00,26.5486
2013-12-21 5:00:00,99.903
2013-12-21 6:00:00,96.38404
2013-12-21 7:00:00,90.78229
2013-12-21 8:00:00,86.487
2013-12-21 9:00:00,85.04255
2013-12-22 0:00:00,103.10929
2013-12-22 10:00:00,104.90155
2013-12-22 11:00:00,106.86954
2013-12-22 12:00:00,112.45581
2013-12-22 13:00:00,109.15869
2013-12-22 14:00:00,138.41399
2013-12-22 15:00:00,112.30674
2013-12-22 16:00:00,116.51694
2013-12-22 17:00:00,131.6159
2013-12-22 18:00:00,161.19052
2013-12-22 19:00:00,208.65327
2013-12-22 1:00:00,101.721725
2013-12-22 20:00:00,299.61948
2013-12-22 21:00:00,212.10277
2013-12-22 22:00:00,228.68077
2013-12-22 23:00:00,302.89993
2013-12-22 2:00:00,94.69502
2013-12-22 3:00:00,99.96427
2013-12-22 4:00:00,112.596664
2013-12-22 5:00:00,111.08883
2013-12-22 6:00:00,108.313354
2013-12-22 7:00:00,99.317215
2013-12-22 8:00:00,89.81114
2013-12-22 9:00:00,98.558624
2013-12-23 0:00:00,315.43762
2013-12-23 10:00:00,42.09359
2013-12-23 11:00:00,35.307518
2013-12-23 12:00:00,27.671253
2013-12-23 13:00:00,25.214401
2013-12-23 14:00:00,23.670856
2013-12-23 15:00:00,23.182732
2013-12-23 16:00:00,22.95221
2013-12-23 17:00:00,86.90183
2013-12-23 18:00:00,104.27306
2013-12-23 19:00:00,105.118034
2013-12-23 1:00:00,157.33984
2013-12-23 20:00:00,103.99538
2013-12-23 21:00:00,107.48688
2013-12-23 22:00:00,104.89181
2013-12-23 23:00:00,115.45453
2013-12-23 2:00:00,131.50667
2013-12-23 3:00:00,130.85449
2013-12-23 4:00:00,107.7356
2013-12-23 5:00:00,107.8643
2013-12-23 6:00:00,83.79172
2013-12-23 7:00:00,73.628685
2013-12-23 8:00:00,53.009384
2013-12-23 9:00:00,57.8221
2013-12-24 0:00:00,117.212494
2013-12-24 10:00:00,101.63276
2013-12-24 11:00:00,106.23523
2013-12-24 12:00:00,106.86045
2013-12-24 13:00:00,114.3488
2013-12-24 14:00:00,123.02113
2013-12-24 15:00:00,139.34271
2013-12-24 16:00:00,196.34299
2013-12-24 17:00:00,245.8047
2013-12-24 18:00:00,194.97298
2013-12-24 19:00:00,245.00111
2013-12-24 1:00:00,112.61064
2013-12-24 20:00:00,220.64095
2013-12-24 21:00:00,233.33144
2013-12-24 22:00:00,228.20103
2013-12-24 23:00:00,157.2506
2013-12-24 2:00:00,106.0043
2013-12-24 3:00:00,102.9888
2013-12-24 4:00:00,101.96205
2013-12-24 5:00:00,104.47165
2013-12-24 6:00:00,97.48628
2013-12-24 7:00:00,98.741806
2013-12-24 8:00:00,94.85017
2013-12-24 9:00:00,103.14706
2013-12-25 0:00:00,152.94328
2013-12-25 10:00:00,107.05962
2013-12-25 11:00:00,78.47342
2013-12-25 12:00:00,62.159443
2013-12-25 13:00:00,56.99458
2013-12-25 14:00:00,36.762123
2013-12-25 15:00:00,25.970715
2013-12-25 16:00:00,23.566189
2013-12-25 17:00:00,22.729305
2013-12-25 18:00:00,22.563652
2013-12-25 19:00:00,22.270699
2013-12-25 1:00:00,205.65968
2013-12-25 20:00:00,22.031681
2013-12-25 21:00:00,21.700386
2013-12-25 22:00:00,21.693825
2013-12-25 23:00:00,21.819061
2013-12-25 2:00:00,211.60606
2013-12-25 3:00:00,184.8996
2013-12-25 4:00:00,181.98737
2013-12-25 5:00:00,139.89369
2013-12-25 6:00:00,128.13867
2013-12-25 7:00:00,102.65726
2013-12-25 8:00:00,98.172325
2013-12-25 9:00:00,92.36499
2013-12-26 0:00:00,21.809788
2013-12-26 10:00:00,21.713753
2013-12-26 11:00:00,21.751175
2013-12-26 12:00:00,21.774624
2013-12-26 13:00:00,21.906551
2013-12-26 14:00:00,21.99083
2013-12-26 15:00:00,22.218239
2013-12-26 16:00:00,22.667046
2013-12-26 17:00:00,22.818066
2013-12-26 18:00:00,23.297417
2013-12-26 19:00:00,23.648087
2013-12-26 1:00:00,21.794434
2013-12-26 20:00:00,23.87944
2013-12-26 21:00:00,24.070145
2013-12-26 22:00:00,24.204033
2013-12-26 23:00:00,24.354515
2013-12-26 2:00:00,21.799297
2013-12-26 3:00:00,21.783535
2013-12-26 4:00:00,21.786335
2013-12-26 5:00:00,21.822418
2013-12-26 6:00:00,21.797436
2013-12-26 7:00:00,21.750137
2013-12-26 8:00:00,21.690598
2013-12-26 9:00:00,21.691616
2013-12-27 0:00:00,24.505276
2013-12-27 10:00:00,26.193394
2013-12-27 11:00:00,26.093426
2013-12-27 12:00:00,26.272186
2013-12-27 13:00:00,26.394382
2013-12-27 14:00:00,26.43235
2013-12-27 15:00:00,26.735844
2013-12-27 16:00:00,31.87053
2013-12-27 17:00:00,27.438885
2013-12-27 18:00:00,49.550285
2013-12-27 19:00:00,47.101974
2013-12-27 1:00:00,24.667137
2013-12-27 20:00:00,49.19481
2013-12-27 21:00:00,65.87741
2013-12-27 22:00:00,84.291664
2013-12-27 23:00:00,74.63988
2013-12-27 2:00:00,24.814827
2013-12-27 3:00:00,24.94263
2013-12-27 4:00:00,25.109726
2013-12-27 5:00:00,25.313164
2013-12-27 6:00:00,25.505024
2013-12-27 7:00:00,25.679138
2013-12-27 8:00:00,25.973335
2013-12-27 9:00:00,26.155922
2013-12-28 0:00:00,69.63783
2013-12-28 10:00:00,34.16695
2013-12-28 11:00:00,33.659782
2013-12-28 12:00:00,32.38001
2013-12-28 13:00:00,29.849342
2013-12-28 14:00:00,33.967022
2013-12-28 15:00:00,22.658005
2013-12-28 16:00:00,22.40646
2013-12-28 17:00:00,22.235035
2013-12-28 18:00:00,22.505592
2013-12-28 19:00:00,22.37881
2013-12-28 1:00:00,70.27072
2013-12-28 20:00:00,22.27909
2013-12-28 21:00:00,22.218246
2013-12-28 22:00:00,21.976871
2013-12-28 23:00:00,22.00092
2013-12-28 2:00:00,65.95918
2013-12-28 3:00:00,56.773647
2013-12-28 4:00:00,49.492573
2013-12-28 5:00:00,46.54564
2013-12-28 6:00:00,42.449127
2013-12-28 7:00:00,40.3459
2013-12-28 8:00:00,37.701515
2013-12-28 9:00:00,35.78449
2013-12-29 0:00:00,27.032211
2013-12-29 10:00:00,58.019737
2013-12-29 11:00:00,74.46917
2013-12-29 12:00:00,78.268875
2013-12-29 13:00:00,83.23894
2013-12-29 14:00:00,80.399124
2013-12-29 15:00:00,78.62483
2013-12-29 16:00:00,75.94185
2013-12-29 17:00:00,75.35632
2013-12-29 18:00:00,74.92433
2013-12-29 19:00:00,74.46129
2013-12-29 1:00:00,25.130081
2013-12-29 20:00:00,73.92733
2013-12-29 21:00:00,73.41545
2013-12-29 22:00:00,76.49147
2013-12-29 23:00:00,105.68166
2013-12-29 2:00:00,25.07272
2013-12-29 3:00:00,24.436184
2013-12-29 4:00:00,23.713226
2013-12-29 5:00:00,23.349804
2013-12-29 6:00:00,23.088985
2013-12-29 7:00:00,32.15686
2013-12-29 8:00:00,34.68808
2013-12-29 9:00:00,51.520195
2013-12-30 0:00:00,108.65158
2013-12-30 10:00:00,24.370033
2013-12-30 11:00:00,23.67714
2013-12-30 12:00:00,23.29234
2013-12-30 13:00:00,22.885044
2013-12-30 14:00:00,22.480572
2013-12-30 15:00:00,22.284805
2013-12-30 16:00:00,22.14241
2013-12-30 17:00:00,22.162548
2013-12-30 18:00:00,22.310513
2013-12-30 19:00:00,22.477116
2013-12-30 1:00:00,87.67215
2013-12-30 20:00:00,30.083359
2013-12-30 21:00:00,32.855644
2013-12-30 22:00:00,50.598305
2013-12-30 23:00:00,63.337997
2013-12-30 2:00:00,44.204285
2013-12-30 3:00:00,31.862934
2013-12-30 4:00:00,29.217014
2013-12-30 5:00:00,27.215706
2013-12-30 6:00:00,28.006039
2013-12-30 7:00:00,26.642487
2013-12-30 8:00:00,25.657925
2013-12-30 9:00:00,25.124184
2013-12-31 0:00:00,69.513214
2013-12-31 10:00:00,37.451366
2013-12-31 11:00:00,33.88735
2013-12-31 12:00:00,36.196552
2013-12-31 13:00:00,34.496056
2013-12-31 14:00:00,33.32917
2013-12-31 15:00:00,32.965477
2013-12-31 16:00:00,32.964676
2013-12-31 17:00:00,33.125553
2013-12-31 18:00:00,29.988739
2013-12-31 19:00:00,23.019062
2013-12-31 1:00:00,71.16565
2013-12-31 20:00:00,22.911594
2013-12-31 21:00:00,22.625275
2013-12-31 22:00:00,22.538403
2013-12-31 23:00:00,22.424885
2013-12-31 2:00:00,70.65708
2013-12-31 3:00:00,96.68871
2013-12-31 4:00:00,79.91936
2013-12-31 5:00:00,91.45189
2013-12-31 6:00:00,79.08115
2013-12-31 7:00:00,72.69315
2013-12-31 8:00:00,60.399834
2013-12-31 9:00:00,41.419334
2014-01-01 0:00:00,22.302197
2014-01-01 10:00:00,23.73542
2014-01-01 11:00:00,23.686527
2014-01-01 12:00:00,23.62051
2014-01-01 13:00:00,23.643787
2014-01-01 14:00:00,23.65459
2014-01-01 15:00:00,24.402767
2014-01-01 16:00:00,24.887138
2014-01-01 17:00:00,25.092808
2014-01-01 18:00:00,25.256897
2014-01-01 19:00:00,35.04368
2014-01-01 1:00:00,22.334347
2014-01-01 20:00:00,42.136703
2014-01-01 21:00:00,33.99011
2014-01-01 22:00:00,37.006927
2014-01-01 23:00:00,29.476898
2014-01-01 2:00:00,22.515465
2014-01-01 3:00:00,22.572048
2014-01-01 4:00:00,31.846031
2014-01-01 5:00:00,27.2989
2014-01-01 6:00:00,23.822933
2014-01-01 7:00:00,23.29684
2014-01-01 8:00:00,23.354843
2014-01-01 9:00:00,23.697998
2014-01-02 0:00:00,29.046585
2014-01-02 10:00:00,74.738266
2014-01-02 11:00:00,56.67903
2014-01-02 12:00:00,55.42727
2014-01-02 13:00:00,58.73933
2014-01-02 14:00:00,58.84337
2014-01-02 15:00:00,61.52227
2014-01-02 16:00:00,64.91502
2014-01-02 17:00:00,87.0007
2014-01-02 18:00:00,217.91025
2014-01-02 19:00:00,198.93983
2014-01-02 1:00:00,33.52686
2014-01-02 20:00:00,179.85771
2014-01-02 21:00:00,207.87108
2014-01-02 22:00:00,212.32034
2014-01-02 23:00:00,248.80293
2014-01-02 2:00:00,34.544006
2014-01-02 3:00:00,64.63887
2014-01-02 4:00:00,64.26776
2014-01-02 5:00:00,89.972496
2014-01-02 6:00:00,96.53303
2014-01-02 7:00:00,92.13866
2014-01-02 8:00:00,76.87681
2014-01-02 9:00:00,78.9787
2014-01-03 0:00:00,240.02306
2014-01-03 10:00:00,87.93924
2014-01-03 11:00:00,60.789566
2014-01-03 12:00:00,49.37732
2014-01-03 13:00:00,44.034557
2014-01-03 14:00:00,32.682552
2014-01-03 15:00:00,35.842213
2014-01-03 16:00:00,77.35487
2014-01-03 17:00:00,95.40124
2014-01-03 18:00:00,81.357254
2014-01-03 19:00:00,87.15764
2014-01-03 1:00:00,242.03038
2014-01-03 20:00:00,91.49573
2014-01-03 21:00:00,80.4253
2014-01-03 22:00:00,103.31021
2014-01-03 23:00:00,105.26273
2014-01-03 2:00:00,206.40501
2014-01-03 3:00:00,225.31938
2014-01-03 4:00:00,192.14708
2014-01-03 5:00:00,202.9274
2014-01-03 6:00:00,179.66151
2014-01-03 7:00:00,182.54335
2014-01-03 8:00:00,186.04657
2014-01-03 9:00:00,147.68053
2014-01-04 0:00:00,112.79276
2014-01-04 10:00:00,125.736824
2014-01-04 11:00:00,121.2646
2014-01-04 12:00:00,144.79677
2014-01-04 13:00:00,148.4939
2014-01-04 14:00:00,152.53673
2014-01-04 15:00:00,160.82826
2014-01-04 16:00:00,168.18846
2014-01-04 17:00:00,185.84407
2014-01-04 18:00:00,185.89445
2014-01-04 19:00:00,176.68544
2014-01-04 1:00:00,102.4077
2014-01-04 20:00:00,159.02821
2014-01-04 21:00:00,152.5452
2014-01-04 22:00:00,148.1132
2014-01-04 23:00:00,148.01416
2014-01-04 2:00:00,110.98056
2014-01-04 3:00:00,109.90776
2014-01-04 4:00:00,107.432724
2014-01-04 5:00:00,134.50317
2014-01-04 6:00:00,142.04259
2014-01-04 7:00:00,145.44167
2014-01-04 8:00:00,157.57292
2014-01-04 9:00:00,134.68478
2014-01-05 0:00:00,231.01811
2014-01-05 10:00:00,30.995636
2014-01-05 11:00:00,27.931564
2014-01-05 12:00:00,28.357681
2014-01-05 13:00:00,34.611046
2014-01-05 14:00:00,30.629246
2014-01-05 15:00:00,28.56253
2014-01-05 16:00:00,49.476353
2014-01-05 17:00:00,65.99883
2014-01-05 18:00:00,71.11235
2014-01-05 19:00:00,77.99665
2014-01-05 1:00:00,232.18166
2014-01-05 20:00:00,86.918434
2014-01-05 21:00:00,93.64258
2014-01-05 22:00:00,92.186714
2014-01-05 23:00:00,94.05108
2014-01-05 2:00:00,223.49509
2014-01-05 3:00:00,167.73737
2014-01-05 4:00:00,139.81006
2014-01-05 5:00:00,112.69853
2014-01-05 6:00:00,91.248535
2014-01-05 7:00:00,62.416424
2014-01-05 8:00:00,36.888863
2014-01-05 9:00:00,34.203743
2014-01-06 0:00:00,97.87854
2014-01-06 10:00:00,101.00224
2014-01-06 11:00:00,102.6078
2014-01-06 12:00:00,99.10514
2014-01-06 13:00:00,95.05792
2014-01-06 14:00:00,97.14407
2014-01-06 15:00:00,109.19325
2014-01-06 16:00:00,107.92529
2014-01-06 17:00:00,106.73158
2014-01-06 18:00:00,99.71212
2014-01-06 19:00:00,146.30182
2014-01-06 1:00:00,102.45413
2014-01-06 20:00:00,159.93451
2014-01-06 21:00:00,153.38095
2014-01-06 22:00:00,148.0428
2014-01-06 23:00:00,142.72449
2014-01-06 2:00:00,105.26648
2014-01-06 3:00:00,116.561874
2014-01-06 4:00:00,119.54928
2014-01-06 5:00:00,117.236145
2014-01-06 6:00:00,117.95676
2014-01-06 7:00:00,93.20069
2014-01-06 8:00:00,90.58653
2014-01-06 9:00:00,89.41385
2014-01-07 0:00:00,141.216
2014-01-07 10:00:00,52.173294
2014-01-07 11:00:00,38.133484
2014-01-07 12:00:00,29.686077
2014-01-07 13:00:00,26.909374
2014-01-07 14:00:00,24.619446
2014-01-07 15:00:00,45.37797
2014-01-07 16:00:00,30.205597
2014-01-07 17:00:00,25.986897
2014-01-07 18:00:00,51.08452
2014-01-07 19:00:00,48.709908
2014-01-07 1:00:00,144.7542
2014-01-07 20:00:00,51.412365
2014-01-07 21:00:00,41.549652
2014-01-07 22:00:00,29.098866
2014-01-07 23:00:00,27.6764
2014-01-07 2:00:00,147.84924
2014-01-07 3:00:00,142.90807
2014-01-07 4:00:00,132.0741
2014-01-07 5:00:00,118.08778
2014-01-07 6:00:00,98.342354
2014-01-07 7:00:00,89.7675
2014-01-07 8:00:00,86.11738
2014-01-07 9:00:00,72.639786
2014-01-08 0:00:00,24.670986
2014-01-08 10:00:00,39.172424
2014-01-08 11:00:00,35.33362
2014-01-08 12:00:00,31.152382
2014-01-08 13:00:00,24.843784
2014-01-08 14:00:00,23.599514
2014-01-08 15:00:00,23.58852
2014-01-08 16:00:00,23.03138
2014-01-08 17:00:00,22.879303
2014-01-08 18:00:00,22.805054
2014-01-08 19:00:00,22.843044
2014-01-08 1:00:00,24.938946
2014-01-08 20:00:00,22.920128
2014-01-08 21:00:00,22.9832
2014-01-08 22:00:00,22.848824
2014-01-08 23:00:00,31.806221
2014-01-08 2:00:00,23.624603
2014-01-08 3:00:00,23.254269
2014-01-08 4:00:00,23.036575
2014-01-08 5:00:00,24.976776
2014-01-08 6:00:00,25.2402
2014-01-08 7:00:00,24.585999
2014-01-08 8:00:00,25.298683
2014-01-08 9:00:00,24.745022
2014-01-09 0:00:00,33.222
2014-01-09 10:00:00,24.963879
2014-01-09 11:00:00,23.676067
2014-01-09 12:00:00,23.33199
2014-01-09 13:00:00,23.196613
2014-01-09 14:00:00,23.034893
2014-01-09 15:00:00,22.817486
2014-01-09 16:00:00,22.8083
2014-01-09 17:00:00,29.98489
2014-01-09 18:00:00,50.86731
2014-01-09 19:00:00,60.51246
2014-01-09 1:00:00,30.230148
2014-01-09 20:00:00,64.804504
2014-01-09 21:00:00,67.552704
2014-01-09 22:00:00,69.59702
2014-01-09 23:00:00,88.500175
2014-01-09 2:00:00,32.218353
2014-01-09 3:00:00,29.099487
2014-01-09 4:00:00,54.792465
2014-01-09 5:00:00,34.36198
2014-01-09 6:00:00,28.65073
2014-01-09 7:00:00,28.888382
2014-01-09 8:00:00,28.731678
2014-01-09 9:00:00,25.563484
2014-01-10 0:00:00,87.43934
2014-01-10 10:00:00,86.57694
2014-01-10 11:00:00,76.17486
2014-01-10 12:00:00,80.55998
2014-01-10 13:00:00,91.67642
2014-01-10 14:00:00,61.09427
2014-01-10 15:00:00,53.954918
2014-01-10 16:00:00,45.628345
2014-01-10 17:00:00,64.755714
2014-01-10 18:00:00,74.32593
2014-01-10 19:00:00,79.37999
2014-01-10 1:00:00,88.20471
2014-01-10 20:00:00,77.929825
2014-01-10 21:00:00,83.912575
2014-01-10 22:00:00,117.490326
2014-01-10 23:00:00,116.957214
2014-01-10 2:00:00,106.5493
2014-01-10 3:00:00,102.37687
2014-01-10 4:00:00,95.21813
2014-01-10 5:00:00,87.4334
2014-01-10 6:00:00,83.57147
2014-01-10 7:00:00,66.1736
2014-01-10 8:00:00,60.863194
2014-01-10 9:00:00,91.618614
2014-01-11 0:00:00,113.32941
2014-01-11 10:00:00,107.67265
2014-01-11 11:00:00,100.25157
2014-01-11 12:00:00,77.875984
2014-01-11 13:00:00,53.21929
2014-01-11 14:00:00,96.68804
2014-01-11 15:00:00,63.472336
2014-01-11 16:00:00,81.14154
2014-01-11 17:00:00,93.26254
2014-01-11 18:00:00,95.450935
2014-01-11 19:00:00,95.55954
2014-01-11 1:00:00,98.97687
2014-01-11 20:00:00,110.417496
2014-01-11 21:00:00,110.62715
2014-01-11 22:00:00,102.097275
2014-01-11 23:00:00,96.30609
2014-01-11 2:00:00,110.12514
2014-01-11 3:00:00,106.716354
2014-01-11 4:00:00,92.58312
2014-01-11 5:00:00,86.68459
2014-01-11 6:00:00,106.04755
2014-01-11 7:00:00,109.34219
2014-01-11 8:00:00,66.09163
2014-01-11 9:00:00,89.594055
2014-01-12 0:00:00,105.869774
2014-01-12 10:00:00,85.62584
2014-01-12 11:00:00,28.356934
2014-01-12 12:00:00,40.650158
2014-01-12 13:00:00,65.73887
2014-01-12 14:00:00,35.051254
2014-01-12 15:00:00,25.803219
2014-01-12 16:00:00,24.916794
2014-01-12 17:00:00,33.190754
2014-01-12 18:00:00,67.17469
2014-01-12 19:00:00,75.04669
2014-01-12 1:00:00,86.45261
2014-01-12 20:00:00,72.38406
2014-01-12 21:00:00,81.34157
2014-01-12 22:00:00,111.15948
2014-01-12 23:00:00,96.97705
2014-01-12 2:00:00,35.681694
2014-01-12 3:00:00,28.972195
2014-01-12 4:00:00,27.115437
2014-01-12 5:00:00,26.81472
2014-01-12 6:00:00,25.779598
2014-01-12 7:00:00,25.216427
2014-01-12 8:00:00,41.482307
2014-01-12 9:00:00,94.804535
2014-01-13 0:00:00,93.41384
2014-01-13 10:00:00,94.8823
2014-01-13 11:00:00,96.98129
2014-01-13 12:00:00,99.03044
2014-01-13 13:00:00,95.95622
2014-01-13 14:00:00,101.55214
2014-01-13 15:00:00,112.159454
2014-01-13 16:00:00,121.900696
2014-01-13 17:00:00,142.85606
2014-01-13 18:00:00,141.36714
2014-01-13 19:00:00,171.04521
2014-01-13 1:00:00,100.472855
2014-01-13 20:00:00,191.13045
2014-01-13 21:00:00,147.92104
2014-01-13 22:00:00,202.70259
2014-01-13 23:00:00,131.79727
2014-01-13 2:00:00,90.61332
2014-01-13 3:00:00,100.05793
2014-01-13 4:00:00,93.26434
2014-01-13 5:00:00,92.03717
2014-01-13 6:00:00,76.20826
2014-01-13 7:00:00,102.16762
2014-01-13 8:00:00,94.387115
2014-01-13 9:00:00,86.21088
2014-01-14 0:00:00,122.25112
2014-01-14 10:00:00,121.98651
2014-01-14 11:00:00,79.227974
2014-01-14 12:00:00,62.191734
2014-01-14 13:00:00,78.92497
2014-01-14 14:00:00,99.42131
2014-01-14 15:00:00,94.74014
2014-01-14 16:00:00,107.71774
2014-01-14 17:00:00,106.06874
2014-01-14 18:00:00,104.769745
2014-01-14 19:00:00,108.06835
2014-01-14 1:00:00,115.48602
2014-01-14 20:00:00,103.05838
2014-01-14 21:00:00,132.2078
2014-01-14 22:00:00,133.01836
2014-01-14 23:00:00,155.87358
2014-01-14 2:00:00,92.47188
2014-01-14 3:00:00,79.79285
2014-01-14 4:00:00,58.672985
2014-01-14 5:00:00,72.404755
2014-01-14 6:00:00,68.957375
2014-01-14 7:00:00,104.09856
2014-01-14 8:00:00,104.53467
2014-01-14 9:00:00,134.02101
2014-01-15 0:00:00,185.52635
2014-01-15 10:00:00,90.40082
2014-01-15 11:00:00,77.22025
2014-01-15 12:00:00,67.83621
2014-01-15 13:00:00,64.5678
2014-01-15 14:00:00,92.94377
2014-01-15 15:00:00,93.423355
2014-01-15 16:00:00,96.72171
2014-01-15 17:00:00,105.70398
2014-01-15 18:00:00,149.48137
2014-01-15 19:00:00,158.98845
2014-01-15 1:00:00,206.26714
2014-01-15 20:00:00,177.09566
2014-01-15 21:00:00,240.68536
2014-01-15 22:00:00,247.75372
2014-01-15 23:00:00,210.25691
2014-01-15 2:00:00,174.04524
2014-01-15 3:00:00,143.32259
2014-01-15 4:00:00,118.3468
2014-01-15 5:00:00,82.64026
2014-01-15 6:00:00,80.91524
2014-01-15 7:00:00,108.4749
2014-01-15 8:00:00,114.95226
2014-01-15 9:00:00,101.33624
2014-01-16 0:00:00,220.27985
2014-01-16 10:00:00,232.73422
2014-01-16 11:00:00,167.7419
2014-01-16 12:00:00,145.24797
2014-01-16 13:00:00,142.10045
2014-01-16 14:00:00,178.92244
2014-01-16 15:00:00,135.63142
2014-01-16 16:00:00,139.74611
2014-01-16 17:00:00,161.27312
2014-01-16 18:00:00,186.90549
2014-01-16 19:00:00,173.34541
2014-01-16 1:00:00,240.50554
2014-01-16 20:00:00,171.86969
2014-01-16 21:00:00,198.27528
2014-01-16 22:00:00,239.77618
2014-01-16 23:00:00,239.17422
2014-01-16 2:00:00,263.89285
2014-01-16 3:00:00,318.9291
2014-01-16 4:00:00,326.4529
2014-01-16 5:00:00,270.54538
2014-01-16 6:00:00,252.88844
2014-01-16 7:00:00,253.95662
2014-01-16 8:00:00,237.85141
2014-01-16 9:00:00,224.30183
2014-01-17 0:00:00,215.98851
2014-01-17 10:00:00,100.61795
2014-01-17 11:00:00,104.98074
2014-01-17 12:00:00,111.41504
2014-01-17 13:00:00,118.87784
2014-01-17 14:00:00,114.84208
2014-01-17 15:00:00,101.210205
2014-01-17 16:00:00,67.53602
2014-01-17 17:00:00,27.365524
2014-01-17 18:00:00,25.18835
2014-01-17 19:00:00,24.379463
2014-01-17 1:00:00,173.6159
2014-01-17 20:00:00,24.934864
2014-01-17 21:00:00,23.68314
2014-01-17 22:00:00,23.56541
2014-01-17 23:00:00,23.210094
2014-01-17 2:00:00,115.88021
2014-01-17 3:00:00,99.47043
2014-01-17 4:00:00,95.06827
2014-01-17 5:00:00,90.49246
2014-01-17 6:00:00,88.247925
2014-01-17 7:00:00,89.69034
2014-01-17 8:00:00,103.30979
2014-01-17 9:00:00,102.78417
2014-01-18 0:00:00,22.852562
2014-01-18 10:00:00,62.533295
2014-01-18 11:00:00,32.739845
2014-01-18 12:00:00,55.37119
2014-01-18 13:00:00,49.792816
2014-01-18 14:00:00,55.66304
2014-01-18 15:00:00,67.14226
2014-01-18 16:00:00,74.138824
2014-01-18 17:00:00,77.28185
2014-01-18 18:00:00,76.42028
2014-01-18 19:00:00,75.5742
2014-01-18 1:00:00,22.797981
2014-01-18 20:00:00,87.72735
2014-01-18 21:00:00,88.24208
2014-01-18 22:00:00,91.48906
2014-01-18 23:00:00,91.384964
2014-01-18 2:00:00,22.735954
2014-01-18 3:00:00,22.703888
2014-01-18 4:00:00,22.60928
2014-01-18 5:00:00,23.696281
2014-01-18 6:00:00,33.118378
2014-01-18 7:00:00,26.90596
2014-01-18 8:00:00,39.038734
2014-01-18 9:00:00,61.896816
2014-01-19 0:00:00,92.425644
2014-01-19 10:00:00,129.9744
2014-01-19 11:00:00,144.96434
2014-01-19 12:00:00,147.38872
2014-01-19 13:00:00,136.49448
2014-01-19 14:00:00,134.62723
2014-01-19 15:00:00,131.99327
2014-01-19 16:00:00,133.42226
2014-01-19 17:00:00,136.81822
2014-01-19 18:00:00,130.20921
2014-01-19 19:00:00,106.199524
2014-01-19 1:00:00,92.41371
2014-01-19 20:00:00,63.351242
2014-01-19 21:00:00,27.128513
2014-01-19 22:00:00,24.673954
2014-01-19 23:00:00,23.597836
2014-01-19 2:00:00,90.211655
2014-01-19 3:00:00,91.3861
2014-01-19 4:00:00,115.79622
2014-01-19 5:00:00,119.86725
2014-01-19 6:00:00,128.17992
2014-01-19 7:00:00,125.1217
2014-01-19 8:00:00,128.97272
2014-01-19 9:00:00,136.78168
2014-01-20 0:00:00,23.34808
2014-01-20 10:00:00,22.552372
2014-01-20 11:00:00,22.101986
2014-01-20 12:00:00,22.033928
2014-01-20 13:00:00,21.739742
2014-01-20 14:00:00,21.736942
2014-01-20 15:00:00,21.788235
2014-01-20 16:00:00,21.837181
2014-01-20 17:00:00,22.238846
2014-01-20 18:00:00,22.43288
2014-01-20 19:00:00,22.382076
2014-01-20 1:00:00,22.987251
2014-01-20 20:00:00,22.3121
2014-01-20 21:00:00,22.277046
2014-01-20 22:00:00,22.265602
2014-01-20 23:00:00,22.317158
2014-01-20 2:00:00,22.395279
2014-01-20 3:00:00,22.684284
2014-01-20 4:00:00,22.271065
2014-01-20 5:00:00,22.181759
2014-01-20 6:00:00,22.75534
2014-01-20 7:00:00,23.143608
2014-01-20 8:00:00,23.32919
2014-01-20 9:00:00,23.265633
2014-01-21 0:00:00,22.845531
2014-01-21 10:00:00,25.260857
2014-01-21 11:00:00,24.544163
2014-01-21 12:00:00,33.871357
2014-01-21 13:00:00,29.511974
2014-01-21 14:00:00,39.537148
2014-01-21 15:00:00,58.812103
2014-01-21 16:00:00,64.41291
2014-01-21 17:00:00,69.97746
2014-01-21 18:00:00,70.93976
2014-01-21 19:00:00,72.442
2014-01-21 1:00:00,23.171494
2014-01-21 20:00:00,74.37777
2014-01-21 21:00:00,74.65061
2014-01-21 22:00:00,79.929405
2014-01-21 23:00:00,87.48573
2014-01-21 2:00:00,23.716084
2014-01-21 3:00:00,23.80597
2014-01-21 4:00:00,23.947266
2014-01-21 5:00:00,24.120197
2014-01-21 6:00:00,24.287994
2014-01-21 7:00:00,24.388649
2014-01-21 8:00:00,24.768864
2014-01-21 9:00:00,25.046268
2014-01-22 0:00:00,85.75537
2014-01-22 10:00:00,102.29805
2014-01-22 11:00:00,112.53942
2014-01-22 12:00:00,107.30438
2014-01-22 13:00:00,97.521515
2014-01-22 14:00:00,94.27069
2014-01-22 15:00:00,99.1476
2014-01-22 16:00:00,92.12897
2014-01-22 17:00:00,109.92766
2014-01-22 18:00:00,115.764946
2014-01-22 19:00:00,144.30582
2014-01-22 1:00:00,84.36961
2014-01-22 20:00:00,171.57649
2014-01-22 21:00:00,120.51542
2014-01-22 22:00:00,115.179794
2014-01-22 23:00:00,142.75212
2014-01-22 2:00:00,88.07319
2014-01-22 3:00:00,77.062744
2014-01-22 4:00:00,85.85188
2014-01-22 5:00:00,83.71417
2014-01-22 6:00:00,79.545044
2014-01-22 7:00:00,102.028046
2014-01-22 8:00:00,99.41607
2014-01-22 9:00:00,106.4411
2014-01-23 0:00:00,109.45608
2014-01-23 10:00:00,138.5171
2014-01-23 11:00:00,108.28198
2014-01-23 12:00:00,153.48622
2014-01-23 13:00:00,147.78354
2014-01-23 14:00:00,169.106
2014-01-23 15:00:00,159.79893
2014-01-23 16:00:00,167.52724
2014-01-23 17:00:00,188.1533
2014-01-23 18:00:00,209.73415
2014-01-23 19:00:00,226.76872
2014-01-23 1:00:00,133.87827
2014-01-23 20:00:00,214.87791
2014-01-23 21:00:00,214.14957
2014-01-23 22:00:00,213.9687
2014-01-23 23:00:00,215.98375
2014-01-23 2:00:00,128.20406
2014-01-23 3:00:00,124.97989
2014-01-23 4:00:00,144.61081
2014-01-23 5:00:00,150.49965
2014-01-23 6:00:00,163.23283
2014-01-23 7:00:00,167.70381
2014-01-23 8:00:00,158.8295
2014-01-23 9:00:00,150.66924
2014-01-24 0:00:00,216.63637
2014-01-24 10:00:00,162.12267
2014-01-24 11:00:00,119.32493
2014-01-24 12:00:00,87.17089
2014-01-24 13:00:00,66.31859
2014-01-24 14:00:00,28.930874
2014-01-24 15:00:00,24.865562
2014-01-24 16:00:00,23.185402
2014-01-24 17:00:00,22.79977
2014-01-24 18:00:00,22.893494
2014-01-24 19:00:00,23.356007
2014-01-24 1:00:00,195.78284
2014-01-24 20:00:00,23.457787
2014-01-24 21:00:00,50.285965
2014-01-24 22:00:00,28.771408
2014-01-24 23:00:00,58.42368
2014-01-24 2:00:00,189.25677
2014-01-24 3:00:00,175.30379
2014-01-24 4:00:00,145.86943
2014-01-24 5:00:00,128.60623
2014-01-24 6:00:00,102.31947
2014-01-24 7:00:00,147.58669
2014-01-24 8:00:00,166.70473
2014-01-24 9:00:00,156.5595
2014-01-25 0:00:00,26.487011
2014-01-25 10:00:00,28.341621
2014-01-25 11:00:00,25.57808
2014-01-25 12:00:00,24.507427
2014-01-25 13:00:00,23.798626
2014-01-25 14:00:00,23.580608
2014-01-25 15:00:00,23.515362
2014-01-25 16:00:00,23.450367
2014-01-25 17:00:00,46.32744
2014-01-25 18:00:00,35.6597
2014-01-25 19:00:00,59.891777
2014-01-25 1:00:00,34.62768
2014-01-25 20:00:00,49.31766
2014-01-25 21:00:00,77.32506
2014-01-25 22:00:00,96.63889
2014-01-25 23:00:00,97.40027
2014-01-25 2:00:00,44.320244
2014-01-25 3:00:00,54.948643
2014-01-25 4:00:00,49.548973
2014-01-25 5:00:00,88.7369
2014-01-25 6:00:00,90.41417
2014-01-25 7:00:00,70.41719
2014-01-25 8:00:00,60.55124
2014-01-25 9:00:00,42.19261
2014-01-26 0:00:00,94.54753
2014-01-26 10:00:00,96.59325
2014-01-26 11:00:00,90.6539
2014-01-26 12:00:00,85.122086
2014-01-26 13:00:00,80.67956
2014-01-26 14:00:00,79.70038
2014-01-26 15:00:00,79.4199
2014-01-26 16:00:00,79.93266
2014-01-26 17:00:00,79.28105
2014-01-26 18:00:00,89.835846
2014-01-26 19:00:00,108.180374
2014-01-26 1:00:00,92.961365
2014-01-26 20:00:00,109.745224
2014-01-26 21:00:00,111.531624
2014-01-26 22:00:00,113.86662
2014-01-26 23:00:00,113.9245
2014-01-26 2:00:00,99.46293
2014-01-26 3:00:00,95.211044
2014-01-26 4:00:00,90.99399
2014-01-26 5:00:00,91.675186
2014-01-26 6:00:00,90.73166
2014-01-26 7:00:00,89.991646
2014-01-26 8:00:00,91.77373
2014-01-26 9:00:00,96.64958
2014-01-27 0:00:00,115.18226
2014-01-27 10:00:00,97.15588
2014-01-27 11:00:00,79.48847
2014-01-27 12:00:00,60.634132
2014-01-27 13:00:00,44.373276
2014-01-27 14:00:00,35.82214
2014-01-27 15:00:00,33.518677
2014-01-27 16:00:00,34.052116
2014-01-27 17:00:00,113.70852
2014-01-27 18:00:00,60.443993
2014-01-27 19:00:00,31.599106
2014-01-27 1:00:00,121.298065
2014-01-27 20:00:00,24.542599
2014-01-27 21:00:00,23.122875
2014-01-27 22:00:00,22.641422
2014-01-27 23:00:00,22.763386
2014-01-27 2:00:00,133.24417
2014-01-27 3:00:00,137.02003
2014-01-27 4:00:00,130.00821
2014-01-27 5:00:00,126.403854
2014-01-27 6:00:00,109.22142
2014-01-27 7:00:00,106.84024
2014-01-27 8:00:00,101.38967
2014-01-27 9:00:00,103.78883
2014-01-28 0:00:00,23.89027
2014-01-28 10:00:00,56.29503
2014-01-28 11:00:00,69.34589
2014-01-28 12:00:00,71.65316
2014-01-28 13:00:00,77.334946
2014-01-28 14:00:00,74.95004
2014-01-28 15:00:00,77.9489
2014-01-28 16:00:00,81.024826
2014-01-28 17:00:00,76.44738
2014-01-28 18:00:00,73.33765
2014-01-28 19:00:00,73.978226
2014-01-28 1:00:00,29.140484
2014-01-28 20:00:00,77.49299
2014-01-28 21:00:00,79.85799
2014-01-28 22:00:00,83.433495
2014-01-28 23:00:00,83.68871
2014-01-28 2:00:00,34.75434
2014-01-28 3:00:00,25.663849
2014-01-28 4:00:00,24.941254
2014-01-28 5:00:00,32.966618
2014-01-28 6:00:00,30.519764
2014-01-28 7:00:00,42.401855
2014-01-28 8:00:00,37.562225
2014-01-28 9:00:00,42.49417
2014-01-29 0:00:00,80.21059
2014-01-29 10:00:00,142.48209
2014-01-29 11:00:00,150.9936
2014-01-29 12:00:00,167.46805
2014-01-29 13:00:00,160.81511
2014-01-29 14:00:00,156.90952
2014-01-29 15:00:00,162.82872
2014-01-29 16:00:00,168.07294
2014-01-29 17:00:00,167.39064
2014-01-29 18:00:00,187.4397
2014-01-29 19:00:00,198.07951
2014-01-29 1:00:00,107.40313
2014-01-29 20:00:00,192.16002
2014-01-29 21:00:00,186.47716
2014-01-29 22:00:00,177.54706
2014-01-29 23:00:00,183.30551
2014-01-29 2:00:00,116.41289
2014-01-29 3:00:00,116.53477
2014-01-29 4:00:00,120.72632
2014-01-29 5:00:00,129.45215
2014-01-29 6:00:00,144.12134
2014-01-29 7:00:00,144.68246
2014-01-29 8:00:00,134.80563
2014-01-29 9:00:00,153.19548
2014-01-30 0:00:00,196.92877
2014-01-30 10:00:00,37.641243
2014-01-30 11:00:00,26.557816
2014-01-30 12:00:00,24.003334
2014-01-30 13:00:00,57.39408
2014-01-30 14:00:00,72.71924
2014-01-30 15:00:00,70.61578
2014-01-30 16:00:00,67.678825
2014-01-30 17:00:00,68.64512
2014-01-30 18:00:00,68.65727
2014-01-30 19:00:00,75.17174
2014-01-30 1:00:00,209.71547
2014-01-30 20:00:00,96.45153
2014-01-30 21:00:00,99.3246
2014-01-30 22:00:00,98.950935
2014-01-30 23:00:00,92.75436
2014-01-30 2:00:00,209.5417
2014-01-30 3:00:00,214.10509
2014-01-30 4:00:00,192.23653
2014-01-30 5:00:00,172.68079
2014-01-30 6:00:00,56.77613
2014-01-30 7:00:00,44.64984
2014-01-30 8:00:00,39.599503
2014-01-30 9:00:00,39.046402
2014-01-31 0:00:00,86.84587
2014-01-31 10:00:00,90.07791
2014-01-31 11:00:00,87.95648
2014-01-31 12:00:00,108.00453
2014-01-31 13:00:00,110.91384
2014-01-31 14:00:00,127.70357
2014-01-31 15:00:00,144.70625
2014-01-31 16:00:00,148.3167
2014-01-31 17:00:00,148.27103
2014-01-31 18:00:00,131.58154
2014-01-31 19:00:00,151.79752
2014-01-31 1:00:00,84.80505
2014-01-31 20:00:00,157.01562
2014-01-31 21:00:00,166.59294
2014-01-31 22:00:00,173.89888
2014-01-31 23:00:00,189.6141
2014-01-31 2:00:00,79.567505
2014-01-31 3:00:00,79.57475
2014-01-31 4:00:00,86.32688
2014-01-31 5:00:00,106.5348
2014-01-31 6:00:00,94.83569
2014-01-31 7:00:00,104.84213
2014-01-31 8:00:00,111.69659
2014-01-31 9:00:00,98.6552
2014-02-01 0:00:00,206.2426
2014-02-01 10:00:00,147.05289
2014-02-01 11:00:00,206.56279
2014-02-01 12:00:00,188.27345
2014-02-01 13:00:00,251.91257
2014-02-01 14:00:00,276.4866
2014-02-01 15:00:00,297.6912
2014-02-01 16:00:00,301.75095
2014-02-01 17:00:00,277.9061
2014-02-01 18:00:00,204.70647
2014-02-01 19:00:00,128.74037
2014-02-01 1:00:00,192.41943
2014-02-01 20:00:00,117.31027
2014-02-01 21:00:00,109.64235
2014-02-01 22:00:00,103.32901
2014-02-01 23:00:00,101.04341
2014-02-01 2:00:00,117.488686
2014-02-01 3:00:00,242.55034
2014-02-01 4:00:00,216.4222
2014-02-01 5:00:00,218.85811
2014-02-01 6:00:00,205.95699
2014-02-01 7:00:00,201.14207
2014-02-01 8:00:00,181.94121
2014-02-01 9:00:00,167.5281
2014-02-02 0:00:00,101.36498
2014-02-02 10:00:00,80.26523
2014-02-02 11:00:00,33.603466
2014-02-02 12:00:00,28.584297
2014-02-02 13:00:00,25.50282
2014-02-02 14:00:00,23.971249
2014-02-02 15:00:00,23.496449
2014-02-02 16:00:00,23.230042
2014-02-02 17:00:00,23.481369
2014-02-02 18:00:00,23.660305
2014-02-02 19:00:00,24.963024
2014-02-02 1:00:00,100.34054
2014-02-02 20:00:00,25.762371
2014-02-02 21:00:00,26.770638
2014-02-02 22:00:00,26.72961
2014-02-02 23:00:00,26.295307
2014-02-02 2:00:00,98.55743
2014-02-02 3:00:00,97.76806
2014-02-02 4:00:00,96.759346
2014-02-02 5:00:00,106.220474
2014-02-02 6:00:00,116.92969
2014-02-02 7:00:00,113.29103
2014-02-02 8:00:00,112.49553
2014-02-02 9:00:00,88.976074
2014-02-03 0:00:00,26.012081
2014-02-03 10:00:00,22.947506
2014-02-03 11:00:00,22.931293
2014-02-03 12:00:00,23.203026
2014-02-03 13:00:00,23.492817
2014-02-03 14:00:00,23.745728
2014-02-03 15:00:00,23.665546
2014-02-03 16:00:00,23.337166
2014-02-03 17:00:00,22.453102
2014-02-03 18:00:00,22.423595
2014-02-03 19:00:00,22.232635
2014-02-03 1:00:00,25.28366
2014-02-03 20:00:00,22.12181
2014-02-03 21:00:00,23.64304
2014-02-03 22:00:00,23.79987
2014-02-03 23:00:00,23.323433
2014-02-03 2:00:00,25.130238
2014-02-03 3:00:00,28.780205
2014-02-03 4:00:00,24.629295
2014-02-03 5:00:00,22.457619
2014-02-03 6:00:00,22.26617
2014-02-03 7:00:00,22.169453
2014-02-03 8:00:00,22.462303
2014-02-03 9:00:00,22.83443
2014-02-04 0:00:00,23.76149
2014-02-04 10:00:00,22.616444
2014-02-04 11:00:00,22.604069
2014-02-04 12:00:00,22.611778
2014-02-04 13:00:00,22.60495
2014-02-04 14:00:00,22.609234
2014-02-04 15:00:00,22.698658
2014-02-04 16:00:00,27.63488
2014-02-04 17:00:00,46.437492
2014-02-04 18:00:00,30.132736
2014-02-04 19:00:00,59.857193
2014-02-04 1:00:00,23.68155
2014-02-04 20:00:00,74.21189
2014-02-04 21:00:00,72.42762
2014-02-04 22:00:00,63.129692
2014-02-04 23:00:00,49.341255
2014-02-04 2:00:00,23.524567
2014-02-04 3:00:00,22.86243
2014-02-04 4:00:00,22.894932
2014-02-04 5:00:00,22.874874
2014-02-04 6:00:00,22.792568
2014-02-04 7:00:00,22.76735
2014-02-04 8:00:00,22.717743
2014-02-04 9:00:00,22.66481
2014-02-05 0:00:00,74.029175
2014-02-05 10:00:00,80.34514
2014-02-05 11:00:00,90.13748
2014-02-05 12:00:00,89.395096
2014-02-05 13:00:00,93.128716
2014-02-05 14:00:00,91.23212
2014-02-05 15:00:00,107.01405
2014-02-05 16:00:00,109.17047
2014-02-05 17:00:00,108.63406
2014-02-05 18:00:00,118.003525
2014-02-05 19:00:00,121.63864
2014-02-05 1:00:00,76.710266
2014-02-05 20:00:00,126.43887
2014-02-05 21:00:00,125.312546
2014-02-05 22:00:00,117.08702
2014-02-05 23:00:00,189.70654
2014-02-05 2:00:00,62.206635
2014-02-05 3:00:00,89.40233
2014-02-05 4:00:00,80.16176
2014-02-05 5:00:00,79.89209
2014-02-05 6:00:00,86.45472
2014-02-05 7:00:00,88.10614
2014-02-05 8:00:00,85.15171
2014-02-05 9:00:00,89.54666
2014-02-06 0:00:00,204.16592
2014-02-06 10:00:00,115.083984
2014-02-06 11:00:00,116.93161
2014-02-06 12:00:00,104.95445
2014-02-06 13:00:00,97.45325
2014-02-06 14:00:00,94.516464
2014-02-06 15:00:00,96.21849
2014-02-06 16:00:00,100.21679
2014-02-06 17:00:00,100.34613
2014-02-06 18:00:00,106.38286
2014-02-06 19:00:00,131.42162
2014-02-06 1:00:00,164.12729
2014-02-06 20:00:00,155.07161
2014-02-06 21:00:00,178.15167
2014-02-06 22:00:00,254.21448
2014-02-06 23:00:00,271.6358
2014-02-06 2:00:00,134.93103
2014-02-06 3:00:00,139.46452
2014-02-06 4:00:00,132.64436
2014-02-06 5:00:00,116.40544
2014-02-06 6:00:00,113.56104
2014-02-06 7:00:00,110.77011
2014-02-06 8:00:00,109.41621
2014-02-06 9:00:00,104.80089
2014-02-07 0:00:00,263.52948
2014-02-07 10:00:00,94.33095
2014-02-07 11:00:00,93.10263
2014-02-07 12:00:00,92.321976
2014-02-07 13:00:00,94.697876
2014-02-07 14:00:00,90.844635
2014-02-07 15:00:00,94.210365
2014-02-07 16:00:00,89.92998
2014-02-07 17:00:00,89.372284
2014-02-07 18:00:00,89.18958
2014-02-07 19:00:00,89.75993
2014-02-07 1:00:00,228.24214
2014-02-07 20:00:00,88.996796
2014-02-07 21:00:00,89.86309
2014-02-07 22:00:00,90.10925
2014-02-07 23:00:00,91.04375
2014-02-07 2:00:00,193.51933
2014-02-07 3:00:00,154.1846
2014-02-07 4:00:00,124.36391
2014-02-07 5:00:00,110.790955
2014-02-07 6:00:00,105.53322
2014-02-07 7:00:00,102.70815
2014-02-07 8:00:00,99.97407
2014-02-07 9:00:00,98.42668
2014-02-08 0:00:00,92.84545
2014-02-08 10:00:00,107.66272
2014-02-08 11:00:00,78.04562
2014-02-08 12:00:00,76.36516
2014-02-08 13:00:00,71.8054
2014-02-08 14:00:00,75.93027
2014-02-08 15:00:00,65.715195
2014-02-08 16:00:00,71.6537
2014-02-08 17:00:00,59.813305
2014-02-08 18:00:00,45.547752
2014-02-08 19:00:00,35.803116
2014-02-08 1:00:00,95.59706
2014-02-08 20:00:00,32.656055
2014-02-08 21:00:00,29.136505
2014-02-08 22:00:00,27.44918
2014-02-08 23:00:00,26.802643
2014-02-08 2:00:00,98.477844
2014-02-08 3:00:00,100.48469
2014-02-08 4:00:00,107.75331
2014-02-08 5:00:00,108.15352
2014-02-08 6:00:00,125.855354
2014-02-08 7:00:00,122.00916
2014-02-08 8:00:00,88.96814
2014-02-08 9:00:00,87.118996
2014-02-09 0:00:00,26.052067
2014-02-09 10:00:00,22.015469
2014-02-09 11:00:00,22.089779
2014-02-09 12:00:00,22.193104
2014-02-09 13:00:00,22.00283
2014-02-09 14:00:00,22.188736
2014-02-09 15:00:00,21.985462
2014-02-09 16:00:00,30.961414
2014-02-09 17:00:00,27.18916
2014-02-09 18:00:00,25.528442
2014-02-09 19:00:00,25.005981
2014-02-09 1:00:00,24.920834
2014-02-09 20:00:00,24.397697
2014-02-09 21:00:00,24.011211
2014-02-09 22:00:00,23.791348
2014-02-09 23:00:00,23.369633
2014-02-09 2:00:00,22.01575
2014-02-09 3:00:00,22.281063
2014-02-09 4:00:00,22.254494
2014-02-09 5:00:00,22.1806
2014-02-09 6:00:00,22.173702
2014-02-09 7:00:00,22.074669
2014-02-09 8:00:00,21.993351
2014-02-09 9:00:00,21.914455
2014-02-10 0:00:00,23.374977
2014-02-10 10:00:00,25.226852
2014-02-10 11:00:00,26.182114
2014-02-10 12:00:00,26.752075
2014-02-10 13:00:00,37.28144
2014-02-10 14:00:00,50.029358
2014-02-10 15:00:00,81.12143
2014-02-10 16:00:00,77.79948
2014-02-10 17:00:00,82.95506
2014-02-10 18:00:00,81.9219
2014-02-10 19:00:00,80.06403
2014-02-10 1:00:00,23.225311
2014-02-10 20:00:00,78.627075
2014-02-10 21:00:00,75.42525
2014-02-10 22:00:00,86.21101
2014-02-10 23:00:00,89.89847
2014-02-10 2:00:00,23.30854
2014-02-10 3:00:00,23.351425
2014-02-10 4:00:00,23.393288
2014-02-10 5:00:00,23.371399
2014-02-10 6:00:00,24.828167
2014-02-10 7:00:00,28.039303
2014-02-10 8:00:00,33.300617
2014-02-10 9:00:00,25.897804
2014-02-11 0:00:00,96.90512
2014-02-11 10:00:00,110.529594
2014-02-11 11:00:00,97.10306
2014-02-11 12:00:00,94.1204
2014-02-11 13:00:00,98.314606
2014-02-11 14:00:00,103.112686
2014-02-11 15:00:00,118.75673
2014-02-11 16:00:00,114.49057
2014-02-11 17:00:00,110.97757
2014-02-11 18:00:00,135.68294
2014-02-11 19:00:00,142.61479
2014-02-11 1:00:00,90.3314
2014-02-11 20:00:00,163.77464
2014-02-11 21:00:00,209.74318
2014-02-11 22:00:00,277.40775
2014-02-11 23:00:00,278.63156
2014-02-11 2:00:00,93.84508
2014-02-11 3:00:00,98.898254
2014-02-11 4:00:00,94.977234
2014-02-11 5:00:00,102.875534
2014-02-11 6:00:00,107.90012
2014-02-11 7:00:00,106.78146
2014-02-11 8:00:00,106.90367
2014-02-11 9:00:00,108.853775
2014-02-12 0:00:00,301.94864
2014-02-12 10:00:00,38.32249
2014-02-12 11:00:00,26.29974
2014-02-12 12:00:00,24.085754
2014-02-12 13:00:00,65.8061
2014-02-12 14:00:00,76.69652
2014-02-12 15:00:00,57.149025
2014-02-12 16:00:00,97.077736
2014-02-12 17:00:00,108.029434
2014-02-12 18:00:00,104.61287
2014-02-12 19:00:00,99.017334
2014-02-12 1:00:00,310.41904
2014-02-12 20:00:00,99.33057
2014-02-12 21:00:00,99.55747
2014-02-12 22:00:00,97.09669
2014-02-12 23:00:00,95.66612
2014-02-12 2:00:00,183.27046
2014-02-12 3:00:00,142.47607
2014-02-12 4:00:00,128.57886
2014-02-12 5:00:00,107.94805
2014-02-12 6:00:00,92.03784
2014-02-12 7:00:00,89.04757
2014-02-12 8:00:00,75.721115
2014-02-12 9:00:00,50.291748
2014-02-13 0:00:00,94.72679
2014-02-13 10:00:00,76.34249
2014-02-13 11:00:00,75.422264
2014-02-13 12:00:00,71.64747
2014-02-13 13:00:00,75.026474
2014-02-13 14:00:00,75.88988
2014-02-13 15:00:00,78.58935
2014-02-13 16:00:00,78.87203
2014-02-13 17:00:00,78.39463
2014-02-13 18:00:00,75.989655
2014-02-13 19:00:00,80.47776
2014-02-13 1:00:00,90.372894
2014-02-13 20:00:00,98.78366
2014-02-13 21:00:00,103.64248
2014-02-13 22:00:00,103.99429
2014-02-13 23:00:00,101.18661
2014-02-13 2:00:00,89.23637
2014-02-13 3:00:00,88.09923
2014-02-13 4:00:00,81.805824
2014-02-13 5:00:00,78.425446
2014-02-13 6:00:00,76.64423
2014-02-13 7:00:00,76.360504
2014-02-13 8:00:00,76.061966
2014-02-13 9:00:00,76.07795
2014-02-14 0:00:00,101.03993
2014-02-14 10:00:00,126.98282
2014-02-14 11:00:00,138.02538
2014-02-14 12:00:00,135.69446
2014-02-14 13:00:00,141.91936
2014-02-14 14:00:00,144.06181
2014-02-14 15:00:00,148.82735
2014-02-14 16:00:00,156.39
2014-02-14 17:00:00,162.50264
2014-02-14 18:00:00,231.4039
2014-02-14 19:00:00,154.88753
2014-02-14 1:00:00,111.934814
2014-02-14 20:00:00,153.42986
2014-02-14 21:00:00,161.64383
2014-02-14 22:00:00,209.5149
2014-02-14 23:00:00,246.6336
2014-02-14 2:00:00,109.08654
2014-02-14 3:00:00,119.97653
2014-02-14 4:00:00,107.2881
2014-02-14 5:00:00,88.834625
2014-02-14 6:00:00,81.64585
2014-02-14 7:00:00,82.32021
2014-02-14 8:00:00,96.03488
2014-02-14 9:00:00,107.3725
2014-02-15 0:00:00,259.59494
2014-02-15 10:00:00,232.75478
2014-02-15 11:00:00,241.22038
2014-02-15 12:00:00,223.18138
2014-02-15 13:00:00,211.01631
2014-02-15 14:00:00,203.31554
2014-02-15 15:00:00,189.23625
2014-02-15 16:00:00,190.00374
2014-02-15 17:00:00,166.64812
2014-02-15 18:00:00,200.27899
2014-02-15 19:00:00,176.95961
2014-02-15 1:00:00,183.71965
2014-02-15 20:00:00,197.74239
2014-02-15 21:00:00,233.19301
2014-02-15 22:00:00,206.82944
2014-02-15 23:00:00,160.29451
2014-02-15 2:00:00,189.6888
2014-02-15 3:00:00,208.87509
2014-02-15 4:00:00,235.23978
2014-02-15 5:00:00,233.72073
2014-02-15 6:00:00,233.16255
2014-02-15 7:00:00,213.22658
2014-02-15 8:00:00,231.15657
2014-02-15 9:00:00,240.36412
2014-02-16 0:00:00,207.23872
2014-02-16 10:00:00,31.941177
2014-02-16 11:00:00,71.88231
2014-02-16 12:00:00,43.330193
2014-02-16 13:00:00,95.72095
2014-02-16 14:00:00,116.729965
2014-02-16 15:00:00,114.89574
2014-02-16 16:00:00,137.66321
2014-02-16 17:00:00,140.57195
2014-02-16 18:00:00,172.37794
2014-02-16 19:00:00,165.27325
2014-02-16 1:00:00,182.76665
2014-02-16 20:00:00,145.7215
2014-02-16 21:00:00,102.52341
2014-02-16 22:00:00,93.202774
2014-02-16 23:00:00,91.997406
2014-02-16 2:00:00,162.41685
2014-02-16 3:00:00,151.9642
2014-02-16 4:00:00,136.0096
2014-02-16 5:00:00,135.442
2014-02-16 6:00:00,125.70877
2014-02-16 7:00:00,105.38257
2014-02-16 8:00:00,87.12044
2014-02-16 9:00:00,67.456055
2014-02-17 0:00:00,96.8777
2014-02-17 10:00:00,112.60007
2014-02-17 11:00:00,96.0295
2014-02-17 12:00:00,95.167145
2014-02-17 13:00:00,92.00308
2014-02-17 14:00:00,83.76811
2014-02-17 15:00:00,75.370285
2014-02-17 16:00:00,71.579765
2014-02-17 17:00:00,69.505516
2014-02-17 18:00:00,69.179214
2014-02-17 19:00:00,68.98799
2014-02-17 1:00:00,102.22684
2014-02-17 20:00:00,69.77048
2014-02-17 21:00:00,69.94024
2014-02-17 22:00:00,67.89502
2014-02-17 23:00:00,70.778145
2014-02-17 2:00:00,97.17944
2014-02-17 3:00:00,96.22964
2014-02-17 4:00:00,95.52077
2014-02-17 5:00:00,95.3277
2014-02-17 6:00:00,89.12456
2014-02-17 7:00:00,96.02954
2014-02-17 8:00:00,92.39746
2014-02-17 9:00:00,107.01591
2014-02-18 0:00:00,69.91191
2014-02-18 10:00:00,101.93852
2014-02-18 11:00:00,101.79053
2014-02-18 12:00:00,94.74347
2014-02-18 13:00:00,89.45285
2014-02-18 14:00:00,91.16147
2014-02-18 15:00:00,90.46707
2014-02-18 16:00:00,86.39172
2014-02-18 17:00:00,82.48958
2014-02-18 18:00:00,80.738266
2014-02-18 19:00:00,92.37607
2014-02-18 1:00:00,71.0707
2014-02-18 20:00:00,113.445496
2014-02-18 21:00:00,114.538414
2014-02-18 22:00:00,99.347725
2014-02-18 23:00:00,93.7337
2014-02-18 2:00:00,72.91321
2014-02-18 3:00:00,82.91695
2014-02-18 4:00:00,97.52152
2014-02-18 5:00:00,93.70439
2014-02-18 6:00:00,98.80965
2014-02-18 7:00:00,97.58162
2014-02-18 8:00:00,96.59563
2014-02-18 9:00:00,95.934784
2014-02-19 0:00:00,105.84366
2014-02-19 10:00:00,78.64634
2014-02-19 11:00:00,71.055466
2014-02-19 12:00:00,41.37909
2014-02-19 13:00:00,57.1975
2014-02-19 14:00:00,41.456177
2014-02-19 15:00:00,36.85223
2014-02-19 16:00:00,63.367847
2014-02-19 17:00:00,74.28175
2014-02-19 18:00:00,104.837166
2014-02-19 19:00:00,99.20001
2014-02-19 1:00:00,116.83151
2014-02-19 20:00:00,101.649956
2014-02-19 21:00:00,104.02046
2014-02-19 22:00:00,106.65856
2014-02-19 23:00:00,101.30148
2014-02-19 2:00:00,111.156044
2014-02-19 3:00:00,94.24961
2014-02-19 4:00:00,115.51947
2014-02-19 5:00:00,110.275764
2014-02-19 6:00:00,120.37854
2014-02-19 7:00:00,109.976906
2014-02-19 8:00:00,88.41487
2014-02-19 9:00:00,90.05661
2014-02-20 0:00:00,103.93563
2014-02-20 10:00:00,106.15062
2014-02-20 11:00:00,103.81823
2014-02-20 12:00:00,100.73114
2014-02-20 13:00:00,100.71892
2014-02-20 14:00:00,101.65634
2014-02-20 15:00:00,103.418
2014-02-20 16:00:00,102.92195
2014-02-20 17:00:00,103.12492
2014-02-20 18:00:00,101.91955
2014-02-20 19:00:00,98.36624
2014-02-20 1:00:00,106.72948
2014-02-20 20:00:00,96.12549
2014-02-20 21:00:00,120.141815
2014-02-20 22:00:00,122.756775
2014-02-20 23:00:00,120.886536
2014-02-20 2:00:00,98.779236
2014-02-20 3:00:00,98.21616
2014-02-20 4:00:00,96.396935
2014-02-20 5:00:00,111.71388
2014-02-20 6:00:00,129.74998
2014-02-20 7:00:00,118.05219
2014-02-20 8:00:00,111.42592
2014-02-20 9:00:00,109.5446
2014-02-21 0:00:00,125.43929
2014-02-21 10:00:00,117.09496
2014-02-21 11:00:00,108.06678
2014-02-21 12:00:00,118.59363
2014-02-21 13:00:00,103.92154
2014-02-21 14:00:00,134.55453
2014-02-21 15:00:00,136.00984
2014-02-21 16:00:00,153.73466
2014-02-21 17:00:00,163.5033
2014-02-21 18:00:00,131.97386
2014-02-21 19:00:00,160.26686
2014-02-21 1:00:00,125.220535
2014-02-21 20:00:00,238.6722
2014-02-21 21:00:00,282.8348
2014-02-21 22:00:00,225.9204
2014-02-21 23:00:00,293.74344
2014-02-21 2:00:00,131.11905
2014-02-21 3:00:00,137.13976
2014-02-21 4:00:00,143.68156
2014-02-21 5:00:00,138.18639
2014-02-21 6:00:00,107.76781
2014-02-21 7:00:00,137.9271
2014-02-21 8:00:00,135.64384
2014-02-21 9:00:00,126.14885
2014-02-22 0:00:00,277.23398
2014-02-22 10:00:00,85.274765
2014-02-22 11:00:00,166.32828
2014-02-22 12:00:00,119.153366
2014-02-22 13:00:00,193.24786
2014-02-22 14:00:00,127.9559
2014-02-22 15:00:00,160.9532
2014-02-22 16:00:00,165.48988
2014-02-22 17:00:00,194.51167
2014-02-22 18:00:00,181.5129
2014-02-22 19:00:00,165.06747
2014-02-22 1:00:00,255.8721
2014-02-22 20:00:00,118.31732
2014-02-22 21:00:00,122.214096
2014-02-22 22:00:00,122.07772
2014-02-22 23:00:00,97.3846
2014-02-22 2:00:00,247.8474
2014-02-22 3:00:00,217.98894
2014-02-22 4:00:00,171.0702
2014-02-22 5:00:00,193.55458
2014-02-22 6:00:00,171.54826
2014-02-22 7:00:00,115.518394
2014-02-22 8:00:00,80.51613
2014-02-22 9:00:00,96.773895
2014-02-23 0:00:00,96.172005
2014-02-23 10:00:00,137.96298
2014-02-23 11:00:00,146.70439
2014-02-23 12:00:00,132.74742
2014-02-23 13:00:00,147.63632
2014-02-23 14:00:00,148.37743
2014-02-23 15:00:00,150.24301
2014-02-23 16:00:00,145.12529
2014-02-23 17:00:00,143.96492
2014-02-23 18:00:00,155.14522
2014-02-23 19:00:00,140.96281
2014-02-23 1:00:00,91.62784
2014-02-23 20:00:00,156.5977
2014-02-23 21:00:00,161.95006
2014-02-23 22:00:00,166.07094
2014-02-23 23:00:00,169.98552
2014-02-23 2:00:00,91.88341
2014-02-23 3:00:00,93.04414
2014-02-23 4:00:00,91.85511
2014-02-23 5:00:00,98.37726
2014-02-23 6:00:00,100.35605
2014-02-23 7:00:00,102.89165
2014-02-23 8:00:00,105.900375
2014-02-23 9:00:00,117.8957
2014-02-24 0:00:00,189.20317
2014-02-24 10:00:00,259.58267
2014-02-24 11:00:00,227.29291
2014-02-24 12:00:00,221.86165
2014-02-24 13:00:00,194.50107
2014-02-24 14:00:00,166.47264
2014-02-24 15:00:00,205.16684
2014-02-24 16:00:00,209.05394
2014-02-24 17:00:00,231.48692
2014-02-24 18:00:00,279.09933
2014-02-24 19:00:00,276.85022
2014-02-24 1:00:00,152.99724
2014-02-24 20:00:00,260.81744
2014-02-24 21:00:00,245.58305
2014-02-24 22:00:00,242.19812
2014-02-24 23:00:00,183.28564
2014-02-24 2:00:00,186.48222
2014-02-24 3:00:00,164.8806
2014-02-24 4:00:00,255.99463
2014-02-24 5:00:00,245.33705
2014-02-24 6:00:00,226.21545
2014-02-24 7:00:00,208.39336
2014-02-24 8:00:00,209.43324
2014-02-24 9:00:00,226.5355
2014-02-25 0:00:00,208.13768
2014-02-25 10:00:00,176.87222
2014-02-25 11:00:00,180.54048
2014-02-25 12:00:00,256.98944
2014-02-25 13:00:00,279.4955
2014-02-25 14:00:00,299.4415
2014-02-25 15:00:00,263.5838
2014-02-25 16:00:00,293.27457
2014-02-25 17:00:00,309.3588
2014-02-25 18:00:00,304.03522
2014-02-25 19:00:00,314.95822
2014-02-25 1:00:00,221.32225
2014-02-25 20:00:00,348.79306
2014-02-25 21:00:00,299.18155
2014-02-25 22:00:00,231.8449
2014-02-25 23:00:00,295.66776
2014-02-25 2:00:00,171.22615
2014-02-25 3:00:00,165.97293
2014-02-25 4:00:00,176.51028
2014-02-25 5:00:00,179.43784
2014-02-25 6:00:00,172.04585
2014-02-25 7:00:00,211.84207
2014-02-25 8:00:00,146.08258
2014-02-25 9:00:00,158.70935
2014-02-26 0:00:00,293.98404
2014-02-26 10:00:00,190.9098
2014-02-26 11:00:00,188.72075
2014-02-26 12:00:00,261.60623
2014-02-26 13:00:00,269.97452
2014-02-26 14:00:00,292.48395
2014-02-26 15:00:00,246.2881
2014-02-26 16:00:00,214.78967
2014-02-26 17:00:00,194.458
2014-02-26 18:00:00,160.01027
2014-02-26 19:00:00,212.73097
2014-02-26 1:00:00,222.31937
2014-02-26 20:00:00,132.19775
2014-02-26 21:00:00,190.49016
2014-02-26 22:00:00,174.49174
2014-02-26 23:00:00,153.6534
2014-02-26 2:00:00,259.64062
2014-02-26 3:00:00,204.76555
2014-02-26 4:00:00,195.25996
2014-02-26 5:00:00,182.0711
2014-02-26 6:00:00,160.50203
2014-02-26 7:00:00,154.10753
2014-02-26 8:00:00,153.1417
2014-02-26 9:00:00,196.99191
2014-02-27 0:00:00,78.54509
2014-02-27 10:00:00,21.411217
2014-02-27 11:00:00,21.427498
2014-02-27 12:00:00,23.90926
2014-02-27 13:00:00,23.944302
2014-02-27 14:00:00,31.62033
2014-02-27 15:00:00,32.082203
2014-02-27 16:00:00,28.574451
2014-02-27 17:00:00,25.848602
2014-02-27 18:00:00,31.879314
2014-02-27 19:00:00,37.56136
2014-02-27 1:00:00,70.41681
2014-02-27 20:00:00,42.853603
2014-02-27 21:00:00,36.837635
2014-02-27 22:00:00,40.09612
2014-02-27 23:00:00,76.393814
2014-02-27 2:00:00,37.233223
2014-02-27 3:00:00,26.374886
2014-02-27 4:00:00,24.67126
2014-02-27 5:00:00,24.196804
2014-02-27 6:00:00,23.124878
2014-02-27 7:00:00,22.445805
2014-02-27 8:00:00,22.050838
2014-02-27 9:00:00,21.596603
2014-02-28 0:00:00,97.93156
2014-02-28 10:00:00,123.65488
2014-02-28 11:00:00,141.6815
2014-02-28 12:00:00,126.35781
2014-02-28 13:00:00,120.32645
2014-02-28 14:00:00,115.42539
2014-02-28 15:00:00,118.63721
2014-02-28 16:00:00,131.25398
2014-02-28 17:00:00,203.18861
2014-02-28 18:00:00,200.66725
2014-02-28 19:00:00,140.26277
2014-02-28 1:00:00,96.03496
2014-02-28 20:00:00,147.60506
2014-02-28 21:00:00,179.83047
2014-02-28 22:00:00,166.40193
2014-02-28 23:00:00,136.69267
2014-02-28 2:00:00,96.0252
2014-02-28 3:00:00,90.61588
2014-02-28 4:00:00,94.331505
2014-02-28 5:00:00,102.0599
2014-02-28 6:00:00,107.59101
2014-02-28 7:00:00,113.81542
2014-02-28 8:00:00,114.24348
2014-02-28 9:00:00,125.14491
2014-03-01 0:00:00,140.58617
2014-03-01 10:00:00,30.642761
2014-03-01 11:00:00,25.049152
2014-03-01 12:00:00,24.237915
2014-03-01 13:00:00,26.872139
2014-03-01 14:00:00,23.828915
2014-03-01 15:00:00,33.198124
2014-03-01 16:00:00,53.46661
2014-03-01 17:00:00,45.132957
2014-03-01 18:00:00,52.30063
2014-03-01 19:00:00,80.689835
2014-03-01 1:00:00,135.32716
2014-03-01 20:00:00,80.265625
2014-03-01 21:00:00,77.044334
2014-03-01 22:00:00,78.723526
2014-03-01 23:00:00,78.15187
2014-03-01 2:00:00,108.930786
2014-03-01 3:00:00,137.31447
2014-03-01 4:00:00,165.82256
2014-03-01 5:00:00,160.69914
2014-03-01 6:00:00,152.22871
2014-03-01 7:00:00,109.81678
2014-03-01 8:00:00,96.82547
2014-03-01 9:00:00,65.6746
2014-03-02 0:00:00,93.37915
2014-03-02 10:00:00,112.074646
2014-03-02 11:00:00,107.69937
2014-03-02 12:00:00,103.69
2014-03-02 13:00:00,121.927826
2014-03-02 14:00:00,120.53851
2014-03-02 15:00:00,96.61642
2014-03-02 16:00:00,91.557556
2014-03-02 17:00:00,94.45861
2014-03-02 18:00:00,94.02547
2014-03-02 19:00:00,104.30025
2014-03-02 1:00:00,93.00301
2014-03-02 20:00:00,118.77782
2014-03-02 21:00:00,130.58769
2014-03-02 22:00:00,138.48778
2014-03-02 23:00:00,119.91449
2014-03-02 2:00:00,94.57823
2014-03-02 3:00:00,103.72542
2014-03-02 4:00:00,105.672295
2014-03-02 5:00:00,101.260445
2014-03-02 6:00:00,100.819275
2014-03-02 7:00:00,99.39613
2014-03-02 8:00:00,112.512665
2014-03-02 9:00:00,106.722916
2014-03-03 0:00:00,113.22159
2014-03-03 10:00:00,153.82384
2014-03-03 11:00:00,165.90977
2014-03-03 12:00:00,172.62117
2014-03-03 13:00:00,168.85886
2014-03-03 14:00:00,179.09772
2014-03-03 15:00:00,183.12042
2014-03-03 16:00:00,166.32918
2014-03-03 17:00:00,190.8694
2014-03-03 18:00:00,192.29468
2014-03-03 19:00:00,161.64769
2014-03-03 1:00:00,125.96719
2014-03-03 20:00:00,125.70282
2014-03-03 21:00:00,102.51765
2014-03-03 22:00:00,85.4388
2014-03-03 23:00:00,68.673355
2014-03-03 2:00:00,139.28862
2014-03-03 3:00:00,190.54102
2014-03-03 4:00:00,151.82466
2014-03-03 5:00:00,173.43199
2014-03-03 6:00:00,177.59003
2014-03-03 7:00:00,159.41806
2014-03-03 8:00:00,152.96689
2014-03-03 9:00:00,150.68279
2014-03-04 0:00:00,101.46767
2014-03-04 10:00:00,23.557632
2014-03-04 11:00:00,22.872845
2014-03-04 12:00:00,22.584667
2014-03-04 13:00:00,22.658344
2014-03-04 14:00:00,22.490944
2014-03-04 15:00:00,22.246864
2014-03-04 16:00:00,22.162502
2014-03-04 17:00:00,22.068367
2014-03-04 18:00:00,21.981243
2014-03-04 19:00:00,21.929348
2014-03-04 1:00:00,77.341606
2014-03-04 20:00:00,21.890995
2014-03-04 21:00:00,21.909443
2014-03-04 22:00:00,21.926765
2014-03-04 23:00:00,21.938793
2014-03-04 2:00:00,71.60991
2014-03-04 3:00:00,55.280537
2014-03-04 4:00:00,51.659317
2014-03-04 5:00:00,79.62959
2014-03-04 6:00:00,83.063286
2014-03-04 7:00:00,82.11462
2014-03-04 8:00:00,40.668953
2014-03-04 9:00:00,26.817497
2014-03-05 0:00:00,21.924366
2014-03-05 10:00:00,60.012726
2014-03-05 11:00:00,68.51304
2014-03-05 12:00:00,68.25029
2014-03-05 13:00:00,70.20309
2014-03-05 14:00:00,70.90551
2014-03-05 15:00:00,70.634125
2014-03-05 16:00:00,70.54038
2014-03-05 17:00:00,70.92412
2014-03-05 18:00:00,71.04237
2014-03-05 19:00:00,72.05282
2014-03-05 1:00:00,21.93018
2014-03-05 20:00:00,76.09396
2014-03-05 21:00:00,62.36391
2014-03-05 22:00:00,55.632202
2014-03-05 23:00:00,43.373936
2014-03-05 2:00:00,21.93621
2014-03-05 3:00:00,21.87067
2014-03-05 4:00:00,23.848518
2014-03-05 5:00:00,35.63119
2014-03-05 6:00:00,33.98131
2014-03-05 7:00:00,42.572144
2014-03-05 8:00:00,44.064598
2014-03-05 9:00:00,53.005104
2014-03-06 0:00:00,40.047165
2014-03-06 10:00:00,24.146328
2014-03-06 11:00:00,36.29306
2014-03-06 12:00:00,56.708523
2014-03-06 13:00:00,42.544277
2014-03-06 14:00:00,59.264214
2014-03-06 15:00:00,26.289814
2014-03-06 16:00:00,24.119953
2014-03-06 17:00:00,23.55494
2014-03-06 18:00:00,23.313862
2014-03-06 19:00:00,32.030567
2014-03-06 1:00:00,34.53185
2014-03-06 20:00:00,65.88691
2014-03-06 21:00:00,71.137985
2014-03-06 22:00:00,70.51041
2014-03-06 23:00:00,80.24782
2014-03-06 2:00:00,32.02405
2014-03-06 3:00:00,27.064995
2014-03-06 4:00:00,26.60939
2014-03-06 5:00:00,25.680351
2014-03-06 6:00:00,80.23871
2014-03-06 7:00:00,86.995865
2014-03-06 8:00:00,73.03618
2014-03-06 9:00:00,26.279732
2014-03-07 0:00:00,87.93265
2014-03-07 10:00:00,89.52283
2014-03-07 11:00:00,28.316414
2014-03-07 12:00:00,25.831642
2014-03-07 13:00:00,65.427925
2014-03-07 14:00:00,27.813908
2014-03-07 15:00:00,65.29705
2014-03-07 16:00:00,73.12961
2014-03-07 17:00:00,73.32474
2014-03-07 18:00:00,78.794266
2014-03-07 19:00:00,80.18428
2014-03-07 1:00:00,89.776306
2014-03-07 20:00:00,79.39583
2014-03-07 21:00:00,73.35064
2014-03-07 22:00:00,92.78529
2014-03-07 23:00:00,91.83914
2014-03-07 2:00:00,90.91611
2014-03-07 3:00:00,98.04085
2014-03-07 4:00:00,121.26947
2014-03-07 5:00:00,127.76036
2014-03-07 6:00:00,125.796875
2014-03-07 7:00:00,105.33791
2014-03-07 8:00:00,92.95026
2014-03-07 9:00:00,101.88198
2014-03-08 0:00:00,92.94363
2014-03-08 10:00:00,121.79322
2014-03-08 11:00:00,123.90088
2014-03-08 12:00:00,124.66925
2014-03-08 13:00:00,131.62144
2014-03-08 14:00:00,148.9684
2014-03-08 15:00:00,142.60258
2014-03-08 16:00:00,125.15005
2014-03-08 17:00:00,118.70787
2014-03-08 18:00:00,112.39292
2014-03-08 19:00:00,125.993286
2014-03-08 1:00:00,97.321205
2014-03-08 20:00:00,137.12993
2014-03-08 21:00:00,146.79527
2014-03-08 22:00:00,159.67674
2014-03-08 23:00:00,176.16284
2014-03-08 2:00:00,104.587814
2014-03-08 3:00:00,105.28855
2014-03-08 4:00:00,109.45021
2014-03-08 5:00:00,109.28784
2014-03-08 6:00:00,103.60379
2014-03-08 7:00:00,105.49822
2014-03-08 8:00:00,116.17652
2014-03-08 9:00:00,123.153786
2014-03-09 0:00:00,143.55153
2014-03-09 10:00:00,184.30516
2014-03-09 11:00:00,185.60818
2014-03-09 12:00:00,222.90079
2014-03-09 13:00:00,195.94643
2014-03-09 14:00:00,143.76253
2014-03-09 15:00:00,134.18639
2014-03-09 16:00:00,125.91151
2014-03-09 17:00:00,110.47495
2014-03-09 18:00:00,99.81913
2014-03-09 19:00:00,94.94368
2014-03-09 1:00:00,170.44969
2014-03-09 20:00:00,86.11214
2014-03-09 21:00:00,87.180305
2014-03-09 22:00:00,92.712814
2014-03-09 23:00:00,90.59565
2014-03-09 2:00:00,143.40605
2014-03-09 3:00:00,134.77443
2014-03-09 4:00:00,123.97997
2014-03-09 5:00:00,118.9662
2014-03-09 6:00:00,116.00525
2014-03-09 7:00:00,170.48985
2014-03-09 8:00:00,271.33163
2014-03-09 9:00:00,203.96782
2014-03-10 0:00:00,91.08925
2014-03-10 10:00:00,127.95683
2014-03-10 11:00:00,121.24672
2014-03-10 12:00:00,126.25829
2014-03-10 13:00:00,129.01111
2014-03-10 14:00:00,132.88647
2014-03-10 15:00:00,132.43242
2014-03-10 16:00:00,128.9339
2014-03-10 17:00:00,133.98863
2014-03-10 18:00:00,133.87807
2014-03-10 19:00:00,128.54959
2014-03-10 1:00:00,85.40022
2014-03-10 20:00:00,126.51572
2014-03-10 21:00:00,150.66286
2014-03-10 22:00:00,155.13846
2014-03-10 23:00:00,150.16205
2014-03-10 2:00:00,84.03754
2014-03-10 3:00:00,80.75978
2014-03-10 4:00:00,105.290924
2014-03-10 5:00:00,116.874214
2014-03-10 6:00:00,132.4145
2014-03-10 7:00:00,134.48253
2014-03-10 8:00:00,146.64104
2014-03-10 9:00:00,135.01335
2014-03-11 0:00:00,157.89772
2014-03-11 10:00:00,250.94992
2014-03-11 11:00:00,206.36324
2014-03-11 12:00:00,215.89288
2014-03-11 13:00:00,201.78009
2014-03-11 14:00:00,210.19951
2014-03-11 15:00:00,217.74171
2014-03-11 16:00:00,207.51262
2014-03-11 17:00:00,256.602
2014-03-11 18:00:00,298.08298
2014-03-11 19:00:00,241.36055
2014-03-11 1:00:00,163.61055
2014-03-11 20:00:00,52.178368
2014-03-11 21:00:00,26.646759
2014-03-11 22:00:00,26.026245
2014-03-11 23:00:00,136.89409
2014-03-11 2:00:00,164.3137
2014-03-11 3:00:00,210.95135
2014-03-11 4:00:00,182.32884
2014-03-11 5:00:00,177.38945
2014-03-11 6:00:00,193.91011
2014-03-11 7:00:00,151.18117
2014-03-11 8:00:00,164.22614
2014-03-11 9:00:00,177.87889
2014-03-12 0:00:00,121.281815
2014-03-12 10:00:00,25.080471
2014-03-12 11:00:00,23.7131
2014-03-12 12:00:00,44.147797
2014-03-12 13:00:00,42.484
2014-03-12 14:00:00,39.430367
2014-03-12 15:00:00,36.821915
2014-03-12 16:00:00,33.726555
2014-03-12 17:00:00,40.859577
2014-03-12 18:00:00,50.664574
2014-03-12 19:00:00,58.375862
2014-03-12 1:00:00,82.11598
2014-03-12 20:00:00,66.114784
2014-03-12 21:00:00,53.168037
2014-03-12 22:00:00,107.13179
2014-03-12 23:00:00,86.39301
2014-03-12 2:00:00,63.38654
2014-03-12 3:00:00,64.3727
2014-03-12 4:00:00,87.74979
2014-03-12 5:00:00,83.31715
2014-03-12 6:00:00,83.95342
2014-03-12 7:00:00,63.553066
2014-03-12 8:00:00,34.01812
2014-03-12 9:00:00,29.171059
2014-03-13 0:00:00,94.34688
2014-03-13 10:00:00,90.26213
2014-03-13 11:00:00,93.99451
2014-03-13 12:00:00,101.23743
2014-03-13 13:00:00,78.366585
2014-03-13 14:00:00,89.120895
2014-03-13 15:00:00,90.696884
2014-03-13 16:00:00,90.033165
2014-03-13 17:00:00,88.081154
2014-03-13 18:00:00,83.20216
2014-03-13 19:00:00,79.72869
2014-03-13 1:00:00,86.09827
2014-03-13 20:00:00,78.13165
2014-03-13 21:00:00,84.81029
2014-03-13 22:00:00,122.41916
2014-03-13 23:00:00,82.42776
2014-03-13 2:00:00,82.921265
2014-03-13 3:00:00,79.7274
2014-03-13 4:00:00,72.90057
2014-03-13 5:00:00,88.511444
2014-03-13 6:00:00,94.77417
2014-03-13 7:00:00,100.257614
2014-03-13 8:00:00,112.953636
2014-03-13 9:00:00,96.90903
2014-03-14 0:00:00,36.98398
2014-03-14 10:00:00,24.113266
2014-03-14 11:00:00,23.995102
2014-03-14 12:00:00,34.509888
2014-03-14 13:00:00,35.235466
2014-03-14 14:00:00,45.870052
2014-03-14 15:00:00,57.244198
2014-03-14 16:00:00,62.73929
2014-03-14 17:00:00,68.73185
2014-03-14 18:00:00,70.71101
2014-03-14 19:00:00,73.62967
2014-03-14 1:00:00,29.61789
2014-03-14 20:00:00,78.28294
2014-03-14 21:00:00,73.09784
2014-03-14 22:00:00,76.01199
2014-03-14 23:00:00,76.62468
2014-03-14 2:00:00,27.821503
2014-03-14 3:00:00,27.56466
2014-03-14 4:00:00,26.171215
2014-03-14 5:00:00,25.808338
2014-03-14 6:00:00,25.495895
2014-03-14 7:00:00,25.176907
2014-03-14 8:00:00,24.80148
2014-03-14 9:00:00,24.674465
2014-03-15 0:00:00,78.57507
2014-03-15 10:00:00,107.47446
2014-03-15 11:00:00,115.583435
2014-03-15 12:00:00,124.60305
2014-03-15 13:00:00,125.04712
2014-03-15 14:00:00,127.95919
2014-03-15 15:00:00,98.7623
2014-03-15 16:00:00,93.48627
2014-03-15 17:00:00,89.90981
2014-03-15 18:00:00,89.94896
2014-03-15 19:00:00,89.18822
2014-03-15 1:00:00,81.16006
2014-03-15 20:00:00,86.398285
2014-03-15 21:00:00,87.71187
2014-03-15 22:00:00,87.270294
2014-03-15 23:00:00,88.06677
2014-03-15 2:00:00,91.80652
2014-03-15 3:00:00,95.24881
2014-03-15 4:00:00,96.285736
2014-03-15 5:00:00,109.38094
2014-03-15 6:00:00,99.63425
2014-03-15 7:00:00,96.22831
2014-03-15 8:00:00,96.9137
2014-03-15 9:00:00,97.50009
2014-03-16 0:00:00,85.14318
2014-03-16 10:00:00,112.48828
2014-03-16 11:00:00,100.71898
2014-03-16 12:00:00,89.11332
2014-03-16 13:00:00,90.93904
2014-03-16 14:00:00,88.7724
2014-03-16 15:00:00,88.96686
2014-03-16 16:00:00,87.44883
2014-03-16 17:00:00,82.88738
2014-03-16 18:00:00,81.53802
2014-03-16 19:00:00,81.94969
2014-03-16 1:00:00,87.50514
2014-03-16 20:00:00,80.57005
2014-03-16 21:00:00,81.85924
2014-03-16 22:00:00,82.41295
2014-03-16 23:00:00,105.36006
2014-03-16 2:00:00,98.73087
2014-03-16 3:00:00,104.8519
2014-03-16 4:00:00,114.46922
2014-03-16 5:00:00,125.60886
2014-03-16 6:00:00,132.54408
2014-03-16 7:00:00,127.477684
2014-03-16 8:00:00,142.94954
2014-03-16 9:00:00,118.22882
2014-03-17 0:00:00,138.16536
2014-03-17 10:00:00,141.66023
2014-03-17 11:00:00,124.00612
2014-03-17 12:00:00,80.79474
2014-03-17 13:00:00,53.352768
2014-03-17 14:00:00,38.63313
2014-03-17 15:00:00,41.130936
2014-03-17 16:00:00,39.205048
2014-03-17 17:00:00,35.994186
2014-03-17 18:00:00,32.83609
2014-03-17 19:00:00,29.744884
2014-03-17 1:00:00,158.84505
2014-03-17 20:00:00,26.579472
2014-03-17 21:00:00,22.682251
2014-03-17 22:00:00,23.702732
2014-03-17 23:00:00,23.67929
2014-03-17 2:00:00,128.94095
2014-03-17 3:00:00,163.41646
2014-03-17 4:00:00,160.04
2014-03-17 5:00:00,177.67615
2014-03-17 6:00:00,161.83298
2014-03-17 7:00:00,162.98772
2014-03-17 8:00:00,151.70518
2014-03-17 9:00:00,144.32674
2014-03-18 0:00:00,23.259056
2014-03-18 10:00:00,52.767532
2014-03-18 11:00:00,55.667473
2014-03-18 12:00:00,54.014038
2014-03-18 13:00:00,52.111305
2014-03-18 14:00:00,53.210564
2014-03-18 15:00:00,57.765717
2014-03-18 16:00:00,61.528465
2014-03-18 17:00:00,63.487144
2014-03-18 18:00:00,66.77667
2014-03-18 19:00:00,69.46196
2014-03-18 1:00:00,22.66209
2014-03-18 20:00:00,72.91635
2014-03-18 21:00:00,75.30977
2014-03-18 22:00:00,76.82397
2014-03-18 23:00:00,76.84199
2014-03-18 2:00:00,24.817772
2014-03-18 3:00:00,26.851875
2014-03-18 4:00:00,26.80236
2014-03-18 5:00:00,31.693
2014-03-18 6:00:00,29.203136
2014-03-18 7:00:00,27.558235
2014-03-18 8:00:00,29.489765
2014-03-18 9:00:00,27.44046
2014-03-19 0:00:00,67.864876
2014-03-19 10:00:00,126.15784
2014-03-19 11:00:00,111.504974
2014-03-19 12:00:00,91.75067
2014-03-19 13:00:00,88.71816
2014-03-19 14:00:00,93.16156
2014-03-19 15:00:00,135.3496
2014-03-19 16:00:00,147.62416
2014-03-19 17:00:00,160.42126
2014-03-19 18:00:00,149.70125
2014-03-19 19:00:00,152.05173
2014-03-19 1:00:00,74.689865
2014-03-19 20:00:00,130.34349
2014-03-19 21:00:00,71.82368
2014-03-19 22:00:00,44.4245
2014-03-19 23:00:00,36.75212
2014-03-19 2:00:00,77.31456
2014-03-19 3:00:00,79.43323
2014-03-19 4:00:00,89.321884
2014-03-19 5:00:00,100.24651
2014-03-19 6:00:00,103.88345
2014-03-19 7:00:00,105.43001
2014-03-19 8:00:00,114.327866
2014-03-19 9:00:00,123.07225
2014-03-20 0:00:00,37.037712
2014-03-20 10:00:00,22.821236
2014-03-20 11:00:00,22.643322
2014-03-20 12:00:00,22.148548
2014-03-20 13:00:00,24.466156
2014-03-20 14:00:00,31.973736
2014-03-20 15:00:00,33.702953
2014-03-20 16:00:00,41.668922
2014-03-20 17:00:00,38.323746
2014-03-20 18:00:00,49.82834
2014-03-20 19:00:00,46.925034
2014-03-20 1:00:00,36.748787
2014-03-20 20:00:00,83.32756
2014-03-20 21:00:00,104.66197
2014-03-20 22:00:00,110.22556
2014-03-20 23:00:00,100.93066
2014-03-20 2:00:00,30.632809
2014-03-20 3:00:00,24.450897
2014-03-20 4:00:00,24.04882
2014-03-20 5:00:00,24.100586
2014-03-20 6:00:00,23.737492
2014-03-20 7:00:00,23.579445
2014-03-20 8:00:00,23.393803
2014-03-20 9:00:00,23.23862
2014-03-21 0:00:00,82.7506
2014-03-21 10:00:00,102.03211
2014-03-21 11:00:00,97.59836
2014-03-21 12:00:00,142.3365
2014-03-21 13:00:00,111.901436
2014-03-21 14:00:00,155.25641
2014-03-21 15:00:00,126.293884
2014-03-21 16:00:00,104.96788
2014-03-21 17:00:00,103.05741
2014-03-21 18:00:00,97.63518
2014-03-21 19:00:00,96.47797
2014-03-21 1:00:00,70.942535
2014-03-21 20:00:00,90.760124
2014-03-21 21:00:00,94.38916
2014-03-21 22:00:00,88.30896
2014-03-21 23:00:00,83.536804
2014-03-21 2:00:00,53.88632
2014-03-21 3:00:00,41.772583
2014-03-21 4:00:00,43.648594
2014-03-21 5:00:00,41.94563
2014-03-21 6:00:00,78.76753
2014-03-21 7:00:00,68.44248
2014-03-21 8:00:00,94.36788
2014-03-21 9:00:00,95.08494
2014-03-22 0:00:00,80.91555
2014-03-22 10:00:00,71.32372
2014-03-22 11:00:00,95.078606
2014-03-22 12:00:00,52.76918
2014-03-22 13:00:00,91.601425
2014-03-22 14:00:00,31.018356
2014-03-22 15:00:00,26.068901
2014-03-22 16:00:00,25.844166
2014-03-22 17:00:00,25.208088
2014-03-22 18:00:00,24.868793
2014-03-22 19:00:00,64.12305
2014-03-22 1:00:00,94.09659
2014-03-22 20:00:00,85.822205
2014-03-22 21:00:00,88.39662
2014-03-22 22:00:00,85.919464
2014-03-22 23:00:00,82.256645
2014-03-22 2:00:00,112.07241
2014-03-22 3:00:00,118.41525
2014-03-22 4:00:00,144.0253
2014-03-22 5:00:00,133.60692
2014-03-22 6:00:00,132.16992
2014-03-22 7:00:00,125.71775
2014-03-22 8:00:00,110.80385
2014-03-22 9:00:00,104.41087
2014-03-23 0:00:00,104.18982
2014-03-23 10:00:00,130.48203
2014-03-23 11:00:00,120.804726
2014-03-23 12:00:00,104.18933
2014-03-23 13:00:00,96.45543
2014-03-23 14:00:00,93.76483
2014-03-23 15:00:00,91.93477
2014-03-23 16:00:00,91.73381
2014-03-23 17:00:00,93.383316
2014-03-23 18:00:00,114.57167
2014-03-23 19:00:00,117.43204
2014-03-23 1:00:00,90.01604
2014-03-23 20:00:00,126.92259
2014-03-23 21:00:00,124.75196
2014-03-23 22:00:00,118.91068
2014-03-23 23:00:00,113.320724
2014-03-23 2:00:00,96.45334
2014-03-23 3:00:00,97.52366
2014-03-23 4:00:00,109.78941
2014-03-23 5:00:00,122.30536
2014-03-23 6:00:00,113.995575
2014-03-23 7:00:00,119.54103
2014-03-23 8:00:00,143.0952
2014-03-23 9:00:00,130.11255
2014-03-24 0:00:00,155.08264
2014-03-24 10:00:00,163.28255
2014-03-24 11:00:00,166.08305
2014-03-24 12:00:00,166.2144
2014-03-24 13:00:00,166.4908
2014-03-24 14:00:00,165.80127
2014-03-24 15:00:00,169.26224
2014-03-24 16:00:00,182.6263
2014-03-24 17:00:00,177.49985
2014-03-24 18:00:00,167.65005
2014-03-24 19:00:00,162.21729
2014-03-24 1:00:00,161.5443
2014-03-24 20:00:00,151.65498
2014-03-24 21:00:00,140.3487
2014-03-24 22:00:00,109.04407
2014-03-24 23:00:00,135.07784
2014-03-24 2:00:00,163.74007
2014-03-24 3:00:00,160.29625
2014-03-24 4:00:00,147.80219
2014-03-24 5:00:00,155.06212
2014-03-24 6:00:00,143.18126
2014-03-24 7:00:00,157.67134
2014-03-24 8:00:00,158.55688
2014-03-24 9:00:00,155.96657
2014-03-25 0:00:00,145.4084
2014-03-25 10:00:00,108.894
2014-03-25 11:00:00,102.323906
2014-03-25 12:00:00,91.395134
2014-03-25 13:00:00,85.24668
2014-03-25 14:00:00,99.11531
2014-03-25 15:00:00,101.14596
2014-03-25 16:00:00,75.94195
2014-03-25 17:00:00,80.94409
2014-03-25 18:00:00,84.318634
2014-03-25 19:00:00,89.218956
2014-03-25 1:00:00,133.1888
2014-03-25 20:00:00,88.51668
2014-03-25 21:00:00,81.539925
2014-03-25 22:00:00,93.66904
2014-03-25 23:00:00,78.54907
2014-03-25 2:00:00,127.39828
2014-03-25 3:00:00,128.70825
2014-03-25 4:00:00,96.29764
2014-03-25 5:00:00,106.78925
2014-03-25 6:00:00,114.827194
2014-03-25 7:00:00,115.46837
2014-03-25 8:00:00,123.9023
2014-03-25 9:00:00,114.51435
2014-03-26 0:00:00,114.80557
2014-03-26 10:00:00,136.76819
2014-03-26 11:00:00,121.27516
2014-03-26 12:00:00,129.69629
2014-03-26 13:00:00,127.000565
2014-03-26 14:00:00,137.39122
2014-03-26 15:00:00,131.92984
2014-03-26 16:00:00,127.694176
2014-03-26 17:00:00,118.35746
2014-03-26 18:00:00,120.61672
2014-03-26 19:00:00,121.006714
2014-03-26 1:00:00,119.332245
2014-03-26 20:00:00,121.25833
2014-03-26 21:00:00,134.72931
2014-03-26 22:00:00,133.16368
2014-03-26 23:00:00,148.34769
2014-03-26 2:00:00,165.82045
2014-03-26 3:00:00,156.09465
2014-03-26 4:00:00,159.11264
2014-03-26 5:00:00,147.29662
2014-03-26 6:00:00,140.94911
2014-03-26 7:00:00,134.28778
2014-03-26 8:00:00,139.26881
2014-03-26 9:00:00,144.26237
2014-03-27 0:00:00,265.73532
2014-03-27 10:00:00,127.163895
2014-03-27 11:00:00,117.91481
2014-03-27 12:00:00,102.280495
2014-03-27 13:00:00,92.25141
2014-03-27 14:00:00,85.44919
2014-03-27 15:00:00,85.29249
2014-03-27 16:00:00,89.2594
2014-03-27 17:00:00,96.712
2014-03-27 18:00:00,87.85439
2014-03-27 19:00:00,79.96213
2014-03-27 1:00:00,127.30911
2014-03-27 20:00:00,75.44351
2014-03-27 21:00:00,62.160706
2014-03-27 22:00:00,66.869705
2014-03-27 23:00:00,73.35217
2014-03-27 2:00:00,122.46862
2014-03-27 3:00:00,119.7298
2014-03-27 4:00:00,121.13664
2014-03-27 5:00:00,136.53621
2014-03-27 6:00:00,141.61879
2014-03-27 7:00:00,138.55489
2014-03-27 8:00:00,135.37761
2014-03-27 9:00:00,132.29259
2014-03-28 0:00:00,85.31194
2014-03-28 10:00:00,73.82222
2014-03-28 11:00:00,70.17359
2014-03-28 12:00:00,48.490234
2014-03-28 13:00:00,37.881737
2014-03-28 14:00:00,58.206024
2014-03-28 15:00:00,118.50122
2014-03-28 16:00:00,115.40994
2014-03-28 17:00:00,77.00722
2014-03-28 18:00:00,72.66992
2014-03-28 19:00:00,71.36932
2014-03-28 1:00:00,83.69786
2014-03-28 20:00:00,77.83034
2014-03-28 21:00:00,99.92861
2014-03-28 22:00:00,107.169235
2014-03-28 23:00:00,102.62105
2014-03-28 2:00:00,74.55905
2014-03-28 3:00:00,74.086975
2014-03-28 4:00:00,72.79596
2014-03-28 5:00:00,70.61743
2014-03-28 6:00:00,76.32323
2014-03-28 7:00:00,71.30085
2014-03-28 8:00:00,69.855965
2014-03-28 9:00:00,73.54799
2014-03-29 0:00:00,86.67876
2014-03-29 10:00:00,44.87126
2014-03-29 11:00:00,55.48125
2014-03-29 12:00:00,55.967117
2014-03-29 13:00:00,69.83706
2014-03-29 14:00:00,61.019638
2014-03-29 15:00:00,71.96147
2014-03-29 16:00:00,66.72707
2014-03-29 17:00:00,81.18877
2014-03-29 18:00:00,80.39646
2014-03-29 19:00:00,76.24321
2014-03-29 1:00:00,95.21063
2014-03-29 20:00:00,64.12934
2014-03-29 21:00:00,65.97568
2014-03-29 22:00:00,71.42655
2014-03-29 23:00:00,63.698708
2014-03-29 2:00:00,86.529205
2014-03-29 3:00:00,97.97546
2014-03-29 4:00:00,94.28163
2014-03-29 5:00:00,81.68036
2014-03-29 6:00:00,75.21562
2014-03-29 7:00:00,67.39574
2014-03-29 8:00:00,60.857025
2014-03-29 9:00:00,52.603256
2014-03-30 0:00:00,53.201714
2014-03-30 10:00:00,165.10161
2014-03-30 11:00:00,125.33718
2014-03-30 12:00:00,110.117004
2014-03-30 13:00:00,87.42817
2014-03-30 14:00:00,87.37838
2014-03-30 15:00:00,78.28282
2014-03-30 16:00:00,89.01196
2014-03-30 17:00:00,76.624756
2014-03-30 18:00:00,71.50515
2014-03-30 19:00:00,68.36132
2014-03-30 1:00:00,59.49762
2014-03-30 20:00:00,67.24243
2014-03-30 21:00:00,81.718506
2014-03-30 22:00:00,79.612885
2014-03-30 23:00:00,73.04767
2014-03-30 2:00:00,152.34944
2014-03-30 3:00:00,148.84206
2014-03-30 4:00:00,189.87982
2014-03-30 5:00:00,201.86684
2014-03-30 6:00:00,147.26775
2014-03-30 7:00:00,75.400955
2014-03-30 8:00:00,83.23251
2014-03-30 9:00:00,139.00224
2014-03-31 0:00:00,76.89052
2014-03-31 10:00:00,135.476
2014-03-31 11:00:00,160.45619
2014-03-31 12:00:00,158.05441
2014-03-31 13:00:00,152.04872
2014-03-31 14:00:00,135.66338
2014-03-31 15:00:00,137.01463
2014-03-31 16:00:00,123.0394
2014-03-31 17:00:00,119.63684
2014-03-31 18:00:00,113.061005
2014-03-31 19:00:00,144.32396
2014-03-31 1:00:00,85.629684
2014-03-31 20:00:00,152.85931
2014-03-31 21:00:00,157.40227
2014-03-31 22:00:00,147.96947
2014-03-31 23:00:00,141.53474
2014-03-31 2:00:00,85.460754
2014-03-31 3:00:00,86.715836
2014-03-31 4:00:00,85.92053
2014-03-31 5:00:00,88.90006
2014-03-31 6:00:00,93.266655
2014-03-31 7:00:00,97.28978
2014-03-31 8:00:00,116.15455
2014-03-31 9:00:00,127.035934
2014-04-01 0:00:00,135.872
2014-04-01 10:00:00,118.53453
2014-04-01 11:00:00,123.98869
2014-04-01 12:00:00,91.94645
2014-04-01 13:00:00,101.12048
2014-04-01 14:00:00,97.232376
2014-04-01 15:00:00,110.13921
2014-04-01 16:00:00,112.7676
2014-04-01 17:00:00,97.15449
2014-04-01 18:00:00,105.01808
2014-04-01 19:00:00,95.23558
2014-04-01 1:00:00,140.69136
2014-04-01 20:00:00,100.05361
2014-04-01 21:00:00,141.2835
2014-04-01 22:00:00,205.36629
2014-04-01 23:00:00,169.45534
2014-04-01 2:00:00,141.27896
2014-04-01 3:00:00,143.63425
2014-04-01 4:00:00,137.9714
2014-04-01 5:00:00,136.04515
2014-04-01 6:00:00,103.83774
2014-04-01 7:00:00,112.19031
2014-04-01 8:00:00,103.69989
2014-04-01 9:00:00,116.56676
2014-04-02 0:00:00,141.35736
2014-04-02 10:00:00,122.19521
2014-04-02 11:00:00,90.2664
2014-04-02 12:00:00,64.41216
2014-04-02 13:00:00,77.16784
2014-04-02 14:00:00,142.374
2014-04-02 15:00:00,110.72917
2014-04-02 16:00:00,95.21567
2014-04-02 17:00:00,88.698975
2014-04-02 18:00:00,81.04392
2014-04-02 19:00:00,72.22667
2014-04-02 1:00:00,145.8968
2014-04-02 20:00:00,88.035545
2014-04-02 21:00:00,83.91052
2014-04-02 22:00:00,77.67729
2014-04-02 23:00:00,78.19249
2014-04-02 2:00:00,154.66072
2014-04-02 3:00:00,178.13066
2014-04-02 4:00:00,176.94919
2014-04-02 5:00:00,175.51357
2014-04-02 6:00:00,176.05553
2014-04-02 7:00:00,179.80058
2014-04-02 8:00:00,184.73485
2014-04-02 9:00:00,134.92075
2014-04-03 0:00:00,76.33821
2014-04-03 10:00:00,24.059296
2014-04-03 11:00:00,23.796177
2014-04-03 12:00:00,23.314919
2014-04-03 13:00:00,23.475685
2014-04-03 14:00:00,24.903564
2014-04-03 15:00:00,24.612404
2014-04-03 16:00:00,24.486813
2014-04-03 17:00:00,25.915821
2014-04-03 18:00:00,26.194431
2014-04-03 19:00:00,59.346085
2014-04-03 1:00:00,72.31119
2014-04-03 20:00:00,70.10638
2014-04-03 21:00:00,73.40294
2014-04-03 22:00:00,73.79092
2014-04-03 23:00:00,90.11348
2014-04-03 2:00:00,73.88375
2014-04-03 3:00:00,57.19002
2014-04-03 4:00:00,60.894257
2014-04-03 5:00:00,43.390396
2014-04-03 6:00:00,30.701145
2014-04-03 7:00:00,25.445503
2014-04-03 8:00:00,26.206112
2014-04-03 9:00:00,25.889229
2014-04-04 0:00:00,58.55001
2014-04-04 10:00:00,115.30144
2014-04-04 11:00:00,110.77927
2014-04-04 12:00:00,117.71271
2014-04-04 13:00:00,130.99544
2014-04-04 14:00:00,122.384636
2014-04-04 15:00:00,110.85111
2014-04-04 16:00:00,87.34369
2014-04-04 17:00:00,86.60649
2014-04-04 18:00:00,29.044365
2014-04-04 19:00:00,26.47617
2014-04-04 1:00:00,74.009125
2014-04-04 20:00:00,25.276615
2014-04-04 21:00:00,24.746643
2014-04-04 22:00:00,113.70391
2014-04-04 23:00:00,119.20074
2014-04-04 2:00:00,75.43834
2014-04-04 3:00:00,101.44811
2014-04-04 4:00:00,101.92788
2014-04-04 5:00:00,105.158875
2014-04-04 6:00:00,123.88492
2014-04-04 7:00:00,125.03992
2014-04-04 8:00:00,120.649414
2014-04-04 9:00:00,122.78734
2014-04-05 0:00:00,128.1426
2014-04-05 10:00:00,70.74426
2014-04-05 11:00:00,52.745186
2014-04-05 12:00:00,41.52656
2014-04-05 13:00:00,56.57543
2014-04-05 14:00:00,59.23469
2014-04-05 15:00:00,81.77993
2014-04-05 16:00:00,95.572975
2014-04-05 17:00:00,95.61998
2014-04-05 18:00:00,90.80127
2014-04-05 19:00:00,93.63996
2014-04-05 1:00:00,153.54
2014-04-05 20:00:00,103.687836
2014-04-05 21:00:00,150.2403
2014-04-05 22:00:00,148.86855
2014-04-05 23:00:00,220.11736
2014-04-05 2:00:00,132.83655
2014-04-05 3:00:00,136.0705
2014-04-05 4:00:00,80.51596
2014-04-05 5:00:00,126.23818
2014-04-05 6:00:00,131.53214
2014-04-05 7:00:00,146.48778
2014-04-05 8:00:00,127.136635
2014-04-05 9:00:00,81.47529
2014-04-06 0:00:00,302.90536
2014-04-06 10:00:00,126.72244
2014-04-06 11:00:00,112.395996
2014-04-06 12:00:00,97.047
2014-04-06 13:00:00,96.63974
2014-04-06 14:00:00,96.33085
2014-04-06 15:00:00,84.84772
2014-04-06 16:00:00,79.83025
2014-04-06 17:00:00,81.53834
2014-04-06 18:00:00,83.73214
2014-04-06 19:00:00,87.463554
2014-04-06 1:00:00,313.98715
2014-04-06 20:00:00,82.37705
2014-04-06 21:00:00,84.81868
2014-04-06 22:00:00,86.08116
2014-04-06 23:00:00,88.74728
2014-04-06 2:00:00,300.9337
2014-04-06 3:00:00,243.95624
2014-04-06 4:00:00,184.32797
2014-04-06 5:00:00,187.41188
2014-04-06 6:00:00,157.74918
2014-04-06 7:00:00,165.31142
2014-04-06 8:00:00,141.29424
2014-04-06 9:00:00,131.12755
2014-04-07 0:00:00,116.18352
2014-04-07 10:00:00,173.43471
2014-04-07 11:00:00,163.15709
2014-04-07 12:00:00,155.46733
2014-04-07 13:00:00,145.27946
2014-04-07 14:00:00,151.15044
2014-04-07 15:00:00,141.70615
2014-04-07 16:00:00,114.524704
2014-04-07 17:00:00,106.04221
2014-04-07 18:00:00,104.32175
2014-04-07 19:00:00,111.44089
2014-04-07 1:00:00,134.18895
2014-04-07 20:00:00,119.26511
2014-04-07 21:00:00,118.275085
2014-04-07 22:00:00,126.1484
2014-04-07 23:00:00,144.4058
2014-04-07 2:00:00,135.56534
2014-04-07 3:00:00,134.30159
2014-04-07 4:00:00,152.42497
2014-04-07 5:00:00,151.80948
2014-04-07 6:00:00,140.86955
2014-04-07 7:00:00,141.7851
2014-04-07 8:00:00,150.86226
2014-04-07 9:00:00,170.91148
2014-04-08 0:00:00,143.0656
2014-04-08 10:00:00,134.17625
2014-04-08 11:00:00,136.04527
2014-04-08 12:00:00,131.91856
2014-04-08 13:00:00,124.033264
2014-04-08 14:00:00,114.80817
2014-04-08 15:00:00,103.42832
2014-04-08 16:00:00,97.28134
2014-04-08 17:00:00,93.309166
2014-04-08 18:00:00,86.16084
2014-04-08 19:00:00,87.630615
2014-04-08 1:00:00,129.01234
2014-04-08 20:00:00,95.00347
2014-04-08 21:00:00,90.98425
2014-04-08 22:00:00,99.41298
2014-04-08 23:00:00,98.634575
2014-04-08 2:00:00,118.856186
2014-04-08 3:00:00,115.37909
2014-04-08 4:00:00,128.06267
2014-04-08 5:00:00,144.3954
2014-04-08 6:00:00,140.02068
2014-04-08 7:00:00,131.61552
2014-04-08 8:00:00,137.19275
2014-04-08 9:00:00,146.33835
2014-04-09 0:00:00,98.502464
2014-04-09 10:00:00,127.55708
2014-04-09 11:00:00,107.911354
2014-04-09 12:00:00,86.32735
2014-04-09 13:00:00,66.91164
2014-04-09 14:00:00,65.71871
2014-04-09 15:00:00,52.291004
2014-04-09 16:00:00,45.685234
2014-04-09 17:00:00,49.464333
2014-04-09 18:00:00,40.355858
2014-04-09 19:00:00,76.45209
2014-04-09 1:00:00,99.66846
2014-04-09 20:00:00,80.560104
2014-04-09 21:00:00,77.35637
2014-04-09 22:00:00,78.058945
2014-04-09 23:00:00,76.426704
2014-04-09 2:00:00,102.02471
2014-04-09 3:00:00,106.72066
2014-04-09 4:00:00,105.01048
2014-04-09 5:00:00,110.30117
2014-04-09 6:00:00,124.843124
2014-04-09 7:00:00,125.12963
2014-04-09 8:00:00,126.88274
2014-04-09 9:00:00,127.039856
2014-04-10 0:00:00,80.50403
2014-04-10 10:00:00,70.52895
2014-04-10 11:00:00,83.68883
2014-04-10 12:00:00,80.6494
2014-04-10 13:00:00,78.786194
2014-04-10 14:00:00,80.03653
2014-04-10 15:00:00,76.057945
2014-04-10 16:00:00,75.2341
2014-04-10 17:00:00,75.92127
2014-04-10 18:00:00,85.44325
2014-04-10 19:00:00,92.19228
2014-04-10 1:00:00,77.706635
2014-04-10 20:00:00,111.67409
2014-04-10 21:00:00,124.042404
2014-04-10 22:00:00,134.04997
2014-04-10 23:00:00,115.24169
2014-04-10 2:00:00,78.53461
2014-04-10 3:00:00,88.11299
2014-04-10 4:00:00,84.66038
2014-04-10 5:00:00,84.17857
2014-04-10 6:00:00,85.00638
2014-04-10 7:00:00,81.82706
2014-04-10 8:00:00,79.428955
2014-04-10 9:00:00,71.747154
2014-04-11 0:00:00,119.65446
2014-04-11 10:00:00,169.93562
2014-04-11 11:00:00,166.52776
2014-04-11 12:00:00,159.20595
2014-04-11 13:00:00,146.72978
2014-04-11 14:00:00,174.69475
2014-04-11 15:00:00,169.45024
2014-04-11 16:00:00,161.60353
2014-04-11 17:00:00,153.36644
2014-04-11 18:00:00,129.81184
2014-04-11 19:00:00,109.72938
2014-04-11 1:00:00,115.14201
2014-04-11 20:00:00,116.676865
2014-04-11 21:00:00,119.57964
2014-04-11 22:00:00,128.97665
2014-04-11 23:00:00,124.722725
2014-04-11 2:00:00,119.61038
2014-04-11 3:00:00,128.03975
2014-04-11 4:00:00,127.65055
2014-04-11 5:00:00,118.910126
2014-04-11 6:00:00,110.28049
2014-04-11 7:00:00,124.55008
2014-04-11 8:00:00,161.42937
2014-04-11 9:00:00,175.73555
2014-04-12 0:00:00,122.77162
2014-04-12 10:00:00,146.60727
2014-04-12 11:00:00,146.55353
2014-04-12 12:00:00,130.37274
2014-04-12 13:00:00,128.59224
2014-04-12 14:00:00,124.57829
2014-04-12 15:00:00,113.10198
2014-04-12 16:00:00,107.359245
2014-04-12 17:00:00,102.21623
2014-04-12 18:00:00,122.79607
2014-04-12 19:00:00,160.23305
2014-04-12 1:00:00,145.80392
2014-04-12 20:00:00,165.42474
2014-04-12 21:00:00,154.81946
2014-04-12 22:00:00,117.04677
2014-04-12 23:00:00,100.55808
2014-04-12 2:00:00,151.0516
2014-04-12 3:00:00,155.48811
2014-04-12 4:00:00,162.07529
2014-04-12 5:00:00,157.60283
2014-04-12 6:00:00,155.23259
2014-04-12 7:00:00,140.34102
2014-04-12 8:00:00,136.98604
2014-04-12 9:00:00,129.93318
2014-04-13 0:00:00,112.15619
2014-04-13 10:00:00,145.03503
2014-04-13 11:00:00,153.23024
2014-04-13 12:00:00,139.51416
2014-04-13 13:00:00,128.15463
2014-04-13 14:00:00,116.78152
2014-04-13 15:00:00,107.84253
2014-04-13 16:00:00,105.42839
2014-04-13 17:00:00,108.96815
2014-04-13 18:00:00,108.28854
2014-04-13 19:00:00,111.340225
2014-04-13 1:00:00,108.45358
2014-04-13 20:00:00,113.41992
2014-04-13 21:00:00,107.489655
2014-04-13 22:00:00,107.08069
2014-04-13 23:00:00,105.062485
2014-04-13 2:00:00,111.9103
2014-04-13 3:00:00,116.232086
2014-04-13 4:00:00,123.69323
2014-04-13 5:00:00,125.91423
2014-04-13 6:00:00,121.5942
2014-04-13 7:00:00,138.22348
2014-04-13 8:00:00,142.82733
2014-04-13 9:00:00,145.10733
2014-04-14 0:00:00,101.91832
2014-04-14 10:00:00,152.01537
2014-04-14 11:00:00,151.79282
2014-04-14 12:00:00,138.17885
2014-04-14 13:00:00,124.54983
2014-04-14 14:00:00,122.81235
2014-04-14 15:00:00,123.58439
2014-04-14 16:00:00,121.094635
2014-04-14 17:00:00,120.71819
2014-04-14 18:00:00,122.030205
2014-04-14 19:00:00,123.634766
2014-04-14 1:00:00,103.18828
2014-04-14 20:00:00,125.14696
2014-04-14 21:00:00,123.27984
2014-04-14 22:00:00,118.30083
2014-04-14 23:00:00,112.27555
2014-04-14 2:00:00,115.08139
2014-04-14 3:00:00,110.17781
2014-04-14 4:00:00,116.98121
2014-04-14 5:00:00,126.90741
2014-04-14 6:00:00,126.19411
2014-04-14 7:00:00,143.90892
2014-04-14 8:00:00,124.66832
2014-04-14 9:00:00,137.45891
2014-04-15 0:00:00,115.3956
2014-04-15 10:00:00,117.01761
2014-04-15 11:00:00,117.53569
2014-04-15 12:00:00,110.72731
2014-04-15 13:00:00,89.004814
2014-04-15 14:00:00,84.07158
2014-04-15 15:00:00,79.54434
2014-04-15 16:00:00,78.53456
2014-04-15 17:00:00,78.14197
2014-04-15 18:00:00,76.98427
2014-04-15 19:00:00,76.295334
2014-04-15 1:00:00,124.59275
2014-04-15 20:00:00,74.867226
2014-04-15 21:00:00,76.64298
2014-04-15 22:00:00,76.336975
2014-04-15 23:00:00,83.46046
2014-04-15 2:00:00,119.8138
2014-04-15 3:00:00,118.6895
2014-04-15 4:00:00,125.60201
2014-04-15 5:00:00,131.47656
2014-04-15 6:00:00,123.08977
2014-04-15 7:00:00,126.75905
2014-04-15 8:00:00,122.76535
2014-04-15 9:00:00,120.973755
2014-04-16 0:00:00,93.80989
2014-04-16 10:00:00,114.85912
2014-04-16 11:00:00,92.48454
2014-04-16 12:00:00,147.14954
2014-04-16 13:00:00,153.23286
2014-04-16 14:00:00,156.68062
2014-04-16 15:00:00,150.2213
2014-04-16 16:00:00,151.84583
2014-04-16 17:00:00,163.73528
2014-04-16 18:00:00,150.63712
2014-04-16 19:00:00,155.29501
2014-04-16 1:00:00,98.284904
2014-04-16 20:00:00,146.94295
2014-04-16 21:00:00,128.56412
2014-04-16 22:00:00,151.10432
2014-04-16 23:00:00,156.07796
2014-04-16 2:00:00,104.60416
2014-04-16 3:00:00,98.56152
2014-04-16 4:00:00,103.5543
2014-04-16 5:00:00,106.442474
2014-04-16 6:00:00,105.84013
2014-04-16 7:00:00,135.33081
2014-04-16 8:00:00,137.37282
2014-04-16 9:00:00,126.14368
2014-04-17 0:00:00,144.35887
2014-04-17 10:00:00,189.80226
2014-04-17 11:00:00,179.88808
2014-04-17 12:00:00,178.85765
2014-04-17 13:00:00,190.56645
2014-04-17 14:00:00,160.09605
2014-04-17 15:00:00,180.27573
2014-04-17 16:00:00,163.22466
2014-04-17 17:00:00,176.17926
2014-04-17 18:00:00,191.33888
2014-04-17 19:00:00,201.58846
2014-04-17 1:00:00,145.07411
2014-04-17 20:00:00,162.57149
2014-04-17 21:00:00,155.03096
2014-04-17 22:00:00,147.03261
2014-04-17 23:00:00,133.8203
2014-04-17 2:00:00,140.07573
2014-04-17 3:00:00,131.26746
2014-04-17 4:00:00,126.85678
2014-04-17 5:00:00,131.63513
2014-04-17 6:00:00,146.63313
2014-04-17 7:00:00,171.22389
2014-04-17 8:00:00,170.34373
2014-04-17 9:00:00,208.90231
2014-04-18 0:00:00,123.69858
2014-04-18 10:00:00,115.19382
2014-04-18 11:00:00,110.43508
2014-04-18 12:00:00,123.195206
2014-04-18 13:00:00,114.88432
2014-04-18 14:00:00,108.39247
2014-04-18 15:00:00,113.56314
2014-04-18 16:00:00,111.45723
2014-04-18 17:00:00,110.37102
2014-04-18 18:00:00,108.20521
2014-04-18 19:00:00,92.12591
2014-04-18 1:00:00,126.671616
2014-04-18 20:00:00,87.09401
2014-04-18 21:00:00,83.09021
2014-04-18 22:00:00,80.50572
2014-04-18 23:00:00,78.71286
2014-04-18 2:00:00,117.651054
2014-04-18 3:00:00,105.33156
2014-04-18 4:00:00,117.85889
2014-04-18 5:00:00,115.69638
2014-04-18 6:00:00,102.25203
2014-04-18 7:00:00,123.56961
2014-04-18 8:00:00,121.52095
2014-04-18 9:00:00,118.08072
2014-04-19 0:00:00,79.17313
2014-04-19 10:00:00,104.445015
2014-04-19 11:00:00,94.10698
2014-04-19 12:00:00,87.995056
2014-04-19 13:00:00,90.391426
2014-04-19 14:00:00,91.18367
2014-04-19 15:00:00,91.45213
2014-04-19 16:00:00,89.956635
2014-04-19 17:00:00,87.94427
2014-04-19 18:00:00,90.909256
2014-04-19 19:00:00,98.37288
2014-04-19 1:00:00,91.45384
2014-04-19 20:00:00,100.12726
2014-04-19 21:00:00,102.0615
2014-04-19 22:00:00,124.27193
2014-04-19 23:00:00,127.9258
2014-04-19 2:00:00,89.0739
2014-04-19 3:00:00,91.05269
2014-04-19 4:00:00,98.81235
2014-04-19 5:00:00,114.76513
2014-04-19 6:00:00,109.93536
2014-04-19 7:00:00,107.37871
2014-04-19 8:00:00,105.64443
2014-04-19 9:00:00,102.92055
2014-04-20 0:00:00,128.13014
2014-04-20 10:00:00,100.24903
2014-04-20 11:00:00,87.34063
2014-04-20 12:00:00,75.79635
2014-04-20 13:00:00,107.87287
2014-04-20 14:00:00,94.323715
2014-04-20 15:00:00,127.542175
2014-04-20 16:00:00,181.16379
2014-04-20 17:00:00,162.3991
2014-04-20 18:00:00,123.062386
2014-04-20 19:00:00,120.24571
2014-04-20 1:00:00,132.96497
2014-04-20 20:00:00,80.9009
2014-04-20 21:00:00,86.64259
2014-04-20 22:00:00,86.574684
2014-04-20 23:00:00,82.879974
2014-04-20 2:00:00,128.38734
2014-04-20 3:00:00,141.5082
2014-04-20 4:00:00,151.33525
2014-04-20 5:00:00,141.28526
2014-04-20 6:00:00,131.10304
2014-04-20 7:00:00,124.36588
2014-04-20 8:00:00,111.72061
2014-04-20 9:00:00,103.5448
2014-04-21 0:00:00,35.7368
2014-04-21 10:00:00,57.05772
2014-04-21 11:00:00,49.23963
2014-04-21 12:00:00,99.20814
2014-04-21 13:00:00,81.275345
2014-04-21 14:00:00,72.37602
2014-04-21 15:00:00,79.663734
2014-04-21 16:00:00,78.40861
2014-04-21 17:00:00,75.59801
2014-04-21 18:00:00,75.74807
2014-04-21 19:00:00,76.232666
2014-04-21 1:00:00,49.866447
2014-04-21 20:00:00,73.2359
2014-04-21 21:00:00,66.78063
2014-04-21 22:00:00,56.368294
2014-04-21 23:00:00,98.09621
2014-04-21 2:00:00,69.35283
2014-04-21 3:00:00,37.018013
2014-04-21 4:00:00,45.409843
2014-04-21 5:00:00,41.729633
2014-04-21 6:00:00,37.826828
2014-04-21 7:00:00,41.034584
2014-04-21 8:00:00,47.213585
2014-04-21 9:00:00,51.318863
2014-04-22 0:00:00,139.42546
2014-04-22 10:00:00,108.96881
2014-04-22 11:00:00,134.14343
2014-04-22 12:00:00,91.604996
2014-04-22 13:00:00,76.03078
2014-04-22 14:00:00,81.4241
2014-04-22 15:00:00,90.40777
2014-04-22 16:00:00,101.29994
2014-04-22 17:00:00,102.78569
2014-04-22 18:00:00,89.13602
2014-04-22 19:00:00,78.683044
2014-04-22 1:00:00,145.66988
2014-04-22 20:00:00,92.244415
2014-04-22 21:00:00,82.85231
2014-04-22 22:00:00,86.47325
2014-04-22 23:00:00,89.51071
2014-04-22 2:00:00,138.85127
2014-04-22 3:00:00,103.12706
2014-04-22 4:00:00,87.35071
2014-04-22 5:00:00,76.34897
2014-04-22 6:00:00,72.739456
2014-04-22 7:00:00,77.501816
2014-04-22 8:00:00,80.74061
2014-04-22 9:00:00,110.95722
2014-04-23 0:00:00,84.58973
2014-04-23 10:00:00,105.979294
2014-04-23 11:00:00,103.88234
2014-04-23 12:00:00,103.64981
2014-04-23 13:00:00,101.510284
2014-04-23 14:00:00,106.54541
2014-04-23 15:00:00,107.83618
2014-04-23 16:00:00,106.823166
2014-04-23 17:00:00,111.06529
2014-04-23 18:00:00,114.06053
2014-04-23 19:00:00,115.05555
2014-04-23 1:00:00,96.17517
2014-04-23 20:00:00,115.980865
2014-04-23 21:00:00,122.453606
2014-04-23 22:00:00,122.82048
2014-04-23 23:00:00,118.20247
2014-04-23 2:00:00,96.04837
2014-04-23 3:00:00,101.07239
2014-04-23 4:00:00,99.54902
2014-04-23 5:00:00,101.42461
2014-04-23 6:00:00,98.26338
2014-04-23 7:00:00,104.88966
2014-04-23 8:00:00,103.814384
2014-04-23 9:00:00,105.96489
2014-04-24 0:00:00,119.39091
2014-04-24 10:00:00,103.52491
2014-04-24 11:00:00,103.903824
2014-04-24 12:00:00,102.16565
2014-04-24 13:00:00,107.18234
2014-04-24 14:00:00,111.20613
2014-04-24 15:00:00,114.54392
2014-04-24 16:00:00,113.445984
2014-04-24 17:00:00,110.272354
2014-04-24 18:00:00,107.26427
2014-04-24 19:00:00,119.23635
2014-04-24 1:00:00,117.28855
2014-04-24 20:00:00,111.92061
2014-04-24 21:00:00,121.26371
2014-04-24 22:00:00,120.47563
2014-04-24 23:00:00,114.984436
2014-04-24 2:00:00,113.22939
2014-04-24 3:00:00,114.29472
2014-04-24 4:00:00,113.85542
2014-04-24 5:00:00,112.27265
2014-04-24 6:00:00,111.238754
2014-04-24 7:00:00,109.40761
2014-04-24 8:00:00,107.16411
2014-04-24 9:00:00,105.190506
2014-04-25 0:00:00,111.618706
2014-04-25 10:00:00,118.7752
2014-04-25 11:00:00,119.4882
2014-04-25 12:00:00,118.203384
2014-04-25 13:00:00,114.35978
2014-04-25 14:00:00,114.68773
2014-04-25 15:00:00,105.723694
2014-04-25 16:00:00,101.72247
2014-04-25 17:00:00,96.66231
2014-04-25 18:00:00,86.27166
2014-04-25 19:00:00,79.27139
2014-04-25 1:00:00,116.088
2014-04-25 20:00:00,71.76643
2014-04-25 21:00:00,69.297554
2014-04-25 22:00:00,62.801125
2014-04-25 23:00:00,47.144535
2014-04-25 2:00:00,113.39369
2014-04-25 3:00:00,113.87265
2014-04-25 4:00:00,113.82594
2014-04-25 5:00:00,112.47232
2014-04-25 6:00:00,112.50551
2014-04-25 7:00:00,116.52303
2014-04-25 8:00:00,117.18464
2014-04-25 9:00:00,114.47716
2014-04-26 0:00:00,48.663383
2014-04-26 10:00:00,26.793053
2014-04-26 11:00:00,25.280945
2014-04-26 12:00:00,24.759407
2014-04-26 13:00:00,30.307518
2014-04-26 14:00:00,30.649948
2014-04-26 15:00:00,34.31537
2014-04-26 16:00:00,37.665215
2014-04-26 17:00:00,48.107048
2014-04-26 18:00:00,53.219124
2014-04-26 19:00:00,55.468536
2014-04-26 1:00:00,38.60263
2014-04-26 20:00:00,57.990166
2014-04-26 21:00:00,56.515602
2014-04-26 22:00:00,56.37065
2014-04-26 23:00:00,69.408455
2014-04-26 2:00:00,57.329006
2014-04-26 3:00:00,47.562637
2014-04-26 4:00:00,34.86202
2014-04-26 5:00:00,28.215958
2014-04-26 6:00:00,27.00576
2014-04-26 7:00:00,27.489483
2014-04-26 8:00:00,27.078392
2014-04-26 9:00:00,26.569847
2014-04-27 0:00:00,73.20882
2014-04-27 10:00:00,56.86664
2014-04-27 11:00:00,51.635395
2014-04-27 12:00:00,37.947853
2014-04-27 13:00:00,33.97047
2014-04-27 14:00:00,71.97748
2014-04-27 15:00:00,77.45003
2014-04-27 16:00:00,67.64631
2014-04-27 17:00:00,82.68129
2014-04-27 18:00:00,85.509
2014-04-27 19:00:00,76.54365
2014-04-27 1:00:00,73.496796
2014-04-27 20:00:00,81.72513
2014-04-27 21:00:00,78.158554
2014-04-27 22:00:00,77.43885
2014-04-27 23:00:00,80.79138
2014-04-27 2:00:00,79.87639
2014-04-27 3:00:00,80.556244
2014-04-27 4:00:00,82.88011
2014-04-27 5:00:00,71.4967
2014-04-27 6:00:00,75.4943
2014-04-27 7:00:00,65.15539
2014-04-27 8:00:00,54.05787
2014-04-27 9:00:00,46.95868
2014-04-28 0:00:00,78.147934
2014-04-28 10:00:00,59.60905
2014-04-28 11:00:00,61.5531
2014-04-28 12:00:00,63.46167
2014-04-28 13:00:00,128.58455
2014-04-28 14:00:00,139.7111
2014-04-28 15:00:00,155.56355
2014-04-28 16:00:00,111.7923
2014-04-28 17:00:00,134.19434
2014-04-28 18:00:00,152.87401
2014-04-28 19:00:00,157.68059
2014-04-28 1:00:00,90.723404
2014-04-28 20:00:00,151.0069
2014-04-28 21:00:00,175.34889
2014-04-28 22:00:00,197.874
2014-04-28 23:00:00,183.0699
2014-04-28 2:00:00,64.32128
2014-04-28 3:00:00,66.58402
2014-04-28 4:00:00,86.76797
2014-04-28 5:00:00,80.731384
2014-04-28 6:00:00,84.381165
2014-04-28 7:00:00,79.66364
2014-04-28 8:00:00,68.39401
2014-04-28 9:00:00,65.082405
2014-04-29 0:00:00,174.22618
2014-04-29 10:00:00,154.15584
2014-04-29 11:00:00,169.11635
2014-04-29 12:00:00,148.68938
2014-04-29 13:00:00,145.37288
2014-04-29 14:00:00,136.38474
2014-04-29 15:00:00,129.39531
2014-04-29 16:00:00,128.67291
2014-04-29 17:00:00,117.284874
2014-04-29 18:00:00,118.1073
2014-04-29 19:00:00,114.10683
2014-04-29 1:00:00,160.43361
2014-04-29 20:00:00,112.8546
2014-04-29 21:00:00,114.05406
2014-04-29 22:00:00,114.10596
2014-04-29 23:00:00,112.912994
2014-04-29 2:00:00,145.15099
2014-04-29 3:00:00,132.9284
2014-04-29 4:00:00,138.53151
2014-04-29 5:00:00,129.40398
2014-04-29 6:00:00,147.70793
2014-04-29 7:00:00,116.19438
2014-04-29 8:00:00,148.64314
2014-04-29 9:00:00,144.15071
2014-04-30 0:00:00,115.38039
2014-04-30 10:00:00,141.80238
2014-04-30 11:00:00,132.46042
2014-04-30 12:00:00,132.56871
2014-04-30 13:00:00,126.228676
2014-04-30 14:00:00,115.499664
2014-04-30 15:00:00,109.16347
2014-04-30 16:00:00,108.19685
2014-04-30 17:00:00,110.46209
2014-04-30 18:00:00,110.83194
2014-04-30 19:00:00,112.03189
2014-04-30 1:00:00,115.1745
2014-04-30 20:00:00,111.78734
2014-04-30 21:00:00,110.698166
2014-04-30 22:00:00,109.76699
2014-04-30 23:00:00,112.61986
2014-04-30 2:00:00,120.415115
2014-04-30 3:00:00,132.17883
2014-04-30 4:00:00,137.06172
2014-04-30 5:00:00,138.22575
2014-04-30 6:00:00,126.4909
2014-04-30 7:00:00,124.17938
2014-04-30 8:00:00,135.3548
2014-04-30 9:00:00,137.11494
2014-05-01 0:00:00,112.907074
2014-05-01 10:00:00,133.46056
2014-05-01 11:00:00,142.43623
2014-05-01 12:00:00,138.36667
2014-05-01 13:00:00,137.72157
2014-05-01 14:00:00,133.70135
2014-05-01 15:00:00,129.81818
2014-05-01 16:00:00,127.11484
2014-05-01 17:00:00,90.50444
2014-05-01 18:00:00,72.72244
2014-05-01 19:00:00,70.9258
2014-05-01 1:00:00,118.65698
2014-05-01 20:00:00,61.4994
2014-05-01 21:00:00,53.27424
2014-05-01 22:00:00,56.89294
2014-05-01 23:00:00,55.195538
2014-05-01 2:00:00,118.51625
2014-05-01 3:00:00,128.30017
2014-05-01 4:00:00,130.44955
2014-05-01 5:00:00,128.63863
2014-05-01 6:00:00,133.34807
2014-05-01 7:00:00,132.72768
2014-05-01 8:00:00,132.61131
2014-05-01 9:00:00,135.657
2014-05-02 0:00:00,53.968426
2014-05-02 10:00:00,36.49304
2014-05-02 11:00:00,38.087547
2014-05-02 12:00:00,40.593796
2014-05-02 13:00:00,44.696907
2014-05-02 14:00:00,42.64023
2014-05-02 15:00:00,37.154045
2014-05-02 16:00:00,24.39598
2014-05-02 17:00:00,25.153915
2014-05-02 18:00:00,28.271511
2014-05-02 19:00:00,27.579643
2014-05-02 1:00:00,51.265022
2014-05-02 20:00:00,37.997856
2014-05-02 21:00:00,34.11983
2014-05-02 22:00:00,40.77236
2014-05-02 23:00:00,41.872314
2014-05-02 2:00:00,51.500515
2014-05-02 3:00:00,49.655476
2014-05-02 4:00:00,51.431595
2014-05-02 5:00:00,49.05197
2014-05-02 6:00:00,50.73867
2014-05-02 7:00:00,50.825592
2014-05-02 8:00:00,46.57531
2014-05-02 9:00:00,37.6738
2014-05-03 0:00:00,46.984108
2014-05-03 10:00:00,85.063614
2014-05-03 11:00:00,88.53228
2014-05-03 12:00:00,88.357834
2014-05-03 13:00:00,88.26523
2014-05-03 14:00:00,77.58061
2014-05-03 15:00:00,66.96664
2014-05-03 16:00:00,59.587044
2014-05-03 17:00:00,56.311485
2014-05-03 18:00:00,53.315582
2014-05-03 19:00:00,29.400936
2014-05-03 1:00:00,45.562607
2014-05-03 20:00:00,26.589413
2014-05-03 21:00:00,23.359035
2014-05-03 22:00:00,23.289711
2014-05-03 23:00:00,22.544239
2014-05-03 2:00:00,37.902897
2014-05-03 3:00:00,35.75437
2014-05-03 4:00:00,45.73413
2014-05-03 5:00:00,41.017963
2014-05-03 6:00:00,60.199635
2014-05-03 7:00:00,73.24553
2014-05-03 8:00:00,75.11902
2014-05-03 9:00:00,82.204865
2014-05-04 0:00:00,22.59446
2014-05-04 10:00:00,23.005863
2014-05-04 11:00:00,24.627785
2014-05-04 12:00:00,23.983028
2014-05-04 13:00:00,22.654465
2014-05-04 14:00:00,22.741695
2014-05-04 15:00:00,22.801369
2014-05-04 16:00:00,22.975796
2014-05-04 17:00:00,23.205177
2014-05-04 18:00:00,24.741158
2014-05-04 19:00:00,26.525806
2014-05-04 1:00:00,21.877594
2014-05-04 20:00:00,27.321877
2014-05-04 21:00:00,30.285301
2014-05-04 22:00:00,37.143524
2014-05-04 23:00:00,38.10627
2014-05-04 2:00:00,22.058838
2014-05-04 3:00:00,22.452263
2014-05-04 4:00:00,22.07671
2014-05-04 5:00:00,23.109165
2014-05-04 6:00:00,22.88192
2014-05-04 7:00:00,22.529716
2014-05-04 8:00:00,22.57056
2014-05-04 9:00:00,22.671104
2014-05-05 0:00:00,44.341976
2014-05-05 10:00:00,36.08631
2014-05-05 11:00:00,46.516914
2014-05-05 12:00:00,50.95764
2014-05-05 13:00:00,55.25781
2014-05-05 14:00:00,46.932175
2014-05-05 15:00:00,41.05443
2014-05-05 16:00:00,49.317734
2014-05-05 17:00:00,55.83777
2014-05-05 18:00:00,60.079628
2014-05-05 19:00:00,66.47956
2014-05-05 1:00:00,43.074867
2014-05-05 20:00:00,166.21977
2014-05-05 21:00:00,159.06618
2014-05-05 22:00:00,150.70898
2014-05-05 23:00:00,141.63943
2014-05-05 2:00:00,45.01174
2014-05-05 3:00:00,35.598732
2014-05-05 4:00:00,42.67012
2014-05-05 5:00:00,38.315735
2014-05-05 6:00:00,36.2359
2014-05-05 7:00:00,42.993332
2014-05-05 8:00:00,40.677765
2014-05-05 9:00:00,39.408844
2014-05-06 0:00:00,182.037
2014-05-06 10:00:00,171.03622
2014-05-06 11:00:00,161.17055
2014-05-06 12:00:00,160.91225
2014-05-06 13:00:00,140.4336
2014-05-06 14:00:00,146.89192
2014-05-06 15:00:00,153.88658
2014-05-06 16:00:00,148.82277
2014-05-06 17:00:00,143.04301
2014-05-06 18:00:00,151.8725
2014-05-06 19:00:00,168.68462
2014-05-06 1:00:00,149.24754
2014-05-06 20:00:00,191.77803
2014-05-06 21:00:00,165.27208
2014-05-06 22:00:00,166.74971
2014-05-06 23:00:00,174.7053
2014-05-06 2:00:00,147.80669
2014-05-06 3:00:00,151.71909
2014-05-06 4:00:00,133.85722
2014-05-06 5:00:00,135.97025
2014-05-06 6:00:00,138.31541
2014-05-06 7:00:00,151.50641
2014-05-06 8:00:00,164.46635
2014-05-06 9:00:00,168.00667
2014-05-07 0:00:00,166.8383
2014-05-07 10:00:00,100.80052
2014-05-07 11:00:00,65.891716
2014-05-07 12:00:00,71.587524
2014-05-07 13:00:00,51.141376
2014-05-07 14:00:00,47.454872
2014-05-07 15:00:00,48.8331
2014-05-07 16:00:00,48.126457
2014-05-07 17:00:00,44.399136
2014-05-07 18:00:00,40.58036
2014-05-07 19:00:00,31.892616
2014-05-07 1:00:00,165.4211
2014-05-07 20:00:00,28.143745
2014-05-07 21:00:00,35.559517
2014-05-07 22:00:00,41.68647
2014-05-07 23:00:00,42.861023
2014-05-07 2:00:00,160.67766
2014-05-07 3:00:00,172.40501
2014-05-07 4:00:00,175.5861
2014-05-07 5:00:00,159.76607
2014-05-07 6:00:00,171.67223
2014-05-07 7:00:00,175.2535
2014-05-07 8:00:00,133.59413
2014-05-07 9:00:00,112.28314
2014-05-08 0:00:00,52.44171
2014-05-08 10:00:00,103.95015
2014-05-08 11:00:00,118.20185
2014-05-08 12:00:00,106.30496
2014-05-08 13:00:00,97.75105
2014-05-08 14:00:00,101.99954
2014-05-08 15:00:00,105.38557
2014-05-08 16:00:00,107.0158
2014-05-08 17:00:00,101.910904
2014-05-08 18:00:00,91.621635
2014-05-08 19:00:00,88.87504
2014-05-08 1:00:00,50.780098
2014-05-08 20:00:00,100.81331
2014-05-08 21:00:00,96.17045
2014-05-08 22:00:00,90.55299
2014-05-08 23:00:00,87.7065
2014-05-08 2:00:00,51.702606
2014-05-08 3:00:00,55.556335
2014-05-08 4:00:00,63.131897
2014-05-08 5:00:00,66.378174
2014-05-08 6:00:00,65.64323
2014-05-08 7:00:00,77.603455
2014-05-08 8:00:00,87.00553
2014-05-08 9:00:00,99.40347
2014-05-09 0:00:00,89.90465
2014-05-09 10:00:00,108.20673
2014-05-09 11:00:00,106.989075
2014-05-09 12:00:00,101.575676
2014-05-09 13:00:00,98.706894
2014-05-09 14:00:00,95.47396
2014-05-09 15:00:00,95.89087
2014-05-09 16:00:00,90.98867
2014-05-09 17:00:00,87.54915
2014-05-09 18:00:00,88.486664
2014-05-09 19:00:00,89.07249
2014-05-09 1:00:00,89.19957
2014-05-09 20:00:00,86.9319
2014-05-09 21:00:00,87.398346
2014-05-09 22:00:00,83.68671
2014-05-09 23:00:00,85.053246
2014-05-09 2:00:00,101.708755
2014-05-09 3:00:00,107.36911
2014-05-09 4:00:00,105.14117
2014-05-09 5:00:00,117.860985
2014-05-09 6:00:00,104.45189
2014-05-09 7:00:00,111.12071
2014-05-09 8:00:00,110.09127
2014-05-09 9:00:00,108.72096
2014-05-10 0:00:00,82.46328
2014-05-10 10:00:00,112.09842
2014-05-10 11:00:00,109.45863
2014-05-10 12:00:00,106.28337
2014-05-10 13:00:00,113.86943
2014-05-10 14:00:00,109.54727
2014-05-10 15:00:00,110.99486
2014-05-10 16:00:00,112.100494
2014-05-10 17:00:00,109.389984
2014-05-10 18:00:00,130.66985
2014-05-10 19:00:00,125.66994
2014-05-10 1:00:00,101.828064
2014-05-10 20:00:00,118.056244
2014-05-10 21:00:00,111.16848
2014-05-10 22:00:00,118.897514
2014-05-10 23:00:00,108.168594
2014-05-10 2:00:00,109.94703
2014-05-10 3:00:00,113.46337
2014-05-10 4:00:00,105.697586
2014-05-10 5:00:00,110.10812
2014-05-10 6:00:00,114.59779
2014-05-10 7:00:00,115.63416
2014-05-10 8:00:00,114.060394
2014-05-10 9:00:00,114.50656
2014-05-11 0:00:00,118.4716
2014-05-11 10:00:00,30.97462
2014-05-11 11:00:00,29.051304
2014-05-11 12:00:00,31.149673
2014-05-11 13:00:00,28.507515
2014-05-11 14:00:00,26.008762
2014-05-11 15:00:00,26.006393
2014-05-11 16:00:00,26.655697
2014-05-11 17:00:00,28.444221
2014-05-11 18:00:00,27.660725
2014-05-11 19:00:00,40.401886
2014-05-11 1:00:00,121.55712
2014-05-11 20:00:00,55.32124
2014-05-11 21:00:00,68.632126
2014-05-11 22:00:00,76.42345
2014-05-11 23:00:00,72.80593
2014-05-11 2:00:00,86.26891
2014-05-11 3:00:00,71.872314
2014-05-11 4:00:00,64.40561
2014-05-11 5:00:00,76.7179
2014-05-11 6:00:00,104.35216
2014-05-11 7:00:00,129.36641
2014-05-11 8:00:00,35.013252
2014-05-11 9:00:00,31.92043
2014-05-12 0:00:00,74.82164
2014-05-12 10:00:00,89.42453
2014-05-12 11:00:00,78.41132
2014-05-12 12:00:00,68.03178
2014-05-12 13:00:00,68.81701
2014-05-12 14:00:00,65.93052
2014-05-12 15:00:00,66.40469
2014-05-12 16:00:00,69.39862
2014-05-12 17:00:00,76.81312
2014-05-12 18:00:00,100.39584
2014-05-12 19:00:00,103.538216
2014-05-12 1:00:00,89.06537
2014-05-12 20:00:00,110.39034
2014-05-12 21:00:00,116.64856
2014-05-12 22:00:00,118.632416
2014-05-12 23:00:00,114.97641
2014-05-12 2:00:00,89.70092
2014-05-12 3:00:00,117.37824
2014-05-12 4:00:00,117.777084
2014-05-12 5:00:00,91.50476
2014-05-12 6:00:00,85.46488
2014-05-12 7:00:00,83.18077
2014-05-12 8:00:00,84.52197
2014-05-12 9:00:00,87.09802
2014-05-13 0:00:00,104.62036
2014-05-13 10:00:00,102.38707
2014-05-13 11:00:00,106.40793
2014-05-13 12:00:00,116.04171
2014-05-13 13:00:00,93.00347
2014-05-13 14:00:00,83.52812
2014-05-13 15:00:00,64.09867
2014-05-13 16:00:00,45.39206
2014-05-13 17:00:00,31.852802
2014-05-13 18:00:00,30.923782
2014-05-13 19:00:00,32.817886
2014-05-13 1:00:00,108.51819
2014-05-13 20:00:00,39.289177
2014-05-13 21:00:00,44.228104
2014-05-13 22:00:00,46.216938
2014-05-13 23:00:00,44.356567
2014-05-13 2:00:00,114.72435
2014-05-13 3:00:00,98.293015
2014-05-13 4:00:00,95.7426
2014-05-13 5:00:00,94.08963
2014-05-13 6:00:00,93.35823
2014-05-13 7:00:00,97.36042
2014-05-13 8:00:00,90.674484
2014-05-13 9:00:00,96.97963
2014-05-14 0:00:00,42.313595
2014-05-14 10:00:00,34.528805
2014-05-14 11:00:00,33.121994
2014-05-14 12:00:00,29.972572
2014-05-14 13:00:00,30.029427
2014-05-14 14:00:00,31.27253
2014-05-14 15:00:00,37.530136
2014-05-14 16:00:00,41.661102
2014-05-14 17:00:00,41.64952
2014-05-14 18:00:00,42.91149
2014-05-14 19:00:00,50.044567
2014-05-14 1:00:00,32.83159
2014-05-14 20:00:00,56.42841
2014-05-14 21:00:00,51.94049
2014-05-14 22:00:00,51.51652
2014-05-14 23:00:00,68.44699
2014-05-14 2:00:00,31.54982
2014-05-14 3:00:00,36.652843
2014-05-14 4:00:00,32.85493
2014-05-14 5:00:00,30.78791
2014-05-14 6:00:00,33.392612
2014-05-14 7:00:00,41.846756
2014-05-14 8:00:00,46.419777
2014-05-14 9:00:00,46.080933
2014-05-15 0:00:00,70.20676
2014-05-15 10:00:00,47.209892
2014-05-15 11:00:00,44.429996
2014-05-15 12:00:00,47.647774
2014-05-15 13:00:00,49.820774
2014-05-15 14:00:00,52.13054
2014-05-15 15:00:00,139.10388
2014-05-15 16:00:00,129.59648
2014-05-15 17:00:00,109.81197
2014-05-15 18:00:00,108.621994
2014-05-15 19:00:00,111.13025
2014-05-15 1:00:00,68.56337
2014-05-15 20:00:00,104.44125
2014-05-15 21:00:00,100.33545
2014-05-15 22:00:00,89.36595
2014-05-15 23:00:00,96.74312
2014-05-15 2:00:00,48.491104
2014-05-15 3:00:00,45.26254
2014-05-15 4:00:00,46.405518
2014-05-15 5:00:00,48.7135
2014-05-15 6:00:00,59.051292
2014-05-15 7:00:00,55.055588
2014-05-15 8:00:00,48.81446
2014-05-15 9:00:00,45.155144
2014-05-16 0:00:00,102.79085
2014-05-16 10:00:00,62.9778
2014-05-16 11:00:00,48.38321
2014-05-16 12:00:00,76.02482
2014-05-16 13:00:00,77.06354
2014-05-16 14:00:00,50.09842
2014-05-16 15:00:00,39.28185
2014-05-16 16:00:00,62.861435
2014-05-16 17:00:00,40.19912
2014-05-16 18:00:00,64.69465
2014-05-16 19:00:00,79.187416
2014-05-16 1:00:00,101.040405
2014-05-16 20:00:00,76.75078
2014-05-16 21:00:00,78.86945
2014-05-16 22:00:00,76.11834
2014-05-16 23:00:00,69.25
2014-05-16 2:00:00,98.753914
2014-05-16 3:00:00,102.29086
2014-05-16 4:00:00,104.67906
2014-05-16 5:00:00,105.15657
2014-05-16 6:00:00,97.043976
2014-05-16 7:00:00,86.64648
2014-05-16 8:00:00,71.900276
2014-05-16 9:00:00,65.113754
2014-05-17 0:00:00,82.2407
2014-05-17 10:00:00,89.2953
2014-05-17 11:00:00,81.90535
2014-05-17 12:00:00,86.98682
2014-05-17 13:00:00,86.99208
2014-05-17 14:00:00,86.810616
2014-05-17 15:00:00,90.46156
2014-05-17 16:00:00,93.86182
2014-05-17 17:00:00,89.3607
2014-05-17 18:00:00,92.034935
2014-05-17 19:00:00,89.81473
2014-05-17 1:00:00,90.51846
2014-05-17 20:00:00,88.90445
2014-05-17 21:00:00,93.81048
2014-05-17 22:00:00,93.61136
2014-05-17 23:00:00,96.72759
2014-05-17 2:00:00,91.76383
2014-05-17 3:00:00,85.06593
2014-05-17 4:00:00,86.844406
2014-05-17 5:00:00,106.417496
2014-05-17 6:00:00,107.04338
2014-05-17 7:00:00,80.49303
2014-05-17 8:00:00,69.6205
2014-05-17 9:00:00,85.11949
2014-05-18 0:00:00,94.46775
2014-05-18 10:00:00,123.475876
2014-05-18 11:00:00,133.95515
2014-05-18 12:00:00,120.76647
2014-05-18 13:00:00,123.713066
2014-05-18 14:00:00,119.50064
2014-05-18 15:00:00,118.71689
2014-05-18 16:00:00,120.65361
2014-05-18 17:00:00,122.19273
2014-05-18 18:00:00,124.707275
2014-05-18 19:00:00,129.61725
2014-05-18 1:00:00,93.78084
2014-05-18 20:00:00,125.355606
2014-05-18 21:00:00,125.46977
2014-05-18 22:00:00,124.98163
2014-05-18 23:00:00,127.18107
2014-05-18 2:00:00,88.90673
2014-05-18 3:00:00,90.01835
2014-05-18 4:00:00,112.40851
2014-05-18 5:00:00,121.26671
2014-05-18 6:00:00,121.5777
2014-05-18 7:00:00,125.37574
2014-05-18 8:00:00,131.29253
2014-05-18 9:00:00,133.49948
2014-05-19 0:00:00,126.802765
2014-05-19 10:00:00,124.03752
2014-05-19 11:00:00,126.80298
2014-05-19 12:00:00,122.55844
2014-05-19 13:00:00,122.470566
2014-05-19 14:00:00,119.91112
2014-05-19 15:00:00,116.6172
2014-05-19 16:00:00,114.7675
2014-05-19 17:00:00,109.763275
2014-05-19 18:00:00,105.85965
2014-05-19 19:00:00,110.439766
2014-05-19 1:00:00,125.74938
2014-05-19 20:00:00,117.31802
2014-05-19 21:00:00,133.4697
2014-05-19 22:00:00,133.33351
2014-05-19 23:00:00,139.14693
2014-05-19 2:00:00,114.02783
2014-05-19 3:00:00,93.14339
2014-05-19 4:00:00,106.62961
2014-05-19 5:00:00,112.280495
2014-05-19 6:00:00,126.29256
2014-05-19 7:00:00,125.51523
2014-05-19 8:00:00,100.55723
2014-05-19 9:00:00,112.612045
2014-05-20 0:00:00,129.61758
2014-05-20 10:00:00,48.868553
2014-05-20 11:00:00,39.563667
2014-05-20 12:00:00,69.394615
2014-05-20 13:00:00,71.24246
2014-05-20 14:00:00,81.80326
2014-05-20 15:00:00,72.99695
2014-05-20 16:00:00,82.06162
2014-05-20 17:00:00,84.57005
2014-05-20 18:00:00,77.01158
2014-05-20 19:00:00,89.96129
2014-05-20 1:00:00,135.73122
2014-05-20 20:00:00,110.254875
2014-05-20 21:00:00,90.52489
2014-05-20 22:00:00,92.175446
2014-05-20 23:00:00,91.220184
2014-05-20 2:00:00,135.92552
2014-05-20 3:00:00,147.00462
2014-05-20 4:00:00,125.94385
2014-05-20 5:00:00,115.53566
2014-05-20 6:00:00,85.99997
2014-05-20 7:00:00,78.68241
2014-05-20 8:00:00,65.48016
2014-05-20 9:00:00,63.390015
2014-05-21 0:00:00,90.20917
2014-05-21 10:00:00,114.11906
2014-05-21 11:00:00,130.42279
2014-05-21 12:00:00,108.49614
2014-05-21 13:00:00,106.512054
2014-05-21 14:00:00,107.65909
2014-05-21 15:00:00,129.26543
2014-05-21 16:00:00,125.742386
2014-05-21 17:00:00,126.95174
2014-05-21 18:00:00,121.184364
2014-05-21 19:00:00,107.97711
2014-05-21 1:00:00,95.97154
2014-05-21 20:00:00,115.09908
2014-05-21 21:00:00,125.138214
2014-05-21 22:00:00,133.19496
2014-05-21 23:00:00,133.8416
2014-05-21 2:00:00,98.54421
2014-05-21 3:00:00,101.8021
2014-05-21 4:00:00,112.47226
2014-05-21 5:00:00,118.69001
2014-05-21 6:00:00,123.91021
2014-05-21 7:00:00,126.160065
2014-05-21 8:00:00,108.62004
2014-05-21 9:00:00,98.97108
2014-05-22 0:00:00,143.4475
2014-05-22 10:00:00,155.73901
2014-05-22 11:00:00,155.1333
2014-05-22 12:00:00,140.88716
2014-05-22 13:00:00,127.27077
2014-05-22 14:00:00,109.0437
2014-05-22 15:00:00,106.39121
2014-05-22 16:00:00,104.53336
2014-05-22 17:00:00,103.7193
2014-05-22 18:00:00,100.02331
2014-05-22 19:00:00,102.550575
2014-05-22 1:00:00,140.44044
2014-05-22 20:00:00,105.42421
2014-05-22 21:00:00,109.61551
2014-05-22 22:00:00,112.368195
2014-05-22 23:00:00,118.51229
2014-05-22 2:00:00,131.43861
2014-05-22 3:00:00,136.94675
2014-05-22 4:00:00,142.40575
2014-05-22 5:00:00,139.05884
2014-05-22 6:00:00,147.53908
2014-05-22 7:00:00,140.40562
2014-05-22 8:00:00,152.54039
2014-05-22 9:00:00,151.21587
2014-05-23 0:00:00,122.93064
2014-05-23 10:00:00,105.66889
2014-05-23 11:00:00,106.18392
2014-05-23 12:00:00,108.9056
2014-05-23 13:00:00,115.94095
2014-05-23 14:00:00,114.946976
2014-05-23 15:00:00,114.64072
2014-05-23 16:00:00,114.051926
2014-05-23 17:00:00,117.05261
2014-05-23 18:00:00,117.039314
2014-05-23 19:00:00,115.749405
2014-05-23 1:00:00,129.09305
2014-05-23 20:00:00,114.835785
2014-05-23 21:00:00,121.064865
2014-05-23 22:00:00,121.502014
2014-05-23 23:00:00,119.50047
2014-05-23 2:00:00,127.18532
2014-05-23 3:00:00,128.64828
2014-05-23 4:00:00,131.5029
2014-05-23 5:00:00,91.06175
2014-05-23 6:00:00,111.36395
2014-05-23 7:00:00,99.79636
2014-05-23 8:00:00,108.61284
2014-05-23 9:00:00,108.734665
2014-05-24 0:00:00,123.017715
2014-05-24 10:00:00,133.77962
2014-05-24 11:00:00,131.92503
2014-05-24 12:00:00,132.98174
2014-05-24 13:00:00,131.96748
2014-05-24 14:00:00,132.54843
2014-05-24 15:00:00,139.30338
2014-05-24 16:00:00,150.37389
2014-05-24 17:00:00,147.2778
2014-05-24 18:00:00,142.21605
2014-05-24 19:00:00,141.56305
2014-05-24 1:00:00,124.310715
2014-05-24 20:00:00,135.78352
2014-05-24 21:00:00,132.88223
2014-05-24 22:00:00,128.68767
2014-05-24 23:00:00,128.04872
2014-05-24 2:00:00,126.59964
2014-05-24 3:00:00,133.45389
2014-05-24 4:00:00,128.98343
2014-05-24 5:00:00,139.6875
2014-05-24 6:00:00,133.14067
2014-05-24 7:00:00,136.49652
2014-05-24 8:00:00,137.4229
2014-05-24 9:00:00,136.4369
2014-05-25 0:00:00,122.54275
2014-05-25 10:00:00,71.15057
2014-05-25 11:00:00,60.83709
2014-05-25 12:00:00,49.906235
2014-05-25 13:00:00,51.593563
2014-05-25 14:00:00,50.336086
2014-05-25 15:00:00,49.56678
2014-05-25 16:00:00,47.14534
2014-05-25 17:00:00,45.809822
2014-05-25 18:00:00,44.896503
2014-05-25 19:00:00,44.930744
2014-05-25 1:00:00,132.51382
2014-05-25 20:00:00,48.83519
2014-05-25 21:00:00,51.63004
2014-05-25 22:00:00,58.677536
2014-05-25 23:00:00,58.296265
2014-05-25 2:00:00,145.30107
2014-05-25 3:00:00,143.9821
2014-05-25 4:00:00,138.39262
2014-05-25 5:00:00,138.96129
2014-05-25 6:00:00,139.39249
2014-05-25 7:00:00,113.179184
2014-05-25 8:00:00,123.81652
2014-05-25 9:00:00,93.73149
2014-05-26 0:00:00,68.86589
2014-05-26 10:00:00,86.64545
2014-05-26 11:00:00,88.01199
2014-05-26 12:00:00,104.90806
2014-05-26 13:00:00,105.160545
2014-05-26 14:00:00,112.310974
2014-05-26 15:00:00,116.721725
2014-05-26 16:00:00,114.586845
2014-05-26 17:00:00,106.40182
2014-05-26 18:00:00,71.016365
2014-05-26 19:00:00,106.87871
2014-05-26 1:00:00,78.70673
2014-05-26 20:00:00,83.80358
2014-05-26 21:00:00,100.88652
2014-05-26 22:00:00,102.65145
2014-05-26 23:00:00,85.451355
2014-05-26 2:00:00,81.65485
2014-05-26 3:00:00,76.68574
2014-05-26 4:00:00,75.75978
2014-05-26 5:00:00,70.17835
2014-05-26 6:00:00,76.32849
2014-05-26 7:00:00,81.329636
2014-05-26 8:00:00,110.98494
2014-05-26 9:00:00,99.76974
2014-05-27 0:00:00,106.75955
2014-05-27 10:00:00,45.359085
2014-05-27 11:00:00,50.353165
2014-05-27 12:00:00,49.82666
2014-05-27 13:00:00,41.27083
2014-05-27 14:00:00,38.014095
2014-05-27 15:00:00,33.734623
2014-05-27 16:00:00,36.953617
2014-05-27 17:00:00,41.53604
2014-05-27 18:00:00,51.106823
2014-05-27 19:00:00,44.81357
2014-05-27 1:00:00,89.13301
2014-05-27 20:00:00,42.105637
2014-05-27 21:00:00,55.190918
2014-05-27 22:00:00,48.187065
2014-05-27 23:00:00,46.97413
2014-05-27 2:00:00,99.63249
2014-05-27 3:00:00,99.65487
2014-05-27 4:00:00,77.84357
2014-05-27 5:00:00,67.408035
2014-05-27 6:00:00,84.813034
2014-05-27 7:00:00,81.189835
2014-05-27 8:00:00,67.94509
2014-05-27 9:00:00,52.25937
2014-05-28 0:00:00,53.06715
2014-05-28 10:00:00,37.436783
2014-05-28 11:00:00,37.58963
2014-05-28 12:00:00,38.941505
2014-05-28 13:00:00,41.785995
2014-05-28 14:00:00,36.582623
2014-05-28 15:00:00,41.36107
2014-05-28 16:00:00,51.11142
2014-05-28 17:00:00,58.88233
2014-05-28 18:00:00,64.518196
2014-05-28 19:00:00,74.007095
2014-05-28 1:00:00,35.21721
2014-05-28 20:00:00,123.0565
2014-05-28 21:00:00,119.933075
2014-05-28 22:00:00,132.58685
2014-05-28 23:00:00,122.90744
2014-05-28 2:00:00,32.583687
2014-05-28 3:00:00,43.00419
2014-05-28 4:00:00,34.0021
2014-05-28 5:00:00,33.10136
2014-05-28 6:00:00,58.541878
2014-05-28 7:00:00,52.75235
2014-05-28 8:00:00,72.18658
2014-05-28 9:00:00,41.96196
2014-05-29 0:00:00,149.66649
2014-05-29 10:00:00,130.17442
2014-05-29 11:00:00,130.91049
2014-05-29 12:00:00,125.85873
2014-05-29 13:00:00,109.03273
2014-05-29 14:00:00,101.035446
2014-05-29 15:00:00,82.218925
2014-05-29 16:00:00,70.41158
2014-05-29 17:00:00,83.36803
2014-05-29 18:00:00,81.46682
2014-05-29 19:00:00,86.9444
2014-05-29 1:00:00,141.12239
2014-05-29 20:00:00,99.648476
2014-05-29 21:00:00,110.8994
2014-05-29 22:00:00,95.48311
2014-05-29 23:00:00,69.33588
2014-05-29 2:00:00,139.82294
2014-05-29 3:00:00,135.03575
2014-05-29 4:00:00,132.62566
2014-05-29 5:00:00,133.8253
2014-05-29 6:00:00,135.30287
2014-05-29 7:00:00,137.07857
2014-05-29 8:00:00,135.10005
2014-05-29 9:00:00,138.69981
2014-05-30 0:00:00,75.92719
2014-05-30 10:00:00,64.73087
2014-05-30 11:00:00,72.16237
2014-05-30 12:00:00,80.40985
2014-05-30 13:00:00,83.934265
2014-05-30 14:00:00,87.64771
2014-05-30 15:00:00,88.640076
2014-05-30 16:00:00,95.981155
2014-05-30 17:00:00,110.17729
2014-05-30 18:00:00,95.571915
2014-05-30 19:00:00,92.08432
2014-05-30 1:00:00,69.10294
2014-05-30 20:00:00,97.34315
2014-05-30 21:00:00,100.59909
2014-05-30 22:00:00,93.42586
2014-05-30 23:00:00,113.557816
2014-05-30 2:00:00,64.77741
2014-05-30 3:00:00,56.409065
2014-05-30 4:00:00,51.36436
2014-05-30 5:00:00,47.398964
2014-05-30 6:00:00,42.385406
2014-05-30 7:00:00,42.804054
2014-05-30 8:00:00,47.83808
2014-05-30 9:00:00,47.407322
2014-05-31 0:00:00,119.23796
2014-05-31 10:00:00,132.21896
2014-05-31 11:00:00,117.71598
2014-05-31 12:00:00,114.62676
2014-05-31 13:00:00,112.10312
2014-05-31 14:00:00,113.95845
2014-05-31 15:00:00,109.54086
2014-05-31 16:00:00,113.72391
2014-05-31 17:00:00,114.73065
2014-05-31 18:00:00,112.30595
2014-05-31 19:00:00,115.61795
2014-05-31 1:00:00,108.10507
2014-05-31 20:00:00,123.01695
2014-05-31 21:00:00,129.14282
2014-05-31 22:00:00,125.508934
2014-05-31 23:00:00,94.83534
2014-05-31 2:00:00,114.71824
2014-05-31 3:00:00,118.37329
2014-05-31 4:00:00,123.20585
2014-05-31 5:00:00,126.41419
2014-05-31 6:00:00,131.95499
2014-05-31 7:00:00,141.43156
2014-05-31 8:00:00,136.80829
2014-05-31 9:00:00,132.83995
2014-06-01 0:00:00,82.743065
2014-06-01 10:00:00,48.364655
2014-06-01 11:00:00,38.329056
2014-06-01 12:00:00,33.90311
2014-06-01 13:00:00,32.469097
2014-06-01 14:00:00,33.796375
2014-06-01 15:00:00,41.588264
2014-06-01 16:00:00,56.625538
2014-06-01 17:00:00,77.67723
2014-06-01 18:00:00,77.21724
2014-06-01 19:00:00,75.51933
2014-06-01 1:00:00,104.57947
2014-06-01 20:00:00,33.659653
2014-06-01 21:00:00,31.528053
2014-06-01 22:00:00,31.905773
2014-06-01 23:00:00,34.42552
2014-06-01 2:00:00,97.37833
2014-06-01 3:00:00,90.744026
2014-06-01 4:00:00,89.710976
2014-06-01 5:00:00,87.50356
2014-06-01 6:00:00,82.704666
2014-06-01 7:00:00,77.29033
2014-06-01 8:00:00,62.804012
2014-06-01 9:00:00,48.882614
2014-06-02 0:00:00,38.517563
2014-06-02 10:00:00,56.022766
2014-06-02 11:00:00,72.30608
2014-06-02 12:00:00,78.420685
2014-06-02 13:00:00,77.82919
2014-06-02 14:00:00,84.58722
2014-06-02 15:00:00,84.76555
2014-06-02 16:00:00,84.779526
2014-06-02 17:00:00,87.28552
2014-06-02 18:00:00,87.82987
2014-06-02 19:00:00,93.83946
2014-06-02 1:00:00,41.69681
2014-06-02 20:00:00,83.24727
2014-06-02 21:00:00,89.67552
2014-06-02 22:00:00,114.0744
2014-06-02 23:00:00,98.65741
2014-06-02 2:00:00,52.165733
2014-06-02 3:00:00,54.455025
2014-06-02 4:00:00,69.40176
2014-06-02 5:00:00,72.9023
2014-06-02 6:00:00,69.87512
2014-06-02 7:00:00,64.401276
2014-06-02 8:00:00,73.647
2014-06-02 9:00:00,57.095978
2014-06-03 0:00:00,82.082596
2014-06-03 10:00:00,27.552402
2014-06-03 11:00:00,34.24932
2014-06-03 12:00:00,45.14432
2014-06-03 13:00:00,79.3125
2014-06-03 14:00:00,90.263245
2014-06-03 15:00:00,92.25722
2014-06-03 16:00:00,89.62494
2014-06-03 17:00:00,82.592834
2014-06-03 18:00:00,80.06073
2014-06-03 19:00:00,76.04965
2014-06-03 1:00:00,83.06873
2014-06-03 20:00:00,76.18908
2014-06-03 21:00:00,75.52408
2014-06-03 22:00:00,73.746216
2014-06-03 23:00:00,73.42991
2014-06-03 2:00:00,82.6532
2014-06-03 3:00:00,61.779877
2014-06-03 4:00:00,56.051197
2014-06-03 5:00:00,30.099873
2014-06-03 6:00:00,35.428177
2014-06-03 7:00:00,32.061344
2014-06-03 8:00:00,29.935635
2014-06-03 9:00:00,28.691418
2014-06-04 0:00:00,76.87549
2014-06-04 10:00:00,144.06432
2014-06-04 11:00:00,129.81285
2014-06-04 12:00:00,137.62566
2014-06-04 13:00:00,124.6748
2014-06-04 14:00:00,117.81758
2014-06-04 15:00:00,112.54779
2014-06-04 16:00:00,109.53546
2014-06-04 17:00:00,113.63756
2014-06-04 18:00:00,112.184074
2014-06-04 19:00:00,112.96352
2014-06-04 1:00:00,83.94751
2014-06-04 20:00:00,115.61295
2014-06-04 21:00:00,114.715164
2014-06-04 22:00:00,94.62865
2014-06-04 23:00:00,112.21972
2014-06-04 2:00:00,86.180084
2014-06-04 3:00:00,89.156
2014-06-04 4:00:00,91.55007
2014-06-04 5:00:00,123.75401
2014-06-04 6:00:00,128.69621
2014-06-04 7:00:00,133.07555
2014-06-04 8:00:00,129.58424
2014-06-04 9:00:00,129.61635
2014-06-05 0:00:00,95.90047
2014-06-05 10:00:00,144.90944
2014-06-05 11:00:00,146.85063
2014-06-05 12:00:00,121.286644
2014-06-05 13:00:00,131.97258
2014-06-05 14:00:00,109.15433
2014-06-05 15:00:00,108.40276
2014-06-05 16:00:00,100.52405
2014-06-05 17:00:00,101.67568
2014-06-05 18:00:00,100.7278
2014-06-05 19:00:00,98.26895
2014-06-05 1:00:00,107.927444
2014-06-05 20:00:00,101.17973
2014-06-05 21:00:00,99.11994
2014-06-05 22:00:00,110.15863
2014-06-05 23:00:00,104.8401
2014-06-05 2:00:00,110.48422
2014-06-05 3:00:00,115.18637
2014-06-05 4:00:00,127.69296
2014-06-05 5:00:00,123.9781
2014-06-05 6:00:00,139.22563
2014-06-05 7:00:00,150.39651
2014-06-05 8:00:00,144.61354
2014-06-05 9:00:00,146.8632
2014-06-06 0:00:00,115.620285
2014-06-06 10:00:00,132.17262
2014-06-06 11:00:00,143.33504
2014-06-06 12:00:00,111.03519
2014-06-06 13:00:00,92.67984
2014-06-06 14:00:00,87.75609
2014-06-06 15:00:00,74.34775
2014-06-06 16:00:00,86.63176
2014-06-06 17:00:00,79.810875
2014-06-06 18:00:00,78.26471
2014-06-06 19:00:00,62.112743
2014-06-06 1:00:00,119.13481
2014-06-06 20:00:00,58.716133
2014-06-06 21:00:00,35.780827
2014-06-06 22:00:00,37.743668
2014-06-06 23:00:00,35.015247
2014-06-06 2:00:00,127.91964
2014-06-06 3:00:00,120.92621
2014-06-06 4:00:00,128.01144
2014-06-06 5:00:00,143.64003
2014-06-06 6:00:00,142.11235
2014-06-06 7:00:00,147.98586
2014-06-06 8:00:00,148.61993
2014-06-06 9:00:00,150.92194
2014-06-07 0:00:00,41.623302
2014-06-07 10:00:00,28.56044
2014-06-07 11:00:00,28.477451
2014-06-07 12:00:00,28.094257
2014-06-07 13:00:00,27.69418
2014-06-07 14:00:00,27.378536
2014-06-07 15:00:00,27.79108
2014-06-07 16:00:00,27.661587
2014-06-07 17:00:00,29.552975
2014-06-07 18:00:00,32.29299
2014-06-07 19:00:00,37.062668
2014-06-07 1:00:00,41.043373
2014-06-07 20:00:00,43.61724
2014-06-07 21:00:00,67.28429
2014-06-07 22:00:00,70.61113
2014-06-07 23:00:00,80.6199
2014-06-07 2:00:00,32.340843
2014-06-07 3:00:00,30.183464
2014-06-07 4:00:00,31.70763
2014-06-07 5:00:00,30.305832
2014-06-07 6:00:00,30.954327
2014-06-07 7:00:00,30.411926
2014-06-07 8:00:00,29.707565
2014-06-07 9:00:00,28.55489
2014-06-08 0:00:00,82.35927
2014-06-08 10:00:00,90.15874
2014-06-08 11:00:00,91.386826
2014-06-08 12:00:00,86.18559
2014-06-08 13:00:00,81.444824
2014-06-08 14:00:00,83.40455
2014-06-08 15:00:00,61.74994
2014-06-08 16:00:00,96.084915
2014-06-08 17:00:00,113.94449
2014-06-08 18:00:00,114.485435
2014-06-08 19:00:00,114.947876
2014-06-08 1:00:00,84.619125
2014-06-08 20:00:00,116.72073
2014-06-08 21:00:00,131.92247
2014-06-08 22:00:00,107.74184
2014-06-08 23:00:00,95.121124
2014-06-08 2:00:00,90.602844
2014-06-08 3:00:00,90.87192
2014-06-08 4:00:00,98.94653
2014-06-08 5:00:00,90.79034
2014-06-08 6:00:00,85.342224
2014-06-08 7:00:00,83.083694
2014-06-08 8:00:00,79.78257
2014-06-08 9:00:00,89.86308
2014-06-09 0:00:00,82.540665
2014-06-09 10:00:00,75.74493
2014-06-09 11:00:00,91.84404
2014-06-09 12:00:00,62.25598
2014-06-09 13:00:00,73.65976
2014-06-09 14:00:00,76.20933
2014-06-09 15:00:00,87.55246
2014-06-09 16:00:00,92.92582
2014-06-09 17:00:00,78.488495
2014-06-09 18:00:00,65.170166
2014-06-09 19:00:00,38.68679
2014-06-09 1:00:00,91.53288
2014-06-09 20:00:00,38.676308
2014-06-09 21:00:00,37.325134
2014-06-09 22:00:00,57.359886
2014-06-09 23:00:00,54.79128
2014-06-09 2:00:00,90.0408
2014-06-09 3:00:00,89.63605
2014-06-09 4:00:00,85.248566
2014-06-09 5:00:00,90.5036
2014-06-09 6:00:00,77.472
2014-06-09 7:00:00,61.513123
2014-06-09 8:00:00,62.094635
2014-06-09 9:00:00,64.07978
2014-06-10 0:00:00,81.60013
2014-06-10 10:00:00,121.83
2014-06-10 11:00:00,117.60228
2014-06-10 12:00:00,116.98622
2014-06-10 13:00:00,125.1861
2014-06-10 14:00:00,130.76875
2014-06-10 15:00:00,134.4254
2014-06-10 16:00:00,107.56155
2014-06-10 17:00:00,105.00103
2014-06-10 18:00:00,106.334595
2014-06-10 19:00:00,114.133255
2014-06-10 1:00:00,85.74937
2014-06-10 20:00:00,127.88808
2014-06-10 21:00:00,147.95918
2014-06-10 22:00:00,142.52837
2014-06-10 23:00:00,144.86595
2014-06-10 2:00:00,94.91083
2014-06-10 3:00:00,86.90329
2014-06-10 4:00:00,97.23277
2014-06-10 5:00:00,95.20389
2014-06-10 6:00:00,89.94698
2014-06-10 7:00:00,96.02608
2014-06-10 8:00:00,104.09082
2014-06-10 9:00:00,118.336044
2014-06-11 0:00:00,151.07904
2014-06-11 10:00:00,71.09002
2014-06-11 11:00:00,37.34391
2014-06-11 12:00:00,34.491497
2014-06-11 13:00:00,32.933918
2014-06-11 14:00:00,31.702927
2014-06-11 15:00:00,37.979546
2014-06-11 16:00:00,38.008446
2014-06-11 17:00:00,43.175034
2014-06-11 18:00:00,38.58644
2014-06-11 19:00:00,58.459385
2014-06-11 1:00:00,148.87868
2014-06-11 20:00:00,76.227
2014-06-11 21:00:00,74.01553
2014-06-11 22:00:00,78.72373
2014-06-11 23:00:00,82.62491
2014-06-11 2:00:00,145.37688
2014-06-11 3:00:00,116.93023
2014-06-11 4:00:00,101.821365
2014-06-11 5:00:00,91.05008
2014-06-11 6:00:00,88.624435
2014-06-11 7:00:00,98.53668
2014-06-11 8:00:00,93.70683
2014-06-11 9:00:00,69.499565
2014-06-12 0:00:00,77.99968
2014-06-12 10:00:00,111.54198
2014-06-12 11:00:00,102.64667
2014-06-12 12:00:00,67.37352
2014-06-12 13:00:00,98.59987
2014-06-12 14:00:00,80.38765
2014-06-12 15:00:00,84.63915
2014-06-12 16:00:00,71.55846
2014-06-12 17:00:00,95.02176
2014-06-12 18:00:00,109.35072
2014-06-12 19:00:00,112.660774
2014-06-12 1:00:00,81.661026
2014-06-12 20:00:00,110.14415
2014-06-12 21:00:00,83.78192
2014-06-12 22:00:00,106.710335
2014-06-12 23:00:00,98.64775
2014-06-12 2:00:00,110.94822
2014-06-12 3:00:00,90.64021
2014-06-12 4:00:00,86.78609
2014-06-12 5:00:00,80.08162
2014-06-12 6:00:00,77.87137
2014-06-12 7:00:00,74.465805
2014-06-12 8:00:00,89.19223
2014-06-12 9:00:00,100.620316
2014-06-13 0:00:00,80.34715
2014-06-13 10:00:00,107.94608
2014-06-13 11:00:00,110.40953
2014-06-13 12:00:00,103.46408
2014-06-13 13:00:00,101.372116
2014-06-13 14:00:00,101.88621
2014-06-13 15:00:00,119.1198
2014-06-13 16:00:00,127.8033
2014-06-13 17:00:00,88.36169
2014-06-13 18:00:00,104.318375
2014-06-13 19:00:00,88.75479
2014-06-13 1:00:00,80.258255
2014-06-13 20:00:00,80.7599
2014-06-13 21:00:00,87.93317
2014-06-13 22:00:00,76.659256
2014-06-13 23:00:00,57.413525
2014-06-13 2:00:00,103.028656
2014-06-13 3:00:00,109.57312
2014-06-13 4:00:00,98.419785
2014-06-13 5:00:00,90.359764
2014-06-13 6:00:00,117.89671
2014-06-13 7:00:00,106.83619
2014-06-13 8:00:00,119.92298
2014-06-13 9:00:00,118.438614
2014-06-14 0:00:00,41.77634
2014-06-14 10:00:00,43.976654
2014-06-14 11:00:00,51.92087
2014-06-14 12:00:00,42.120495
2014-06-14 13:00:00,70.96124
2014-06-14 14:00:00,55.718292
2014-06-14 15:00:00,61.937202
2014-06-14 16:00:00,66.41789
2014-06-14 17:00:00,81.16215
2014-06-14 18:00:00,75.70624
2014-06-14 19:00:00,81.35019
2014-06-14 1:00:00,37.15605
2014-06-14 20:00:00,87.6705
2014-06-14 21:00:00,90.597244
2014-06-14 22:00:00,95.144745
2014-06-14 23:00:00,97.12503
2014-06-14 2:00:00,56.63633
2014-06-14 3:00:00,58.37651
2014-06-14 4:00:00,36.04003
2014-06-14 5:00:00,35.459793
2014-06-14 6:00:00,34.11127
2014-06-14 7:00:00,38.360943
2014-06-14 8:00:00,37.241104
2014-06-14 9:00:00,47.738342
2014-06-15 0:00:00,94.48802
2014-06-15 10:00:00,164.10474
2014-06-15 11:00:00,162.25325
2014-06-15 12:00:00,133.97603
2014-06-15 13:00:00,118.31698
2014-06-15 14:00:00,118.5202
2014-06-15 15:00:00,117.06137
2014-06-15 16:00:00,122.431
2014-06-15 17:00:00,121.409805
2014-06-15 18:00:00,93.967224
2014-06-15 19:00:00,84.81984
2014-06-15 1:00:00,98.73163
2014-06-15 20:00:00,89.31083
2014-06-15 21:00:00,98.06527
2014-06-15 22:00:00,104.16448
2014-06-15 23:00:00,91.21564
2014-06-15 2:00:00,109.49571
2014-06-15 3:00:00,134.73721
2014-06-15 4:00:00,133.12086
2014-06-15 5:00:00,136.58177
2014-06-15 6:00:00,141.31667
2014-06-15 7:00:00,140.47037
2014-06-15 8:00:00,144.57753
2014-06-15 9:00:00,150.22453
2014-06-16 0:00:00,110.45676
2014-06-16 10:00:00,139.37598
2014-06-16 11:00:00,151.75154
2014-06-16 12:00:00,153.89397
2014-06-16 13:00:00,152.20824
2014-06-16 14:00:00,153.5553
2014-06-16 15:00:00,163.58028
2014-06-16 16:00:00,164.52863
2014-06-16 17:00:00,149.28252
2014-06-16 18:00:00,151.48729
2014-06-16 19:00:00,142.62207
2014-06-16 1:00:00,104.43519
2014-06-16 20:00:00,157.03606
2014-06-16 21:00:00,149.51118
2014-06-16 22:00:00,148.53453
2014-06-16 23:00:00,162.88336
2014-06-16 2:00:00,129.0934
2014-06-16 3:00:00,122.63153
2014-06-16 4:00:00,125.19838
2014-06-16 5:00:00,113.15338
2014-06-16 6:00:00,114.998245
2014-06-16 7:00:00,126.37301
2014-06-16 8:00:00,146.20145
2014-06-16 9:00:00,144.34605
2014-06-17 0:00:00,167.89702
2014-06-17 10:00:00,123.29917
2014-06-17 11:00:00,118.34527
2014-06-17 12:00:00,127.73622
2014-06-17 13:00:00,117.04196
2014-06-17 14:00:00,109.35635
2014-06-17 15:00:00,115.04649
2014-06-17 16:00:00,116.04611
2014-06-17 17:00:00,114.72513
2014-06-17 18:00:00,110.19154
2014-06-17 19:00:00,94.01262
2014-06-17 1:00:00,161.18039
2014-06-17 20:00:00,106.47983
2014-06-17 21:00:00,137.26013
2014-06-17 22:00:00,136.19252
2014-06-17 23:00:00,139.64325
2014-06-17 2:00:00,121.61444
2014-06-17 3:00:00,143.99855
2014-06-17 4:00:00,148.54837
2014-06-17 5:00:00,149.70992
2014-06-17 6:00:00,158.88286
2014-06-17 7:00:00,161.65753
2014-06-17 8:00:00,121.94444
2014-06-17 9:00:00,111.87922
2014-06-18 0:00:00,147.4533
2014-06-18 10:00:00,81.951614
2014-06-18 11:00:00,69.17628
2014-06-18 12:00:00,83.756165
2014-06-18 13:00:00,80.61371
2014-06-18 14:00:00,85.6742
2014-06-18 15:00:00,88.482895
2014-06-18 16:00:00,90.67421
2014-06-18 17:00:00,94.56413
2014-06-18 18:00:00,91.06733
2014-06-18 19:00:00,86.1132
2014-06-18 1:00:00,119.69322
2014-06-18 20:00:00,85.65915
2014-06-18 21:00:00,84.40973
2014-06-18 22:00:00,88.20951
2014-06-18 23:00:00,93.87713
2014-06-18 2:00:00,122.74275
2014-06-18 3:00:00,130.152
2014-06-18 4:00:00,118.800766
2014-06-18 5:00:00,97.1564
2014-06-18 6:00:00,94.408295
2014-06-18 7:00:00,83.43254
2014-06-18 8:00:00,63.886074
2014-06-18 9:00:00,64.20175
2014-06-19 0:00:00,117.27851
2014-06-19 10:00:00,112.84349
2014-06-19 11:00:00,106.398056
2014-06-19 12:00:00,102.13968
2014-06-19 13:00:00,109.28789
2014-06-19 14:00:00,117.183975
2014-06-19 15:00:00,118.21867
2014-06-19 16:00:00,119.32428
2014-06-19 17:00:00,120.958664
2014-06-19 18:00:00,120.72285
2014-06-19 19:00:00,124.24332
2014-06-19 1:00:00,123.5919
2014-06-19 20:00:00,121.75752
2014-06-19 21:00:00,128.49828
2014-06-19 22:00:00,134.58751
2014-06-19 23:00:00,133.13289
2014-06-19 2:00:00,135.96516
2014-06-19 3:00:00,132.55641
2014-06-19 4:00:00,134.40764
2014-06-19 5:00:00,117.25453
2014-06-19 6:00:00,128.95773
2014-06-19 7:00:00,125.27838
2014-06-19 8:00:00,134.91739
2014-06-19 9:00:00,131.99855
2014-06-20 0:00:00,148.15273
2014-06-20 10:00:00,73.69585
2014-06-20 11:00:00,68.56891
2014-06-20 12:00:00,61.2259
2014-06-20 13:00:00,68.278786
2014-06-20 14:00:00,69.48637
2014-06-20 15:00:00,76.825195
2014-06-20 16:00:00,78.042206
2014-06-20 17:00:00,88.05419
2014-06-20 18:00:00,92.279015
2014-06-20 19:00:00,93.12891
2014-06-20 1:00:00,132.50357
2014-06-20 20:00:00,92.18413
2014-06-20 21:00:00,98.556366
2014-06-20 22:00:00,103.550186
2014-06-20 23:00:00,103.003136
2014-06-20 2:00:00,124.238754
2014-06-20 3:00:00,133.78181
2014-06-20 4:00:00,139.28752
2014-06-20 5:00:00,153.58762
2014-06-20 6:00:00,147.52577
2014-06-20 7:00:00,98.17792
2014-06-20 8:00:00,88.84875
2014-06-20 9:00:00,81.15317
2014-06-21 0:00:00,110.09447
2014-06-21 10:00:00,133.86015
2014-06-21 11:00:00,126.0909
2014-06-21 12:00:00,148.49126
2014-06-21 13:00:00,151.80211
2014-06-21 14:00:00,148.61122
2014-06-21 15:00:00,131.05005
2014-06-21 16:00:00,117.170204
2014-06-21 17:00:00,117.41341
2014-06-21 18:00:00,113.00206
2014-06-21 19:00:00,86.495224
2014-06-21 1:00:00,111.7085
2014-06-21 20:00:00,102.31121
2014-06-21 21:00:00,89.78869
2014-06-21 22:00:00,79.84427
2014-06-21 23:00:00,78.09349
2014-06-21 2:00:00,110.24527
2014-06-21 3:00:00,109.97597
2014-06-21 4:00:00,107.85863
2014-06-21 5:00:00,101.78716
2014-06-21 6:00:00,117.56549
2014-06-21 7:00:00,129.73239
2014-06-21 8:00:00,125.9235
2014-06-21 9:00:00,131.67311
2014-06-22 0:00:00,71.75539
2014-06-22 10:00:00,47.94555
2014-06-22 11:00:00,61.311188
2014-06-22 12:00:00,74.35252
2014-06-22 13:00:00,84.15203
2014-06-22 14:00:00,86.42526
2014-06-22 15:00:00,86.302345
2014-06-22 16:00:00,82.67148
2014-06-22 17:00:00,80.48386
2014-06-22 18:00:00,72.71245
2014-06-22 19:00:00,87.43065
2014-06-22 1:00:00,67.38567
2014-06-22 20:00:00,88.51287
2014-06-22 21:00:00,99.497574
2014-06-22 22:00:00,100.51222
2014-06-22 23:00:00,106.39761
2014-06-22 2:00:00,79.8665
2014-06-22 3:00:00,78.08646
2014-06-22 4:00:00,72.1049
2014-06-22 5:00:00,63.646492
2014-06-22 6:00:00,61.545654
2014-06-22 7:00:00,44.658134
2014-06-22 8:00:00,39.171005
2014-06-22 9:00:00,56.05064
2014-06-23 0:00:00,97.81904
2014-06-23 10:00:00,36.335365
2014-06-23 11:00:00,52.975605
2014-06-23 12:00:00,46.33814
2014-06-23 13:00:00,60.34747
2014-06-23 14:00:00,54.874756
2014-06-23 15:00:00,73.80407
2014-06-23 16:00:00,65.22815
2014-06-23 17:00:00,91.06035
2014-06-23 18:00:00,109.21262
2014-06-23 19:00:00,100.510895
2014-06-23 1:00:00,97.59517
2014-06-23 20:00:00,96.525635
2014-06-23 21:00:00,85.90856
2014-06-23 22:00:00,80.34552
2014-06-23 23:00:00,79.14356
2014-06-23 2:00:00,92.720566
2014-06-23 3:00:00,85.03822
2014-06-23 4:00:00,78.23325
2014-06-23 5:00:00,72.66034
2014-06-23 6:00:00,59.138344
2014-06-23 7:00:00,48.93612
2014-06-23 8:00:00,46.23874
2014-06-23 9:00:00,39.32974
2014-06-24 0:00:00,78.55153
2014-06-24 10:00:00,136.61314
2014-06-24 11:00:00,126.40111
2014-06-24 12:00:00,136.00368
2014-06-24 13:00:00,134.38176
2014-06-24 14:00:00,127.424934
2014-06-24 15:00:00,128.92603
2014-06-24 16:00:00,127.46407
2014-06-24 17:00:00,119.26215
2014-06-24 18:00:00,119.10658
2014-06-24 19:00:00,119.314735
2014-06-24 1:00:00,81.23332
2014-06-24 20:00:00,116.54654
2014-06-24 21:00:00,115.71532
2014-06-24 22:00:00,116.76218
2014-06-24 23:00:00,122.95894
2014-06-24 2:00:00,90.6424
2014-06-24 3:00:00,92.122894
2014-06-24 4:00:00,95.57797
2014-06-24 5:00:00,115.721375
2014-06-24 6:00:00,95.72398
2014-06-24 7:00:00,106.189865
2014-06-24 8:00:00,98.64328
2014-06-24 9:00:00,109.56899
2014-06-25 0:00:00,124.51158
2014-06-25 10:00:00,146.63496
2014-06-25 11:00:00,136.37254
2014-06-25 12:00:00,132.19955
2014-06-25 13:00:00,131.72179
2014-06-25 14:00:00,133.40392
2014-06-25 15:00:00,134.77037
2014-06-25 16:00:00,135.2175
2014-06-25 17:00:00,136.92104
2014-06-25 18:00:00,136.8701
2014-06-25 19:00:00,135.35704
2014-06-25 1:00:00,124.21205
2014-06-25 20:00:00,135.49425
2014-06-25 21:00:00,134.67451
2014-06-25 22:00:00,138.01021
2014-06-25 23:00:00,139.70357
2014-06-25 2:00:00,122.20335
2014-06-25 3:00:00,126.9449
2014-06-25 4:00:00,124.43657
2014-06-25 5:00:00,134.84424
2014-06-25 6:00:00,142.5788
2014-06-25 7:00:00,154.21808
2014-06-25 8:00:00,153.67827
2014-06-25 9:00:00,154.46873
2014-06-26 0:00:00,143.97638
2014-06-26 10:00:00,144.42366
2014-06-26 11:00:00,143.00246
2014-06-26 12:00:00,140.67882
2014-06-26 13:00:00,140.02196
2014-06-26 14:00:00,144.059
2014-06-26 15:00:00,151.1313
2014-06-26 16:00:00,148.99869
2014-06-26 17:00:00,139.41756
2014-06-26 18:00:00,148.5063
2014-06-26 19:00:00,145.29536
2014-06-26 1:00:00,147.72958
2014-06-26 20:00:00,163.7376
2014-06-26 21:00:00,173.32573
2014-06-26 22:00:00,178.44743
2014-06-26 23:00:00,174.68932
2014-06-26 2:00:00,152.96158
2014-06-26 3:00:00,153.64743
2014-06-26 4:00:00,143.68791
2014-06-26 5:00:00,153.98471
2014-06-26 6:00:00,153.25203
2014-06-26 7:00:00,146.96275
2014-06-26 8:00:00,146.32137
2014-06-26 9:00:00,144.69603
2014-06-27 0:00:00,94.063416
2014-06-27 10:00:00,31.416386
2014-06-27 11:00:00,29.71991
2014-06-27 12:00:00,35.662224
2014-06-27 13:00:00,33.63016
2014-06-27 14:00:00,30.095573
2014-06-27 15:00:00,31.879784
2014-06-27 16:00:00,34.649105
2014-06-27 17:00:00,48.65466
2014-06-27 18:00:00,43.609425
2014-06-27 19:00:00,37.548122
2014-06-27 1:00:00,63.30531
2014-06-27 20:00:00,38.7359
2014-06-27 21:00:00,43.223026
2014-06-27 22:00:00,47.06999
2014-06-27 23:00:00,68.01251
2014-06-27 2:00:00,53.181244
2014-06-27 3:00:00,57.448074
2014-06-27 4:00:00,80.56757
2014-06-27 5:00:00,74.06815
2014-06-27 6:00:00,53.58223
2014-06-27 7:00:00,44.80297
2014-06-27 8:00:00,41.145805
2014-06-27 9:00:00,34.481773
2014-06-28 0:00:00,39.080864
2014-06-28 10:00:00,37.69023
2014-06-28 11:00:00,35.738503
2014-06-28 12:00:00,31.761024
2014-06-28 13:00:00,31.249718
2014-06-28 14:00:00,31.23804
2014-06-28 15:00:00,42.80394
2014-06-28 16:00:00,37.538635
2014-06-28 17:00:00,59.404457
2014-06-28 18:00:00,77.885216
2014-06-28 19:00:00,87.464066
2014-06-28 1:00:00,35.510002
2014-06-28 20:00:00,83.37685
2014-06-28 21:00:00,81.47658
2014-06-28 22:00:00,77.64757
2014-06-28 23:00:00,91.82544
2014-06-28 2:00:00,33.295223
2014-06-28 3:00:00,34.518692
2014-06-28 4:00:00,34.668083
2014-06-28 5:00:00,51.0736
2014-06-28 6:00:00,56.665283
2014-06-28 7:00:00,53.11206
2014-06-28 8:00:00,46.008495
2014-06-28 9:00:00,41.402023
2014-06-29 0:00:00,88.99806
2014-06-29 10:00:00,87.13779
2014-06-29 11:00:00,89.733
2014-06-29 12:00:00,90.24829
2014-06-29 13:00:00,85.40056
2014-06-29 14:00:00,112.73065
2014-06-29 15:00:00,111.37811
2014-06-29 16:00:00,127.399475
2014-06-29 17:00:00,115.619675
2014-06-29 18:00:00,120.910286
2014-06-29 19:00:00,108.54686
2014-06-29 1:00:00,97.67427
2014-06-29 20:00:00,119.379555
2014-06-29 21:00:00,125.41607
2014-06-29 22:00:00,125.098206
2014-06-29 23:00:00,118.10544
2014-06-29 2:00:00,93.975555
2014-06-29 3:00:00,97.869446
2014-06-29 4:00:00,96.56688
2014-06-29 5:00:00,96.2128
2014-06-29 6:00:00,88.57736
2014-06-29 7:00:00,86.89661
2014-06-29 8:00:00,92.46179
2014-06-29 9:00:00,87.66346
2014-06-30 0:00:00,127.91445
2014-06-30 10:00:00,107.87133
2014-06-30 11:00:00,106.935715
2014-06-30 12:00:00,106.0596
2014-06-30 13:00:00,102.27391
2014-06-30 14:00:00,103.83155
2014-06-30 15:00:00,100.73644
2014-06-30 16:00:00,102.97257
2014-06-30 17:00:00,98.92909
2014-06-30 18:00:00,99.39295
2014-06-30 19:00:00,97.16287
2014-06-30 1:00:00,134.61464
2014-06-30 20:00:00,105.98731
2014-06-30 21:00:00,106.00325
2014-06-30 22:00:00,110.63797
2014-06-30 23:00:00,108.21498
2014-06-30 2:00:00,133.0082
2014-06-30 3:00:00,136.00719
2014-06-30 4:00:00,137.44911
2014-06-30 5:00:00,111.75349
2014-06-30 6:00:00,102.58826
2014-06-30 7:00:00,118.070435
2014-06-30 8:00:00,118.20421
2014-06-30 9:00:00,121.3642
2014-07-01 0:00:00,109.42221
2014-07-01 10:00:00,145.9912
2014-07-01 11:00:00,133.2125
2014-07-01 12:00:00,127.37265
2014-07-01 13:00:00,126.28424
2014-07-01 14:00:00,129.61406
2014-07-01 15:00:00,135.19987
2014-07-01 16:00:00,135.84827
2014-07-01 17:00:00,140.35443
2014-07-01 18:00:00,141.17384
2014-07-01 19:00:00,139.57922
2014-07-01 1:00:00,113.35641
2014-07-01 20:00:00,138.71095
2014-07-01 21:00:00,138.88286
2014-07-01 22:00:00,99.702354
2014-07-01 23:00:00,119.75681
2014-07-01 2:00:00,113.751175
2014-07-01 3:00:00,117.267715
2014-07-01 4:00:00,124.73133
2014-07-01 5:00:00,124.24321
2014-07-01 6:00:00,133.29306
2014-07-01 7:00:00,136.6061
2014-07-01 8:00:00,149.26659
2014-07-01 9:00:00,149.20088
2014-07-02 0:00:00,107.771866
2014-07-02 10:00:00,130.23221
2014-07-02 11:00:00,132.1059
2014-07-02 12:00:00,134.02808
2014-07-02 13:00:00,138.79999
2014-07-02 14:00:00,145.34007
2014-07-02 15:00:00,154.1245
2014-07-02 16:00:00,170.29845
2014-07-02 17:00:00,182.59471
2014-07-02 18:00:00,189.82649
2014-07-02 19:00:00,206.73709
2014-07-02 1:00:00,120.668686
2014-07-02 20:00:00,195.82655
2014-07-02 21:00:00,147.6699
2014-07-02 22:00:00,178.14636
2014-07-02 23:00:00,180.22438
2014-07-02 2:00:00,122.32695
2014-07-02 3:00:00,114.8483
2014-07-02 4:00:00,153.86974
2014-07-02 5:00:00,104.895874
2014-07-02 6:00:00,109.59312
2014-07-02 7:00:00,103.638824
2014-07-02 8:00:00,111.13751
2014-07-02 9:00:00,121.205956
2014-07-03 0:00:00,191.98477
2014-07-03 10:00:00,165.29272
2014-07-03 11:00:00,173.049
2014-07-03 12:00:00,184.53612
2014-07-03 13:00:00,193.37816
2014-07-03 14:00:00,203.35945
2014-07-03 15:00:00,201.88564
2014-07-03 16:00:00,163.20305
2014-07-03 17:00:00,161.09373
2014-07-03 18:00:00,161.20267
2014-07-03 19:00:00,161.9127
2014-07-03 1:00:00,167.9084
2014-07-03 20:00:00,159.918
2014-07-03 21:00:00,172.5903
2014-07-03 22:00:00,173.82191
2014-07-03 23:00:00,156.43999
2014-07-03 2:00:00,164.23366
2014-07-03 3:00:00,158.94496
2014-07-03 4:00:00,156.22307
2014-07-03 5:00:00,159.62762
2014-07-03 6:00:00,172.04683
2014-07-03 7:00:00,176.51929
2014-07-03 8:00:00,170.9538
2014-07-03 9:00:00,174.49475
2014-07-04 0:00:00,169.7735
2014-07-04 10:00:00,48.77729
2014-07-04 11:00:00,44.34008
2014-07-04 12:00:00,72.31914
2014-07-04 13:00:00,61.589302
2014-07-04 14:00:00,67.41766
2014-07-04 15:00:00,84.11714
2014-07-04 16:00:00,88.53087
2014-07-04 17:00:00,91.14627
2014-07-04 18:00:00,90.29965
2014-07-04 19:00:00,83.7854
2014-07-04 1:00:00,177.44287
2014-07-04 20:00:00,75.87988
2014-07-04 21:00:00,70.110794
2014-07-04 22:00:00,71.71413
2014-07-04 23:00:00,87.463745
2014-07-04 2:00:00,142.78859
2014-07-04 3:00:00,102.18711
2014-07-04 4:00:00,90.5928
2014-07-04 5:00:00,82.62933
2014-07-04 6:00:00,73.38669
2014-07-04 7:00:00,63.297318
2014-07-04 8:00:00,54.73137
2014-07-04 9:00:00,48.531727
2014-07-05 0:00:00,79.950874
2014-07-05 10:00:00,165.91824
2014-07-05 11:00:00,137.64854
2014-07-05 12:00:00,132.28267
2014-07-05 13:00:00,126.03728
2014-07-05 14:00:00,117.556915
2014-07-05 15:00:00,118.29423
2014-07-05 16:00:00,122.26443
2014-07-05 17:00:00,135.51247
2014-07-05 18:00:00,140.74525
2014-07-05 19:00:00,142.12206
2014-07-05 1:00:00,87.92402
2014-07-05 20:00:00,143.0949
2014-07-05 21:00:00,139.0995
2014-07-05 22:00:00,138.8332
2014-07-05 23:00:00,146.59871
2014-07-05 2:00:00,100.90346
2014-07-05 3:00:00,111.44155
2014-07-05 4:00:00,126.51962
2014-07-05 5:00:00,133.92218
2014-07-05 6:00:00,150.63307
2014-07-05 7:00:00,152.74997
2014-07-05 8:00:00,158.1149
2014-07-05 9:00:00,179.99501
2014-07-06 0:00:00,147.43237
2014-07-06 10:00:00,121.7453
2014-07-06 11:00:00,124.0116
2014-07-06 12:00:00,128.78645
2014-07-06 13:00:00,127.25777
2014-07-06 14:00:00,132.88237
2014-07-06 15:00:00,137.39375
2014-07-06 16:00:00,127.79193
2014-07-06 17:00:00,128.70325
2014-07-06 18:00:00,127.929955
2014-07-06 19:00:00,128.17075
2014-07-06 1:00:00,144.06447
2014-07-06 20:00:00,128.46582
2014-07-06 21:00:00,129.05121
2014-07-06 22:00:00,131.14915
2014-07-06 23:00:00,136.39104
2014-07-06 2:00:00,143.45274
2014-07-06 3:00:00,139.60896
2014-07-06 4:00:00,126.447235
2014-07-06 5:00:00,123.16455
2014-07-06 6:00:00,126.362526
2014-07-06 7:00:00,125.34033
2014-07-06 8:00:00,122.27147
2014-07-06 9:00:00,122.92427
2014-07-07 0:00:00,174.49586
2014-07-07 10:00:00,138.77657
2014-07-07 11:00:00,144.31995
2014-07-07 12:00:00,149.38197
2014-07-07 13:00:00,155.4305
2014-07-07 14:00:00,152.27184
2014-07-07 15:00:00,152.85252
2014-07-07 16:00:00,155.13933
2014-07-07 17:00:00,155.09657
2014-07-07 18:00:00,153.07373
2014-07-07 19:00:00,152.71428
2014-07-07 1:00:00,174.68791
2014-07-07 20:00:00,149.50066
2014-07-07 21:00:00,149.3408
2014-07-07 22:00:00,151.63972
2014-07-07 23:00:00,155.3925
2014-07-07 2:00:00,174.14818
2014-07-07 3:00:00,127.6482
2014-07-07 4:00:00,125.021835
2014-07-07 5:00:00,136.3329
2014-07-07 6:00:00,140.72914
2014-07-07 7:00:00,144.71774
2014-07-07 8:00:00,142.20102
2014-07-07 9:00:00,140.33202
2014-07-08 0:00:00,167.0257
2014-07-08 10:00:00,78.944725
2014-07-08 11:00:00,68.100876
2014-07-08 12:00:00,52.202263
2014-07-08 13:00:00,44.1586
2014-07-08 14:00:00,34.153378
2014-07-08 15:00:00,32.45485
2014-07-08 16:00:00,30.755077
2014-07-08 17:00:00,30.714424
2014-07-08 18:00:00,36.337692
2014-07-08 19:00:00,38.707634
2014-07-08 1:00:00,184.17389
2014-07-08 20:00:00,45.484745
2014-07-08 21:00:00,58.8951
2014-07-08 22:00:00,69.96512
2014-07-08 23:00:00,80.82008
2014-07-08 2:00:00,153.94841
2014-07-08 3:00:00,152.13618
2014-07-08 4:00:00,143.56984
2014-07-08 5:00:00,147.16054
2014-07-08 6:00:00,118.95462
2014-07-08 7:00:00,116.59363
2014-07-08 8:00:00,103.276276
2014-07-08 9:00:00,91.960815
2014-07-09 0:00:00,87.170425
2014-07-09 10:00:00,29.51043
2014-07-09 11:00:00,31.06599
2014-07-09 12:00:00,29.954544
2014-07-09 13:00:00,29.850937
2014-07-09 14:00:00,30.75476
2014-07-09 15:00:00,33.6961
2014-07-09 16:00:00,38.166786
2014-07-09 17:00:00,62.01346
2014-07-09 18:00:00,75.4305
2014-07-09 19:00:00,76.75505
2014-07-09 1:00:00,50.2347
2014-07-09 20:00:00,66.26043
2014-07-09 21:00:00,50.868538
2014-07-09 22:00:00,49.008305
2014-07-09 23:00:00,31.867775
2014-07-09 2:00:00,34.730293
2014-07-09 3:00:00,31.48899
2014-07-09 4:00:00,30.311607
2014-07-09 5:00:00,30.234135
2014-07-09 6:00:00,30.185207
2014-07-09 7:00:00,31.40886
2014-07-09 8:00:00,34.656067
2014-07-09 9:00:00,37.919174
2014-07-10 0:00:00,31.052547
2014-07-10 10:00:00,47.30169
2014-07-10 11:00:00,55.89401
2014-07-10 12:00:00,54.525066
2014-07-10 13:00:00,65.97707
2014-07-10 14:00:00,85.53987
2014-07-10 15:00:00,90.55351
2014-07-10 16:00:00,85.58773
2014-07-10 17:00:00,92.75137
2014-07-10 18:00:00,91.889435
2014-07-10 19:00:00,88.66231
2014-07-10 1:00:00,34.120308
2014-07-10 20:00:00,86.985405
2014-07-10 21:00:00,79.62923
2014-07-10 22:00:00,72.85357
2014-07-10 23:00:00,75.501236
2014-07-10 2:00:00,39.66449
2014-07-10 3:00:00,57.62602
2014-07-10 4:00:00,48.915993
2014-07-10 5:00:00,41.59993
2014-07-10 6:00:00,53.013763
2014-07-10 7:00:00,50.49464
2014-07-10 8:00:00,47.589134
2014-07-10 9:00:00,49.001823
2014-07-11 0:00:00,74.79866
2014-07-11 10:00:00,83.05698
2014-07-11 11:00:00,111.29083
2014-07-11 12:00:00,109.380135
2014-07-11 13:00:00,100.22842
2014-07-11 14:00:00,87.44951
2014-07-11 15:00:00,46.274532
2014-07-11 16:00:00,34.130028
2014-07-11 17:00:00,42.521496
2014-07-11 18:00:00,47.322113
2014-07-11 19:00:00,57.89261
2014-07-11 1:00:00,88.36216
2014-07-11 20:00:00,73.0318
2014-07-11 21:00:00,90.351234
2014-07-11 22:00:00,96.84561
2014-07-11 23:00:00,95.996864
2014-07-11 2:00:00,91.55124
2014-07-11 3:00:00,111.59682
2014-07-11 4:00:00,121.23708
2014-07-11 5:00:00,94.6964
2014-07-11 6:00:00,91.70749
2014-07-11 7:00:00,84.1396
2014-07-11 8:00:00,79.17899
2014-07-11 9:00:00,75.47992
2014-07-12 0:00:00,69.81059
2014-07-12 10:00:00,31.770134
2014-07-12 11:00:00,30.930935
2014-07-12 12:00:00,34.16034
2014-07-12 13:00:00,32.172886
2014-07-12 14:00:00,36.165375
2014-07-12 15:00:00,41.056374
2014-07-12 16:00:00,76.417145
2014-07-12 17:00:00,93.655136
2014-07-12 18:00:00,89.8592
2014-07-12 19:00:00,72.31914
2014-07-12 1:00:00,86.01175
2014-07-12 20:00:00,71.942276
2014-07-12 21:00:00,81.97293
2014-07-12 22:00:00,85.20041
2014-07-12 23:00:00,94.49971
2014-07-12 2:00:00,78.27879
2014-07-12 3:00:00,51.112865
2014-07-12 4:00:00,63.820187
2014-07-12 5:00:00,47.10054
2014-07-12 6:00:00,45.98307
2014-07-12 7:00:00,43.18953
2014-07-12 8:00:00,39.93707
2014-07-12 9:00:00,31.472435
2014-07-13 0:00:00,106.175385
2014-07-13 10:00:00,33.229614
2014-07-13 11:00:00,32.024483
2014-07-13 12:00:00,32.07167
2014-07-13 13:00:00,73.51559
2014-07-13 14:00:00,70.949646
2014-07-13 15:00:00,82.546715
2014-07-13 16:00:00,62.092384
2014-07-13 17:00:00,37.223503
2014-07-13 18:00:00,44.825455
2014-07-13 19:00:00,55.495724
2014-07-13 1:00:00,82.91587
2014-07-13 20:00:00,59.724464
2014-07-13 21:00:00,93.40907
2014-07-13 22:00:00,81.8893
2014-07-13 23:00:00,78.01044
2014-07-13 2:00:00,82.6951
2014-07-13 3:00:00,83.830154
2014-07-13 4:00:00,69.45667
2014-07-13 5:00:00,61.267586
2014-07-13 6:00:00,74.674545
2014-07-13 7:00:00,58.849873
2014-07-13 8:00:00,44.156223
2014-07-13 9:00:00,36.07227
2014-07-14 0:00:00,49.119167
2014-07-14 10:00:00,35.163628
2014-07-14 11:00:00,48.51377
2014-07-14 12:00:00,49.85327
2014-07-14 13:00:00,55.828995
2014-07-14 14:00:00,61.627296
2014-07-14 15:00:00,76.88323
2014-07-14 16:00:00,83.911415
2014-07-14 17:00:00,95.38696
2014-07-14 18:00:00,92.24182
2014-07-14 19:00:00,78.71038
2014-07-14 1:00:00,62.87443
2014-07-14 20:00:00,88.50487
2014-07-14 21:00:00,72.6364
2014-07-14 22:00:00,54.677303
2014-07-14 23:00:00,51.666412
2014-07-14 2:00:00,69.09991
2014-07-14 3:00:00,64.78824
2014-07-14 4:00:00,57.481476
2014-07-14 5:00:00,62.507675
2014-07-14 6:00:00,66.29852
2014-07-14 7:00:00,62.344498
2014-07-14 8:00:00,44.130585
2014-07-14 9:00:00,36.523575
2014-07-15 0:00:00,73.55597
2014-07-15 10:00:00,105.04157
2014-07-15 11:00:00,112.89499
2014-07-15 12:00:00,116.46782
2014-07-15 13:00:00,120.196945
2014-07-15 14:00:00,122.181366
2014-07-15 15:00:00,121.60726
2014-07-15 16:00:00,123.48053
2014-07-15 17:00:00,122.1232
2014-07-15 18:00:00,119.40381
2014-07-15 19:00:00,102.75726
2014-07-15 1:00:00,75.6897
2014-07-15 20:00:00,109.27617
2014-07-15 21:00:00,114.27591
2014-07-15 22:00:00,124.96093
2014-07-15 23:00:00,126.111305
2014-07-15 2:00:00,82.651764
2014-07-15 3:00:00,86.30447
2014-07-15 4:00:00,93.5269
2014-07-15 5:00:00,95.890884
2014-07-15 6:00:00,100.55821
2014-07-15 7:00:00,106.08754
2014-07-15 8:00:00,87.33347
2014-07-15 9:00:00,85.70949
2014-07-16 0:00:00,129.4585
2014-07-16 10:00:00,151.88203
2014-07-16 11:00:00,158.41069
2014-07-16 12:00:00,153.22427
2014-07-16 13:00:00,154.56412
2014-07-16 14:00:00,109.45155
2014-07-16 15:00:00,127.44958
2014-07-16 16:00:00,110.43902
2014-07-16 17:00:00,107.332504
2014-07-16 18:00:00,106.00399
2014-07-16 19:00:00,106.2092
2014-07-16 1:00:00,142.29503
2014-07-16 20:00:00,110.02861
2014-07-16 21:00:00,104.58953
2014-07-16 22:00:00,137.5772
2014-07-16 23:00:00,90.806854
2014-07-16 2:00:00,156.66603
2014-07-16 3:00:00,162.32053
2014-07-16 4:00:00,161.24974
2014-07-16 5:00:00,159.53246
2014-07-16 6:00:00,147.93477
2014-07-16 7:00:00,148.3482
2014-07-16 8:00:00,158.6655
2014-07-16 9:00:00,152.52388
2014-07-17 0:00:00,109.31087
2014-07-17 10:00:00,145.87682
2014-07-17 11:00:00,118.03263
2014-07-17 12:00:00,105.53273
2014-07-17 13:00:00,109.29295
2014-07-17 14:00:00,111.53376
2014-07-17 15:00:00,112.861824
2014-07-17 16:00:00,117.32145
2014-07-17 17:00:00,130.06734
2014-07-17 18:00:00,138.99327
2014-07-17 19:00:00,139.37273
2014-07-17 1:00:00,106.72865
2014-07-17 20:00:00,151.26514
2014-07-17 21:00:00,137.3184
2014-07-17 22:00:00,140.81462
2014-07-17 23:00:00,158.7737
2014-07-17 2:00:00,124.934586
2014-07-17 3:00:00,108.38363
2014-07-17 4:00:00,130.4525
2014-07-17 5:00:00,144.97528
2014-07-17 6:00:00,154.00996
2014-07-17 7:00:00,156.58757
2014-07-17 8:00:00,168.5926
2014-07-17 9:00:00,152.18361
2014-07-18 0:00:00,152.7957
2014-07-18 10:00:00,119.82588
2014-07-18 11:00:00,115.71166
2014-07-18 12:00:00,125.92976
2014-07-18 13:00:00,137.72261
2014-07-18 14:00:00,153.34483
2014-07-18 15:00:00,162.81642
2014-07-18 16:00:00,160.14699
2014-07-18 17:00:00,144.41179
2014-07-18 18:00:00,135.29176
2014-07-18 19:00:00,133.38397
2014-07-18 1:00:00,159.16713
2014-07-18 20:00:00,123.1294
2014-07-18 21:00:00,143.73772
2014-07-18 22:00:00,156.25133
2014-07-18 23:00:00,162.12721
2014-07-18 2:00:00,161.97025
2014-07-18 3:00:00,164.39166
2014-07-18 4:00:00,160.89296
2014-07-18 5:00:00,161.97792
2014-07-18 6:00:00,149.23743
2014-07-18 7:00:00,137.01942
2014-07-18 8:00:00,127.76653
2014-07-18 9:00:00,129.7085
2014-07-19 0:00:00,164.4692
2014-07-19 10:00:00,157.86745
2014-07-19 11:00:00,163.4287
2014-07-19 12:00:00,154.67003
2014-07-19 13:00:00,145.33545
2014-07-19 14:00:00,151.67497
2014-07-19 15:00:00,152.10316
2014-07-19 16:00:00,147.44868
2014-07-19 17:00:00,138.04851
2014-07-19 18:00:00,124.31349
2014-07-19 19:00:00,124.95499
2014-07-19 1:00:00,158.57103
2014-07-19 20:00:00,126.173676
2014-07-19 21:00:00,120.88767
2014-07-19 22:00:00,121.11015
2014-07-19 23:00:00,121.275795
2014-07-19 2:00:00,150.38077
2014-07-19 3:00:00,151.88087
2014-07-19 4:00:00,149.3138
2014-07-19 5:00:00,138.72188
2014-07-19 6:00:00,142.07979
2014-07-19 7:00:00,151.73317
2014-07-19 8:00:00,155.01155
2014-07-19 9:00:00,150.46257
2014-07-20 0:00:00,121.39623
2014-07-20 10:00:00,146.80229
2014-07-20 11:00:00,135.42706
2014-07-20 12:00:00,132.3734
2014-07-20 13:00:00,128.2836
2014-07-20 14:00:00,126.216286
2014-07-20 15:00:00,125.50606
2014-07-20 16:00:00,125.60428
2014-07-20 17:00:00,124.79608
2014-07-20 18:00:00,124.253204
2014-07-20 19:00:00,125.554306
2014-07-20 1:00:00,129.34183
2014-07-20 20:00:00,126.76802
2014-07-20 21:00:00,132.03658
2014-07-20 22:00:00,131.92036
2014-07-20 23:00:00,136.79228
2014-07-20 2:00:00,147.62628
2014-07-20 3:00:00,151.63393
2014-07-20 4:00:00,153.54916
2014-07-20 5:00:00,150.90752
2014-07-20 6:00:00,154.19807
2014-07-20 7:00:00,154.96342
2014-07-20 8:00:00,153.90948
2014-07-20 9:00:00,151.50148
2014-07-21 0:00:00,140.92448
2014-07-21 10:00:00,49.888374
2014-07-21 11:00:00,45.365067
2014-07-21 12:00:00,39.74599
2014-07-21 13:00:00,35.92708
2014-07-21 14:00:00,34.087585
2014-07-21 15:00:00,32.55705
2014-07-21 16:00:00,31.207012
2014-07-21 17:00:00,33.012115
2014-07-21 18:00:00,32.563343
2014-07-21 19:00:00,32.509636
2014-07-21 1:00:00,137.98006
2014-07-21 20:00:00,32.399708
2014-07-21 21:00:00,31.270515
2014-07-21 22:00:00,29.644974
2014-07-21 23:00:00,29.150372
2014-07-21 2:00:00,139.83965
2014-07-21 3:00:00,150.25598
2014-07-21 4:00:00,177.88225
2014-07-21 5:00:00,175.73662
2014-07-21 6:00:00,91.270195
2014-07-21 7:00:00,66.13046
2014-07-21 8:00:00,62.93209
2014-07-21 9:00:00,54.93096
2014-07-22 0:00:00,28.985992
2014-07-22 10:00:00,29.139103
2014-07-22 11:00:00,29.905624
2014-07-22 12:00:00,29.696568
2014-07-22 13:00:00,28.40924
2014-07-22 14:00:00,28.206913
2014-07-22 15:00:00,28.206703
2014-07-22 16:00:00,28.361416
2014-07-22 17:00:00,28.234283
2014-07-22 18:00:00,28.377792
2014-07-22 19:00:00,30.173233
2014-07-22 1:00:00,28.894196
2014-07-22 20:00:00,30.613644
2014-07-22 21:00:00,30.251827
2014-07-22 22:00:00,29.531662
2014-07-22 23:00:00,29.129196
2014-07-22 2:00:00,28.855202
2014-07-22 3:00:00,30.261936
2014-07-22 4:00:00,28.814869
2014-07-22 5:00:00,28.554382
2014-07-22 6:00:00,28.404976
2014-07-22 7:00:00,28.291458
2014-07-22 8:00:00,28.245857
2014-07-22 9:00:00,28.155075
2014-07-23 0:00:00,28.795147
2014-07-23 10:00:00,29.921204
2014-07-23 11:00:00,31.036022
2014-07-23 12:00:00,29.849941
2014-07-23 13:00:00,33.7903
2014-07-23 14:00:00,35.42779
2014-07-23 15:00:00,30.4295
2014-07-23 16:00:00,29.729137
2014-07-23 17:00:00,29.361973
2014-07-23 18:00:00,30.234646
2014-07-23 19:00:00,36.451996
2014-07-23 1:00:00,28.655743
2014-07-23 20:00:00,41.43072
2014-07-23 21:00:00,55.467022
2014-07-23 22:00:00,72.32949
2014-07-23 23:00:00,83.107315
2014-07-23 2:00:00,28.689781
2014-07-23 3:00:00,28.995132
2014-07-23 4:00:00,31.637367
2014-07-23 5:00:00,32.001144
2014-07-23 6:00:00,35.025017
2014-07-23 7:00:00,31.306995
2014-07-23 8:00:00,36.567104
2014-07-23 9:00:00,32.55744
2014-07-24 0:00:00,82.25972
2014-07-24 10:00:00,102.006516
2014-07-24 11:00:00,109.13444
2014-07-24 12:00:00,101.7164
2014-07-24 13:00:00,86.907005
2014-07-24 14:00:00,93.56399
2014-07-24 15:00:00,91.736465
2014-07-24 16:00:00,89.99506
2014-07-24 17:00:00,98.0215
2014-07-24 18:00:00,105.29221
2014-07-24 19:00:00,105.06806
2014-07-24 1:00:00,86.05655
2014-07-24 20:00:00,105.89246
2014-07-24 21:00:00,104.8016
2014-07-24 22:00:00,122.05376
2014-07-24 23:00:00,98.15216
2014-07-24 2:00:00,95.714294
2014-07-24 3:00:00,111.292465
2014-07-24 4:00:00,109.69675
2014-07-24 5:00:00,83.32185
2014-07-24 6:00:00,77.98453
2014-07-24 7:00:00,83.85834
2014-07-24 8:00:00,90.42249
2014-07-24 9:00:00,92.79527
2014-07-25 0:00:00,89.16252
2014-07-25 10:00:00,56.68683
2014-07-25 11:00:00,33.31272
2014-07-25 12:00:00,53.766422
2014-07-25 13:00:00,62.91387
2014-07-25 14:00:00,76.7054
2014-07-25 15:00:00,89.213776
2014-07-25 16:00:00,89.13162
2014-07-25 17:00:00,89.0934
2014-07-25 18:00:00,90.390785
2014-07-25 19:00:00,87.891495
2014-07-25 1:00:00,98.487144
2014-07-25 20:00:00,82.594986
2014-07-25 21:00:00,76.45788
2014-07-25 22:00:00,77.36606
2014-07-25 23:00:00,81.62215
2014-07-25 2:00:00,98.07612
2014-07-25 3:00:00,64.71464
2014-07-25 4:00:00,88.33525
2014-07-25 5:00:00,77.94533
2014-07-25 6:00:00,73.1472
2014-07-25 7:00:00,73.01514
2014-07-25 8:00:00,62.546207
2014-07-25 9:00:00,61.49749
2014-07-26 0:00:00,89.383575
2014-07-26 10:00:00,145.61119
2014-07-26 11:00:00,150.40352
2014-07-26 12:00:00,139.34856
2014-07-26 13:00:00,137.4824
2014-07-26 14:00:00,122.55653
2014-07-26 15:00:00,110.218475
2014-07-26 16:00:00,101.479805
2014-07-26 17:00:00,104.28656
2014-07-26 18:00:00,106.45398
2014-07-26 19:00:00,109.17616
2014-07-26 1:00:00,83.98823
2014-07-26 20:00:00,108.40955
2014-07-26 21:00:00,110.78174
2014-07-26 22:00:00,111.92231
2014-07-26 23:00:00,109.06202
2014-07-26 2:00:00,92.020706
2014-07-26 3:00:00,111.62649
2014-07-26 4:00:00,117.73151
2014-07-26 5:00:00,114.96057
2014-07-26 6:00:00,108.82477
2014-07-26 7:00:00,129.63458
2014-07-26 8:00:00,137.46321
2014-07-26 9:00:00,139.10527
2014-07-27 0:00:00,111.20645
2014-07-27 10:00:00,137.97043
2014-07-27 11:00:00,135.37587
2014-07-27 12:00:00,129.51765
2014-07-27 13:00:00,119.349556
2014-07-27 14:00:00,110.23454
2014-07-27 15:00:00,111.8468
2014-07-27 16:00:00,113.876526
2014-07-27 17:00:00,113.10525
2014-07-27 18:00:00,115.1741
2014-07-27 19:00:00,116.06879
2014-07-27 1:00:00,119.497215
2014-07-27 20:00:00,117.275955
2014-07-27 21:00:00,119.84922
2014-07-27 22:00:00,121.20445
2014-07-27 23:00:00,122.36029
2014-07-27 2:00:00,115.96005
2014-07-27 3:00:00,116.65614
2014-07-27 4:00:00,116.76073
2014-07-27 5:00:00,119.11245
2014-07-27 6:00:00,131.77495
2014-07-27 7:00:00,128.86198
2014-07-27 8:00:00,139.87181
2014-07-27 9:00:00,132.33615
2014-07-28 0:00:00,125.58584
2014-07-28 10:00:00,134.32689
2014-07-28 11:00:00,136.36864
2014-07-28 12:00:00,145.57027
2014-07-28 13:00:00,140.25002
2014-07-28 14:00:00,120.21459
2014-07-28 15:00:00,117.09044
2014-07-28 16:00:00,119.264145
2014-07-28 17:00:00,120.939606
2014-07-28 18:00:00,121.43168
2014-07-28 19:00:00,123.254395
2014-07-28 1:00:00,128.51924
2014-07-28 20:00:00,123.07112
2014-07-28 21:00:00,124.33597
2014-07-28 22:00:00,128.14677
2014-07-28 23:00:00,129.91853
2014-07-28 2:00:00,133.51411
2014-07-28 3:00:00,135.99565
2014-07-28 4:00:00,136.17133
2014-07-28 5:00:00,143.15846
2014-07-28 6:00:00,141.31824
2014-07-28 7:00:00,143.64412
2014-07-28 8:00:00,140.58813
2014-07-28 9:00:00,142.41512
2014-07-29 0:00:00,134.59224
2014-07-29 10:00:00,179.18755
2014-07-29 11:00:00,172.06493
2014-07-29 12:00:00,164.9705
2014-07-29 13:00:00,162.45448
2014-07-29 14:00:00,160.10173
2014-07-29 15:00:00,148.33116
2014-07-29 16:00:00,140.98277
2014-07-29 17:00:00,143.84113
2014-07-29 18:00:00,140.29774
2014-07-29 19:00:00,137.65752
2014-07-29 1:00:00,137.22499
2014-07-29 20:00:00,136.8267
2014-07-29 21:00:00,129.31741
2014-07-29 22:00:00,127.53415
2014-07-29 23:00:00,127.710884
2014-07-29 2:00:00,140.74084
2014-07-29 3:00:00,144.20287
2014-07-29 4:00:00,146.75392
2014-07-29 5:00:00,152.3413
2014-07-29 6:00:00,161.2134
2014-07-29 7:00:00,180.1107
2014-07-29 8:00:00,177.43996
2014-07-29 9:00:00,178.50827
2014-07-30 0:00:00,124.28334
2014-07-30 10:00:00,118.82327
2014-07-30 11:00:00,124.95031
2014-07-30 12:00:00,129.11896
2014-07-30 13:00:00,129.95267
2014-07-30 14:00:00,130.14616
2014-07-30 15:00:00,125.15343
2014-07-30 16:00:00,110.78888
2014-07-30 17:00:00,98.31859
2014-07-30 18:00:00,103.09248
2014-07-30 19:00:00,107.7247
2014-07-30 1:00:00,122.09357
2014-07-30 20:00:00,112.73359
2014-07-30 21:00:00,113.39808
2014-07-30 22:00:00,125.51152
2014-07-30 23:00:00,150.51167
2014-07-30 2:00:00,168.55428
2014-07-30 3:00:00,188.23347
2014-07-30 4:00:00,175.04654
2014-07-30 5:00:00,129.98473
2014-07-30 6:00:00,104.061035
2014-07-30 7:00:00,95.6686
2014-07-30 8:00:00,108.71363
2014-07-30 9:00:00,105.061676
2014-07-31 0:00:00,163.2631
2014-07-31 10:00:00,139.71764
2014-07-31 11:00:00,129.14331
2014-07-31 12:00:00,126.1772
2014-07-31 13:00:00,123.928665
2014-07-31 14:00:00,124.48501
2014-07-31 15:00:00,125.02247
2014-07-31 16:00:00,126.53021
2014-07-31 17:00:00,126.09004
2014-07-31 18:00:00,128.41246
2014-07-31 19:00:00,131.40448
2014-07-31 1:00:00,147.02406
2014-07-31 20:00:00,132.17793
2014-07-31 21:00:00,137.50618
2014-07-31 22:00:00,135.78754
2014-07-31 23:00:00,135.52467
2014-07-31 2:00:00,154.23184
2014-07-31 3:00:00,149.90268
2014-07-31 4:00:00,147.90718
2014-07-31 5:00:00,153.1361
2014-07-31 6:00:00,166.21341
2014-07-31 7:00:00,160.99515
2014-07-31 8:00:00,148.98488
2014-07-31 9:00:00,146.45242
2014-08-01 0:00:00,127.88136
2014-08-01 10:00:00,121.32091
2014-08-01 11:00:00,121.4772
2014-08-01 12:00:00,124.6399
2014-08-01 13:00:00,128.97652
2014-08-01 14:00:00,139.80275
2014-08-01 15:00:00,144.21849
2014-08-01 16:00:00,142.7681
2014-08-01 17:00:00,139.03868
2014-08-01 18:00:00,134.03467
2014-08-01 19:00:00,129.82684
2014-08-01 1:00:00,124.8308
2014-08-01 20:00:00,127.09224
2014-08-01 21:00:00,133.41237
2014-08-01 22:00:00,142.41508
2014-08-01 23:00:00,161.01776
2014-08-01 2:00:00,124.56379
2014-08-01 3:00:00,131.63173
2014-08-01 4:00:00,143.102
2014-08-01 5:00:00,145.28456
2014-08-01 6:00:00,99.557495
2014-08-01 7:00:00,116.038635
2014-08-01 8:00:00,114.69624
2014-08-01 9:00:00,118.57783
2014-08-02 0:00:00,164.16936
2014-08-02 10:00:00,160.44347
2014-08-02 11:00:00,165.61794
2014-08-02 12:00:00,161.49504
2014-08-02 13:00:00,153.92738
2014-08-02 14:00:00,153.00175
2014-08-02 15:00:00,157.65811
2014-08-02 16:00:00,162.2143
2014-08-02 17:00:00,166.92438
2014-08-02 18:00:00,167.03848
2014-08-02 19:00:00,165.76003
2014-08-02 1:00:00,174.92204
2014-08-02 20:00:00,182.1577
2014-08-02 21:00:00,169.17735
2014-08-02 22:00:00,165.17238
2014-08-02 23:00:00,165.67224
2014-08-02 2:00:00,160.49646
2014-08-02 3:00:00,154.14235
2014-08-02 4:00:00,151.4363
2014-08-02 5:00:00,144.16518
2014-08-02 6:00:00,147.20561
2014-08-02 7:00:00,156.34265
2014-08-02 8:00:00,160.87968
2014-08-02 9:00:00,157.1364
2014-08-03 0:00:00,168.33769
2014-08-03 10:00:00,186.80002
2014-08-03 11:00:00,145.58333
2014-08-03 12:00:00,167.05632
2014-08-03 13:00:00,169.54945
2014-08-03 14:00:00,101.95192
2014-08-03 15:00:00,77.65465
2014-08-03 16:00:00,66.16438
2014-08-03 17:00:00,67.01793
2014-08-03 18:00:00,82.5172
2014-08-03 19:00:00,92.34435
2014-08-03 1:00:00,181.64622
2014-08-03 20:00:00,103.69435
2014-08-03 21:00:00,89.48143
2014-08-03 22:00:00,96.145294
2014-08-03 23:00:00,109.29683
2014-08-03 2:00:00,183.9373
2014-08-03 3:00:00,196.27904
2014-08-03 4:00:00,205.27733
2014-08-03 5:00:00,192.88252
2014-08-03 6:00:00,178.3975
2014-08-03 7:00:00,194.4334
2014-08-03 8:00:00,217.41196
2014-08-03 9:00:00,164.4155
2014-08-04 0:00:00,116.907135
2014-08-04 10:00:00,55.36651
2014-08-04 11:00:00,43.01868
2014-08-04 12:00:00,35.939945
2014-08-04 13:00:00,30.913925
2014-08-04 14:00:00,32.659756
2014-08-04 15:00:00,30.640553
2014-08-04 16:00:00,31.449158
2014-08-04 17:00:00,30.146828
2014-08-04 18:00:00,28.615128
2014-08-04 19:00:00,31.612354
2014-08-04 1:00:00,127.75411
2014-08-04 20:00:00,31.140495
2014-08-04 21:00:00,29.306274
2014-08-04 22:00:00,29.093159
2014-08-04 23:00:00,28.930767
2014-08-04 2:00:00,141.1237
2014-08-04 3:00:00,125.73488
2014-08-04 4:00:00,90.36659
2014-08-04 5:00:00,67.50403
2014-08-04 6:00:00,83.606094
2014-08-04 7:00:00,69.150085
2014-08-04 8:00:00,68.206276
2014-08-04 9:00:00,71.971115
2014-08-05 0:00:00,29.045006
2014-08-05 10:00:00,29.478043
2014-08-05 11:00:00,30.057655
2014-08-05 12:00:00,30.991123
2014-08-05 13:00:00,38.49875
2014-08-05 14:00:00,38.67167
2014-08-05 15:00:00,42.445194
2014-08-05 16:00:00,61.150818
2014-08-05 17:00:00,67.45299
2014-08-05 18:00:00,69.6854
2014-08-05 19:00:00,76.70763
2014-08-05 1:00:00,29.661419
2014-08-05 20:00:00,77.1307
2014-08-05 21:00:00,79.14339
2014-08-05 22:00:00,81.62825
2014-08-05 23:00:00,93.633255
2014-08-05 2:00:00,30.635105
2014-08-05 3:00:00,30.092121
2014-08-05 4:00:00,29.007927
2014-08-05 5:00:00,28.847008
2014-08-05 6:00:00,28.68489
2014-08-05 7:00:00,28.619633
2014-08-05 8:00:00,28.556828
2014-08-05 9:00:00,28.551346
2014-08-06 0:00:00,105.85997
2014-08-06 10:00:00,54.684856
2014-08-06 11:00:00,35.61377
2014-08-06 12:00:00,35.100346
2014-08-06 13:00:00,34.51942
2014-08-06 14:00:00,33.39768
2014-08-06 15:00:00,32.54372
2014-08-06 16:00:00,36.49467
2014-08-06 17:00:00,49.51935
2014-08-06 18:00:00,56.577244
2014-08-06 19:00:00,81.7836
2014-08-06 1:00:00,114.27109
2014-08-06 20:00:00,83.75749
2014-08-06 21:00:00,84.456604
2014-08-06 22:00:00,82.91928
2014-08-06 23:00:00,80.369
2014-08-06 2:00:00,120.67943
2014-08-06 3:00:00,99.86116
2014-08-06 4:00:00,96.433624
2014-08-06 5:00:00,88.115364
2014-08-06 6:00:00,81.71982
2014-08-06 7:00:00,73.207214
2014-08-06 8:00:00,65.143234
2014-08-06 9:00:00,60.49064
2014-08-07 0:00:00,82.568886
2014-08-07 10:00:00,60.16265
2014-08-07 11:00:00,73.168045
2014-08-07 12:00:00,75.85478
2014-08-07 13:00:00,82.67196
2014-08-07 14:00:00,94.0963
2014-08-07 15:00:00,112.08339
2014-08-07 16:00:00,114.49411
2014-08-07 17:00:00,109.47431
2014-08-07 18:00:00,88.86255
2014-08-07 19:00:00,90.14119
2014-08-07 1:00:00,83.88943
2014-08-07 20:00:00,90.722984
2014-08-07 21:00:00,91.33644
2014-08-07 22:00:00,96.81987
2014-08-07 23:00:00,94.82494
2014-08-07 2:00:00,89.04544
2014-08-07 3:00:00,97.053764
2014-08-07 4:00:00,101.453125
2014-08-07 5:00:00,86.923004
2014-08-07 6:00:00,81.494354
2014-08-07 7:00:00,79.0381
2014-08-07 8:00:00,75.56611
2014-08-07 9:00:00,73.90323
2014-08-08 0:00:00,96.00253
2014-08-08 10:00:00,150.91043
2014-08-08 11:00:00,150.33742
2014-08-08 12:00:00,125.29849
2014-08-08 13:00:00,118.5085
2014-08-08 14:00:00,111.39194
2014-08-08 15:00:00,106.76627
2014-08-08 16:00:00,104.464485
2014-08-08 17:00:00,103.57905
2014-08-08 18:00:00,104.50571
2014-08-08 19:00:00,108.17989
2014-08-08 1:00:00,110.9929
2014-08-08 20:00:00,110.595795
2014-08-08 21:00:00,115.690674
2014-08-08 22:00:00,117.94273
2014-08-08 23:00:00,126.09654
2014-08-08 2:00:00,114.262314
2014-08-08 3:00:00,112.27646
2014-08-08 4:00:00,129.35841
2014-08-08 5:00:00,125.8492
2014-08-08 6:00:00,131.46465
2014-08-08 7:00:00,130.44041
2014-08-08 8:00:00,130.45723
2014-08-08 9:00:00,139.14421
2014-08-09 0:00:00,126.880615
2014-08-09 10:00:00,140.68394
2014-08-09 11:00:00,142.7963
2014-08-09 12:00:00,150.26163
2014-08-09 13:00:00,147.67543
2014-08-09 14:00:00,128.64963
2014-08-09 15:00:00,122.65616
2014-08-09 16:00:00,120.06553
2014-08-09 17:00:00,116.455444
2014-08-09 18:00:00,117.99801
2014-08-09 19:00:00,117.17833
2014-08-09 1:00:00,127.53537
2014-08-09 20:00:00,117.10992
2014-08-09 21:00:00,117.37402
2014-08-09 22:00:00,90.68033
2014-08-09 23:00:00,106.77484
2014-08-09 2:00:00,131.88078
2014-08-09 3:00:00,135.8969
2014-08-09 4:00:00,132.75435
2014-08-09 5:00:00,135.3405
2014-08-09 6:00:00,143.84474
2014-08-09 7:00:00,151.48152
2014-08-09 8:00:00,147.66206
2014-08-09 9:00:00,146.34993
2014-08-10 0:00:00,100.446236
2014-08-10 10:00:00,82.6815
2014-08-10 11:00:00,90.78294
2014-08-10 12:00:00,73.80164
2014-08-10 13:00:00,87.98242
2014-08-10 14:00:00,83.00464
2014-08-10 15:00:00,91.01534
2014-08-10 16:00:00,94.36989
2014-08-10 17:00:00,94.63977
2014-08-10 18:00:00,94.0475
2014-08-10 19:00:00,94.06514
2014-08-10 1:00:00,80.52351
2014-08-10 20:00:00,90.09865
2014-08-10 21:00:00,80.01093
2014-08-10 22:00:00,92.66211
2014-08-10 23:00:00,86.92924
2014-08-10 2:00:00,78.03642
2014-08-10 3:00:00,98.2057
2014-08-10 4:00:00,82.507355
2014-08-10 5:00:00,72.890396
2014-08-10 6:00:00,71.88135
2014-08-10 7:00:00,71.299644
2014-08-10 8:00:00,76.3235
2014-08-10 9:00:00,85.67373
2014-08-11 0:00:00,78.23476
2014-08-11 10:00:00,31.59452
2014-08-11 11:00:00,31.880249
2014-08-11 12:00:00,30.35791
2014-08-11 13:00:00,31.60411
2014-08-11 14:00:00,31.466045
2014-08-11 15:00:00,36.451378
2014-08-11 16:00:00,46.895615
2014-08-11 17:00:00,57.093246
2014-08-11 18:00:00,69.5316
2014-08-11 19:00:00,76.15688
2014-08-11 1:00:00,63.376186
2014-08-11 20:00:00,63.89281
2014-08-11 21:00:00,36.088886
2014-08-11 22:00:00,40.592278
2014-08-11 23:00:00,59.822052
2014-08-11 2:00:00,70.57545
2014-08-11 3:00:00,66.93945
2014-08-11 4:00:00,61.045647
2014-08-11 5:00:00,55.034424
2014-08-11 6:00:00,56.390305
2014-08-11 7:00:00,55.604706
2014-08-11 8:00:00,48.515846
2014-08-11 9:00:00,31.630196
2014-08-12 0:00:00,60.837738
2014-08-12 10:00:00,57.2435
2014-08-12 11:00:00,60.592148
2014-08-12 12:00:00,87.13356
2014-08-12 13:00:00,90.50395
2014-08-12 14:00:00,125.5463
2014-08-12 15:00:00,126.36363
2014-08-12 16:00:00,105.56897
2014-08-12 17:00:00,84.63832
2014-08-12 18:00:00,82.86262
2014-08-12 19:00:00,90.27811
2014-08-12 1:00:00,61.776337
2014-08-12 20:00:00,116.30494
2014-08-12 21:00:00,133.43326
2014-08-12 22:00:00,85.388306
2014-08-12 23:00:00,77.95931
2014-08-12 2:00:00,57.86052
2014-08-12 3:00:00,54.07544
2014-08-12 4:00:00,57.84722
2014-08-12 5:00:00,45.850487
2014-08-12 6:00:00,51.3396
2014-08-12 7:00:00,53.522278
2014-08-12 8:00:00,41.603706
2014-08-12 9:00:00,40.89048
2014-08-13 0:00:00,89.103386
2014-08-13 10:00:00,154.86128
2014-08-13 11:00:00,97.181046
2014-08-13 12:00:00,90.627014
2014-08-13 13:00:00,80.82672
2014-08-13 14:00:00,82.739624
2014-08-13 15:00:00,77.872574
2014-08-13 16:00:00,72.042725
2014-08-13 17:00:00,73.39026
2014-08-13 18:00:00,63.952187
2014-08-13 19:00:00,75.59596
2014-08-13 1:00:00,96.21834
2014-08-13 20:00:00,80.24155
2014-08-13 21:00:00,84.15169
2014-08-13 22:00:00,88.61346
2014-08-13 23:00:00,88.62904
2014-08-13 2:00:00,98.275085
2014-08-13 3:00:00,106.95569
2014-08-13 4:00:00,98.20738
2014-08-13 5:00:00,121.603
2014-08-13 6:00:00,125.732025
2014-08-13 7:00:00,136.2171
2014-08-13 8:00:00,141.61867
2014-08-13 9:00:00,149.23616
2014-08-14 0:00:00,46.69513
2014-08-14 10:00:00,64.91253
2014-08-14 11:00:00,62.11065
2014-08-14 12:00:00,73.61648
2014-08-14 13:00:00,79.45931
2014-08-14 14:00:00,85.07495
2014-08-14 15:00:00,85.26605
2014-08-14 16:00:00,93.152695
2014-08-14 17:00:00,93.09388
2014-08-14 18:00:00,113.359695
2014-08-14 19:00:00,110.68895
2014-08-14 1:00:00,69.66681
2014-08-14 20:00:00,99.50896
2014-08-14 21:00:00,81.31812
2014-08-14 22:00:00,86.901085
2014-08-14 23:00:00,88.70239
2014-08-14 2:00:00,48.93038
2014-08-14 3:00:00,55.47545
2014-08-14 4:00:00,62.66613
2014-08-14 5:00:00,53.55567
2014-08-14 6:00:00,57.618225
2014-08-14 7:00:00,65.84014
2014-08-14 8:00:00,56.66627
2014-08-14 9:00:00,44.251225
2014-08-15 0:00:00,106.43882
2014-08-15 10:00:00,110.92928
2014-08-15 11:00:00,103.916626
2014-08-15 12:00:00,107.35957
2014-08-15 13:00:00,106.22603
2014-08-15 14:00:00,95.06435
2014-08-15 15:00:00,96.22047
2014-08-15 16:00:00,96.06288
2014-08-15 17:00:00,98.70765
2014-08-15 18:00:00,103.001816
2014-08-15 19:00:00,107.717026
2014-08-15 1:00:00,100.65025
2014-08-15 20:00:00,126.31058
2014-08-15 21:00:00,145.00517
2014-08-15 22:00:00,150.65417
2014-08-15 23:00:00,148.84941
2014-08-15 2:00:00,116.062294
2014-08-15 3:00:00,98.595375
2014-08-15 4:00:00,111.70265
2014-08-15 5:00:00,102.18242
2014-08-15 6:00:00,105.50187
2014-08-15 7:00:00,104.49135
2014-08-15 8:00:00,96.8088
2014-08-15 9:00:00,102.552155
2014-08-16 0:00:00,121.86562
2014-08-16 10:00:00,111.33708
2014-08-16 11:00:00,134.97191
2014-08-16 12:00:00,139.59328
2014-08-16 13:00:00,154.82655
2014-08-16 14:00:00,131.50041
2014-08-16 15:00:00,123.95877
2014-08-16 16:00:00,113.01013
2014-08-16 17:00:00,107.462524
2014-08-16 18:00:00,95.241486
2014-08-16 19:00:00,103.90939
2014-08-16 1:00:00,124.73607
2014-08-16 20:00:00,121.789154
2014-08-16 21:00:00,140.80003
2014-08-16 22:00:00,145.24431
2014-08-16 23:00:00,141.77974
2014-08-16 2:00:00,144.38657
2014-08-16 3:00:00,130.75185
2014-08-16 4:00:00,100.47244
2014-08-16 5:00:00,92.45208
2014-08-16 6:00:00,81.538086
2014-08-16 7:00:00,93.94095
2014-08-16 8:00:00,96.92332
2014-08-16 9:00:00,105.62814
2014-08-17 0:00:00,132.23312
2014-08-17 10:00:00,108.771225
2014-08-17 11:00:00,86.654434
2014-08-17 12:00:00,94.60662
2014-08-17 13:00:00,97.325424
2014-08-17 14:00:00,102.271866
2014-08-17 15:00:00,100.44436
2014-08-17 16:00:00,101.17793
2014-08-17 17:00:00,96.44293
2014-08-17 18:00:00,98.76418
2014-08-17 19:00:00,106.99736
2014-08-17 1:00:00,129.85625
2014-08-17 20:00:00,102.06103
2014-08-17 21:00:00,105.15819
2014-08-17 22:00:00,106.72556
2014-08-17 23:00:00,103.85161
2014-08-17 2:00:00,135.73921
2014-08-17 3:00:00,123.924644
2014-08-17 4:00:00,116.30099
2014-08-17 5:00:00,117.14522
2014-08-17 6:00:00,124.66054
2014-08-17 7:00:00,127.31729
2014-08-17 8:00:00,139.32166
2014-08-17 9:00:00,144.38676
2014-08-18 0:00:00,116.54666
2014-08-18 10:00:00,87.478966
2014-08-18 11:00:00,100.357475
2014-08-18 12:00:00,112.33319
2014-08-18 13:00:00,105.576996
2014-08-18 14:00:00,101.75695
2014-08-18 15:00:00,103.16994
2014-08-18 16:00:00,102.84975
2014-08-18 17:00:00,101.04697
2014-08-18 18:00:00,100.16518
2014-08-18 19:00:00,100.39886
2014-08-18 1:00:00,117.89122
2014-08-18 20:00:00,101.436066
2014-08-18 21:00:00,95.096985
2014-08-18 22:00:00,100.42446
2014-08-18 23:00:00,101.39212
2014-08-18 2:00:00,126.238106
2014-08-18 3:00:00,123.17811
2014-08-18 4:00:00,134.70425
2014-08-18 5:00:00,112.75928
2014-08-18 6:00:00,92.00914
2014-08-18 7:00:00,84.30294
2014-08-18 8:00:00,74.86131
2014-08-18 9:00:00,79.80079
2014-08-19 0:00:00,106.368546
2014-08-19 10:00:00,102.95325
2014-08-19 11:00:00,106.86635
2014-08-19 12:00:00,105.68973
2014-08-19 13:00:00,109.048096
2014-08-19 14:00:00,103.441986
2014-08-19 15:00:00,99.63071
2014-08-19 16:00:00,97.215775
2014-08-19 17:00:00,95.65812
2014-08-19 18:00:00,98.29146
2014-08-19 19:00:00,99.436844
2014-08-19 1:00:00,104.33859
2014-08-19 20:00:00,105.17234
2014-08-19 21:00:00,109.68653
2014-08-19 22:00:00,111.934456
2014-08-19 23:00:00,111.19425
2014-08-19 2:00:00,122.39113
2014-08-19 3:00:00,129.40149
2014-08-19 4:00:00,139.49352
2014-08-19 5:00:00,134.89713
2014-08-19 6:00:00,143.11119
2014-08-19 7:00:00,142.56294
2014-08-19 8:00:00,104.70372
2014-08-19 9:00:00,92.912796
2014-08-20 0:00:00,108.65094
2014-08-20 10:00:00,148.8488
2014-08-20 11:00:00,138.74644
2014-08-20 12:00:00,145.3138
2014-08-20 13:00:00,135.80385
2014-08-20 14:00:00,118.82416
2014-08-20 15:00:00,113.00003
2014-08-20 16:00:00,114.46042
2014-08-20 17:00:00,113.98921
2014-08-20 18:00:00,113.541885
2014-08-20 19:00:00,111.52106
2014-08-20 1:00:00,119.32646
2014-08-20 20:00:00,113.03232
2014-08-20 21:00:00,113.90054
2014-08-20 22:00:00,114.10705
2014-08-20 23:00:00,114.9801
2014-08-20 2:00:00,116.83107
2014-08-20 3:00:00,123.39542
2014-08-20 4:00:00,125.33609
2014-08-20 5:00:00,122.20659
2014-08-20 6:00:00,126.75992
2014-08-20 7:00:00,126.599045
2014-08-20 8:00:00,130.48293
2014-08-20 9:00:00,140.69783
2014-08-21 0:00:00,116.12469
2014-08-21 10:00:00,143.2595
2014-08-21 11:00:00,140.232
2014-08-21 12:00:00,144.15706
2014-08-21 13:00:00,141.37993
2014-08-21 14:00:00,135.06369
2014-08-21 15:00:00,120.600044
2014-08-21 16:00:00,112.344765
2014-08-21 17:00:00,112.14726
2014-08-21 18:00:00,114.139145
2014-08-21 19:00:00,116.05779
2014-08-21 1:00:00,117.981636
2014-08-21 20:00:00,113.80475
2014-08-21 21:00:00,119.09503
2014-08-21 22:00:00,116.77937
2014-08-21 23:00:00,87.51872
2014-08-21 2:00:00,123.63763
2014-08-21 3:00:00,137.52547
2014-08-21 4:00:00,147.36624
2014-08-21 5:00:00,141.03474
2014-08-21 6:00:00,147.92891
2014-08-21 7:00:00,151.01793
2014-08-21 8:00:00,147.65944
2014-08-21 9:00:00,144.71956
2014-08-22 0:00:00,75.11051
2014-08-22 10:00:00,74.604
2014-08-22 11:00:00,86.92861
2014-08-22 12:00:00,84.51544
2014-08-22 13:00:00,88.02359
2014-08-22 14:00:00,88.427185
2014-08-22 15:00:00,91.160355
2014-08-22 16:00:00,92.48503
2014-08-22 17:00:00,93.12601
2014-08-22 18:00:00,93.41977
2014-08-22 19:00:00,103.11163
2014-08-22 1:00:00,76.11774
2014-08-22 20:00:00,136.97487
2014-08-22 21:00:00,147.72044
2014-08-22 22:00:00,124.8744
2014-08-22 23:00:00,141.29955
2014-08-22 2:00:00,86.7876
2014-08-22 3:00:00,98.57707
2014-08-22 4:00:00,96.03305
2014-08-22 5:00:00,86.321785
2014-08-22 6:00:00,83.83996
2014-08-22 7:00:00,76.09395
2014-08-22 8:00:00,66.44975
2014-08-22 9:00:00,79.123886
2014-08-23 0:00:00,156.99614
2014-08-23 10:00:00,167.95222
2014-08-23 11:00:00,160.85045
2014-08-23 12:00:00,163.38335
2014-08-23 13:00:00,160.9784
2014-08-23 14:00:00,159.773
2014-08-23 15:00:00,155.33983
2014-08-23 16:00:00,143.4257
2014-08-23 17:00:00,139.975
2014-08-23 18:00:00,145.52019
2014-08-23 19:00:00,128.14977
2014-08-23 1:00:00,155.99556
2014-08-23 20:00:00,127.27084
2014-08-23 21:00:00,154.9828
2014-08-23 22:00:00,156.79205
2014-08-23 23:00:00,96.64781
2014-08-23 2:00:00,151.53584
2014-08-23 3:00:00,148.1631
2014-08-23 4:00:00,153.18129
2014-08-23 5:00:00,161.40562
2014-08-23 6:00:00,169.65906
2014-08-23 7:00:00,168.34395
2014-08-23 8:00:00,175.43144
2014-08-23 9:00:00,164.24118
2014-08-24 0:00:00,87.14088
2014-08-24 10:00:00,48.20109
2014-08-24 11:00:00,42.01158
2014-08-24 12:00:00,44.372314
2014-08-24 13:00:00,53.40616
2014-08-24 14:00:00,70.75577
2014-08-24 15:00:00,73.24885
2014-08-24 16:00:00,73.36736
2014-08-24 17:00:00,73.94634
2014-08-24 18:00:00,77.449265
2014-08-24 19:00:00,73.609
2014-08-24 1:00:00,83.620636
2014-08-24 20:00:00,71.34589
2014-08-24 21:00:00,78.2607
2014-08-24 22:00:00,75.58374
2014-08-24 23:00:00,78.10096
2014-08-24 2:00:00,79.40584
2014-08-24 3:00:00,74.52111
2014-08-24 4:00:00,84.703545
2014-08-24 5:00:00,99.02888
2014-08-24 6:00:00,118.62378
2014-08-24 7:00:00,120.32222
2014-08-24 8:00:00,84.27879
2014-08-24 9:00:00,55.35409
2014-08-25 0:00:00,86.73448
2014-08-25 10:00:00,59.923172
2014-08-25 11:00:00,60.474373
2014-08-25 12:00:00,47.735016
2014-08-25 13:00:00,35.33046
2014-08-25 14:00:00,44.680595
2014-08-25 15:00:00,53.94845
2014-08-25 16:00:00,73.602715
2014-08-25 17:00:00,73.406296
2014-08-25 18:00:00,74.51707
2014-08-25 19:00:00,73.38185
2014-08-25 1:00:00,88.71956
2014-08-25 20:00:00,73.99965
2014-08-25 21:00:00,75.71652
2014-08-25 22:00:00,72.71164
2014-08-25 23:00:00,74.61823
2014-08-25 2:00:00,95.08298
2014-08-25 3:00:00,89.32839
2014-08-25 4:00:00,82.263306
2014-08-25 5:00:00,79.04602
2014-08-25 6:00:00,72.66558
2014-08-25 7:00:00,75.70479
2014-08-25 8:00:00,67.699814
2014-08-25 9:00:00,70.35141
2014-08-26 0:00:00,75.324745
2014-08-26 10:00:00,55.363567
2014-08-26 11:00:00,72.97089
2014-08-26 12:00:00,80.8287
2014-08-26 13:00:00,90.32407
2014-08-26 14:00:00,98.855225
2014-08-26 15:00:00,100.2872
2014-08-26 16:00:00,99.36581
2014-08-26 17:00:00,105.89295
2014-08-26 18:00:00,112.383644
2014-08-26 19:00:00,99.78926
2014-08-26 1:00:00,81.25842
2014-08-26 20:00:00,95.95567
2014-08-26 21:00:00,96.519226
2014-08-26 22:00:00,92.38614
2014-08-26 23:00:00,102.587296
2014-08-26 2:00:00,93.289505
2014-08-26 3:00:00,90.52377
2014-08-26 4:00:00,87.6282
2014-08-26 5:00:00,84.07483
2014-08-26 6:00:00,77.032135
2014-08-26 7:00:00,77.5112
2014-08-26 8:00:00,75.44142
2014-08-26 9:00:00,65.31283
2014-08-27 0:00:00,98.56734
2014-08-27 10:00:00,257.00754
2014-08-27 11:00:00,249.19228
2014-08-27 12:00:00,209.97694
2014-08-27 13:00:00,154.61327
2014-08-27 14:00:00,139.29622
2014-08-27 15:00:00,129.37454
2014-08-27 16:00:00,132.20284
2014-08-27 17:00:00,150.72966
2014-08-27 18:00:00,155.30971
2014-08-27 19:00:00,163.93709
2014-08-27 1:00:00,94.4536
2014-08-27 20:00:00,179.3951
2014-08-27 21:00:00,215.6869
2014-08-27 22:00:00,187.05687
2014-08-27 23:00:00,168.56406
2014-08-27 2:00:00,115.68828
2014-08-27 3:00:00,123.485275
2014-08-27 4:00:00,133.26399
2014-08-27 5:00:00,128.85371
2014-08-27 6:00:00,115.699844
2014-08-27 7:00:00,111.75993
2014-08-27 8:00:00,107.2309
2014-08-27 9:00:00,150.14975
2014-08-28 0:00:00,151.53807
2014-08-28 10:00:00,145.97514
2014-08-28 11:00:00,129.69072
2014-08-28 12:00:00,107.2353
2014-08-28 13:00:00,130.72163
2014-08-28 14:00:00,132.93132
2014-08-28 15:00:00,125.53418
2014-08-28 16:00:00,133.1905
2014-08-28 17:00:00,157.4702
2014-08-28 18:00:00,139.17665
2014-08-28 19:00:00,173.93495
2014-08-28 1:00:00,147.17783
2014-08-28 20:00:00,151.95335
2014-08-28 21:00:00,175.92702
2014-08-28 22:00:00,130.27641
2014-08-28 23:00:00,139.0738
2014-08-28 2:00:00,143.86792
2014-08-28 3:00:00,137.40483
2014-08-28 4:00:00,144.93759
2014-08-28 5:00:00,142.94676
2014-08-28 6:00:00,142.04335
2014-08-28 7:00:00,143.17137
2014-08-28 8:00:00,150.62767
2014-08-28 9:00:00,138.80394
2014-08-29 0:00:00,140.37227
2014-08-29 10:00:00,68.952126
2014-08-29 11:00:00,85.93095
2014-08-29 12:00:00,100.8085
2014-08-29 13:00:00,88.575554
2014-08-29 14:00:00,95.80423
2014-08-29 15:00:00,83.5767
2014-08-29 16:00:00,102.22566
2014-08-29 17:00:00,98.821915
2014-08-29 18:00:00,89.858536
2014-08-29 19:00:00,89.57355
2014-08-29 1:00:00,76.26874
2014-08-29 20:00:00,140.31056
2014-08-29 21:00:00,143.60909
2014-08-29 22:00:00,226.54463
2014-08-29 23:00:00,176.36493
2014-08-29 2:00:00,109.899025
2014-08-29 3:00:00,89.707184
2014-08-29 4:00:00,112.53375
2014-08-29 5:00:00,88.88989
2014-08-29 6:00:00,62.003124
2014-08-29 7:00:00,40.628265
2014-08-29 8:00:00,73.76561
2014-08-29 9:00:00,90.48252
2014-08-30 0:00:00,158.68587
2014-08-30 10:00:00,196.26228
2014-08-30 11:00:00,209.98192
2014-08-30 12:00:00,203.40257
2014-08-30 13:00:00,228.54666
2014-08-30 14:00:00,199.98346
2014-08-30 15:00:00,216.94589
2014-08-30 16:00:00,276.51724
2014-08-30 17:00:00,310.7338
2014-08-30 18:00:00,248.82243
2014-08-30 19:00:00,197.47954
2014-08-30 1:00:00,221.65535
2014-08-30 20:00:00,216.55891
2014-08-30 21:00:00,284.2724
2014-08-30 22:00:00,260.2583
2014-08-30 23:00:00,277.26004
2014-08-30 2:00:00,172.43861
2014-08-30 3:00:00,177.91739
2014-08-30 4:00:00,177.7514
2014-08-30 5:00:00,216.8492
2014-08-30 6:00:00,186.97417
2014-08-30 7:00:00,195.0864
2014-08-30 8:00:00,178.14935
2014-08-30 9:00:00,176.74422
2014-08-31 0:00:00,210.02046
2014-08-31 10:00:00,135.13306
2014-08-31 11:00:00,128.4068
2014-08-31 12:00:00,145.26231
2014-08-31 13:00:00,164.91554
2014-08-31 14:00:00,133.16495
2014-08-31 15:00:00,111.510864
2014-08-31 16:00:00,107.811455
2014-08-31 17:00:00,138.62218
2014-08-31 18:00:00,131.36432
2014-08-31 19:00:00,160.7076
2014-08-31 1:00:00,191.70528
2014-08-31 20:00:00,104.3227
2014-08-31 21:00:00,84.10678
2014-08-31 22:00:00,83.61731
2014-08-31 23:00:00,70.71007
2014-08-31 2:00:00,186.88777
2014-08-31 3:00:00,193.78406
2014-08-31 4:00:00,194.61107
2014-08-31 5:00:00,156.54138
2014-08-31 6:00:00,132.883
2014-08-31 7:00:00,145.72728
2014-08-31 8:00:00,161.24663
2014-08-31 9:00:00,153.40134
2014-09-01 0:00:00,104.66649
2014-09-01 10:00:00,99.11902
2014-09-01 11:00:00,108.55577
2014-09-01 12:00:00,116.97793
2014-09-01 13:00:00,107.26586
2014-09-01 14:00:00,107.67949
2014-09-01 15:00:00,106.040955
2014-09-01 16:00:00,112.44767
2014-09-01 17:00:00,128.8543
2014-09-01 18:00:00,134.06674
2014-09-01 19:00:00,107.91959
2014-09-01 1:00:00,100.051384
2014-09-01 20:00:00,104.069595
2014-09-01 21:00:00,90.59851
2014-09-01 22:00:00,98.73123
2014-09-01 23:00:00,106.35799
2014-09-01 2:00:00,97.42952
2014-09-01 3:00:00,104.78057
2014-09-01 4:00:00,104.40859
2014-09-01 5:00:00,107.77639
2014-09-01 6:00:00,117.538055
2014-09-01 7:00:00,116.34125
2014-09-01 8:00:00,119.79171
2014-09-01 9:00:00,98.20773
2014-09-02 0:00:00,120.26135
2014-09-02 10:00:00,129.11319
2014-09-02 11:00:00,102.90071
2014-09-02 12:00:00,111.07022
2014-09-02 13:00:00,89.80581
2014-09-02 14:00:00,60.844536
2014-09-02 15:00:00,81.15839
2014-09-02 16:00:00,41.653854
2014-09-02 17:00:00,82.76883
2014-09-02 18:00:00,78.888275
2014-09-02 19:00:00,55.854973
2014-09-02 1:00:00,115.618004
2014-09-02 20:00:00,49.41182
2014-09-02 21:00:00,71.635086
2014-09-02 22:00:00,66.10363
2014-09-02 23:00:00,54.2736
2014-09-02 2:00:00,123.05809
2014-09-02 3:00:00,113.49364
2014-09-02 4:00:00,97.64548
2014-09-02 5:00:00,83.95056
2014-09-02 6:00:00,85.958435
2014-09-02 7:00:00,93.27818
2014-09-02 8:00:00,108.39695
2014-09-02 9:00:00,128.46916
2014-09-03 0:00:00,42.115086
2014-09-03 10:00:00,29.295807
2014-09-03 11:00:00,34.96878
2014-09-03 12:00:00,35.475548
2014-09-03 13:00:00,30.451912
2014-09-03 14:00:00,37.028656
2014-09-03 15:00:00,32.963146
2014-09-03 16:00:00,40.3926
2014-09-03 17:00:00,45.908604
2014-09-03 18:00:00,58.01648
2014-09-03 19:00:00,66.75516
2014-09-03 1:00:00,38.122513
2014-09-03 20:00:00,74.37349
2014-09-03 21:00:00,75.55719
2014-09-03 22:00:00,79.527405
2014-09-03 23:00:00,96.27631
2014-09-03 2:00:00,32.488876
2014-09-03 3:00:00,31.360313
2014-09-03 4:00:00,31.549736
2014-09-03 5:00:00,32.84732
2014-09-03 6:00:00,32.1287
2014-09-03 7:00:00,31.502861
2014-09-03 8:00:00,29.341354
2014-09-03 9:00:00,29.94313
2014-09-04 0:00:00,100.789116
2014-09-04 10:00:00,147.64705
2014-09-04 11:00:00,171.59795
2014-09-04 12:00:00,125.613976
2014-09-04 13:00:00,194.31047
2014-09-04 14:00:00,135.17287
2014-09-04 15:00:00,122.1554
2014-09-04 16:00:00,111.10426
2014-09-04 17:00:00,107.28614
2014-09-04 18:00:00,113.530914
2014-09-04 19:00:00,121.15047
2014-09-04 1:00:00,94.86798
2014-09-04 20:00:00,127.78257
2014-09-04 21:00:00,115.23529
2014-09-04 22:00:00,116.64522
2014-09-04 23:00:00,115.6277
2014-09-04 2:00:00,108.77241
2014-09-04 3:00:00,133.69469
2014-09-04 4:00:00,136.90202
2014-09-04 5:00:00,115.527374
2014-09-04 6:00:00,98.625114
2014-09-04 7:00:00,95.96217
2014-09-04 8:00:00,88.71866
2014-09-04 9:00:00,93.380684
2014-09-05 0:00:00,121.0596
2014-09-05 10:00:00,142.44218
2014-09-05 11:00:00,128.8946
2014-09-05 12:00:00,119.16901
2014-09-05 13:00:00,123.3972
2014-09-05 14:00:00,119.06302
2014-09-05 15:00:00,115.569016
2014-09-05 16:00:00,115.87518
2014-09-05 17:00:00,117.151955
2014-09-05 18:00:00,113.06117
2014-09-05 19:00:00,116.72752
2014-09-05 1:00:00,117.76927
2014-09-05 20:00:00,123.53149
2014-09-05 21:00:00,117.476456
2014-09-05 22:00:00,123.28548
2014-09-05 23:00:00,122.78572
2014-09-05 2:00:00,130.25624
2014-09-05 3:00:00,135.78474
2014-09-05 4:00:00,133.60648
2014-09-05 5:00:00,138.81148
2014-09-05 6:00:00,131.18358
2014-09-05 7:00:00,123.23637
2014-09-05 8:00:00,131.17357
2014-09-05 9:00:00,147.59856
2014-09-06 0:00:00,134.4095
2014-09-06 10:00:00,146.2726
2014-09-06 11:00:00,138.26773
2014-09-06 12:00:00,142.11656
2014-09-06 13:00:00,137.5338
2014-09-06 14:00:00,124.510086
2014-09-06 15:00:00,115.90893
2014-09-06 16:00:00,114.393295
2014-09-06 17:00:00,114.39401
2014-09-06 18:00:00,111.998566
2014-09-06 19:00:00,111.20838
2014-09-06 1:00:00,128.9023
2014-09-06 20:00:00,116.11259
2014-09-06 21:00:00,118.31105
2014-09-06 22:00:00,110.92211
2014-09-06 23:00:00,117.30397
2014-09-06 2:00:00,143.54112
2014-09-06 3:00:00,145.81514
2014-09-06 4:00:00,139.00299
2014-09-06 5:00:00,136.49895
2014-09-06 6:00:00,127.93022
2014-09-06 7:00:00,140.63379
2014-09-06 8:00:00,143.11867
2014-09-06 9:00:00,139.43373
2014-09-07 0:00:00,119.07965
2014-09-07 10:00:00,148.89938
2014-09-07 11:00:00,150.52718
2014-09-07 12:00:00,147.12297
2014-09-07 13:00:00,137.35384
2014-09-07 14:00:00,120.016464
2014-09-07 15:00:00,116.65468
2014-09-07 16:00:00,117.684814
2014-09-07 17:00:00,120.02379
2014-09-07 18:00:00,121.54812
2014-09-07 19:00:00,117.63628
2014-09-07 1:00:00,121.77464
2014-09-07 20:00:00,124.100464
2014-09-07 21:00:00,98.30864
2014-09-07 22:00:00,90.42014
2014-09-07 23:00:00,86.71643
2014-09-07 2:00:00,124.38373
2014-09-07 3:00:00,127.15255
2014-09-07 4:00:00,130.75392
2014-09-07 5:00:00,130.33633
2014-09-07 6:00:00,130.51239
2014-09-07 7:00:00,138.21895
2014-09-07 8:00:00,149.59505
2014-09-07 9:00:00,141.80635
2014-09-08 0:00:00,78.960144
2014-09-08 10:00:00,33.70529
2014-09-08 11:00:00,33.3202
2014-09-08 12:00:00,32.746372
2014-09-08 13:00:00,40.033302
2014-09-08 14:00:00,34.253246
2014-09-08 15:00:00,40.25776
2014-09-08 16:00:00,40.524117
2014-09-08 17:00:00,43.246567
2014-09-08 18:00:00,41.864914
2014-09-08 19:00:00,40.48666
2014-09-08 1:00:00,71.54529
2014-09-08 20:00:00,44.67083
2014-09-08 21:00:00,64.17807
2014-09-08 22:00:00,68.10164
2014-09-08 23:00:00,73.51274
2014-09-08 2:00:00,61.12961
2014-09-08 3:00:00,55.575546
2014-09-08 4:00:00,69.25345
2014-09-08 5:00:00,63.375015
2014-09-08 6:00:00,46.51023
2014-09-08 7:00:00,42.57613
2014-09-08 8:00:00,37.325493
2014-09-08 9:00:00,37.23979
2014-09-09 0:00:00,78.49002
2014-09-09 10:00:00,161.63995
2014-09-09 11:00:00,165.17577
2014-09-09 12:00:00,155.14418
2014-09-09 13:00:00,171.8707
2014-09-09 14:00:00,199.20695
2014-09-09 15:00:00,176.82372
2014-09-09 16:00:00,189.08795
2014-09-09 17:00:00,188.1571
2014-09-09 18:00:00,183.70229
2014-09-09 19:00:00,163.19173
2014-09-09 1:00:00,91.53228
2014-09-09 20:00:00,142.4572
2014-09-09 21:00:00,132.56047
2014-09-09 22:00:00,116.59195
2014-09-09 23:00:00,104.69376
2014-09-09 2:00:00,97.46254
2014-09-09 3:00:00,120.06004
2014-09-09 4:00:00,93.65174
2014-09-09 5:00:00,101.74457
2014-09-09 6:00:00,90.13698
2014-09-09 7:00:00,101.40942
2014-09-09 8:00:00,89.517075
2014-09-09 9:00:00,142.80063
2014-09-10 0:00:00,102.61755
2014-09-10 10:00:00,143.42253
2014-09-10 11:00:00,146.16248
2014-09-10 12:00:00,141.73714
2014-09-10 13:00:00,115.92052
2014-09-10 14:00:00,113.58342
2014-09-10 15:00:00,111.2865
2014-09-10 16:00:00,110.711395
2014-09-10 17:00:00,107.94023
2014-09-10 18:00:00,106.21937
2014-09-10 19:00:00,107.66608
2014-09-10 1:00:00,106.59456
2014-09-10 20:00:00,112.565506
2014-09-10 21:00:00,111.33196
2014-09-10 22:00:00,118.33348
2014-09-10 23:00:00,122.314865
2014-09-10 2:00:00,111.448456
2014-09-10 3:00:00,128.39867
2014-09-10 4:00:00,139.47482
2014-09-10 5:00:00,134.92915
2014-09-10 6:00:00,130.50597
2014-09-10 7:00:00,138.30637
2014-09-10 8:00:00,134.8594
2014-09-10 9:00:00,141.83861
2014-09-11 0:00:00,132.31685
2014-09-11 10:00:00,145.31505
2014-09-11 11:00:00,141.56596
2014-09-11 12:00:00,146.47466
2014-09-11 13:00:00,164.45518
2014-09-11 14:00:00,157.32622
2014-09-11 15:00:00,146.22578
2014-09-11 16:00:00,173.90096
2014-09-11 17:00:00,183.80815
2014-09-11 18:00:00,177.47356
2014-09-11 19:00:00,151.55287
2014-09-11 1:00:00,126.94121
2014-09-11 20:00:00,116.56467
2014-09-11 21:00:00,265.6755
2014-09-11 22:00:00,288.28046
2014-09-11 23:00:00,210.52971
2014-09-11 2:00:00,133.33641
2014-09-11 3:00:00,136.46884
2014-09-11 4:00:00,135.98625
2014-09-11 5:00:00,138.8842
2014-09-11 6:00:00,134.89507
2014-09-11 7:00:00,134.85887
2014-09-11 8:00:00,126.345764
2014-09-11 9:00:00,133.88574
2014-09-12 0:00:00,161.04915
2014-09-12 10:00:00,175.05482
2014-09-12 11:00:00,157.93703
2014-09-12 12:00:00,154.9009
2014-09-12 13:00:00,151.47064
2014-09-12 14:00:00,132.65605
2014-09-12 15:00:00,120.1821
2014-09-12 16:00:00,104.969215
2014-09-12 17:00:00,112.740585
2014-09-12 18:00:00,101.411514
2014-09-12 19:00:00,102.16519
2014-09-12 1:00:00,183.48407
2014-09-12 20:00:00,120.1194
2014-09-12 21:00:00,124.796745
2014-09-12 22:00:00,122.60754
2014-09-12 23:00:00,120.93248
2014-09-12 2:00:00,194.81595
2014-09-12 3:00:00,205.0769
2014-09-12 4:00:00,174.6857
2014-09-12 5:00:00,210.91881
2014-09-12 6:00:00,164.16588
2014-09-12 7:00:00,197.05238
2014-09-12 8:00:00,287.3427
2014-09-12 9:00:00,295.40088
2014-09-13 0:00:00,139.48909
2014-09-13 10:00:00,154.0345
2014-09-13 11:00:00,128.21442
2014-09-13 12:00:00,114.395706
2014-09-13 13:00:00,110.73079
2014-09-13 14:00:00,121.84412
2014-09-13 15:00:00,119.081955
2014-09-13 16:00:00,116.790726
2014-09-13 17:00:00,115.703476
2014-09-13 18:00:00,114.46481
2014-09-13 19:00:00,117.5723
2014-09-13 1:00:00,141.60954
2014-09-13 20:00:00,116.943954
2014-09-13 21:00:00,113.30481
2014-09-13 22:00:00,124.10227
2014-09-13 23:00:00,126.90269
2014-09-13 2:00:00,136.757
2014-09-13 3:00:00,129.39928
2014-09-13 4:00:00,144.25053
2014-09-13 5:00:00,144.9147
2014-09-13 6:00:00,150.0099
2014-09-13 7:00:00,165.49287
2014-09-13 8:00:00,169.20761
2014-09-13 9:00:00,167.32469
2014-09-14 0:00:00,126.59363
2014-09-14 10:00:00,95.85997
2014-09-14 11:00:00,75.674164
2014-09-14 12:00:00,52.733265
2014-09-14 13:00:00,46.389633
2014-09-14 14:00:00,42.728817
2014-09-14 15:00:00,60.007816
2014-09-14 16:00:00,49.97431
2014-09-14 17:00:00,65.057594
2014-09-14 18:00:00,57.487648
2014-09-14 19:00:00,80.10123
2014-09-14 1:00:00,136.00548
2014-09-14 20:00:00,69.88901
2014-09-14 21:00:00,109.83368
2014-09-14 22:00:00,124.82869
2014-09-14 23:00:00,105.33094
2014-09-14 2:00:00,128.79219
2014-09-14 3:00:00,135.57668
2014-09-14 4:00:00,133.4998
2014-09-14 5:00:00,116.652756
2014-09-14 6:00:00,131.86421
2014-09-14 7:00:00,112.85056
2014-09-14 8:00:00,105.60298
2014-09-14 9:00:00,105.16855
2014-09-15 0:00:00,63.015648
2014-09-15 10:00:00,30.612041
2014-09-15 11:00:00,31.803673
2014-09-15 12:00:00,28.390377
2014-09-15 13:00:00,32.86272
2014-09-15 14:00:00,31.852974
2014-09-15 15:00:00,27.843922
2014-09-15 16:00:00,24.87268
2014-09-15 17:00:00,31.368992
2014-09-15 18:00:00,42.337524
2014-09-15 19:00:00,51.046097
2014-09-15 1:00:00,78.21996
2014-09-15 20:00:00,55.131226
2014-09-15 21:00:00,51.45853
2014-09-15 22:00:00,53.758835
2014-09-15 23:00:00,60.58933
2014-09-15 2:00:00,65.967354
2014-09-15 3:00:00,31.193356
2014-09-15 4:00:00,44.277485
2014-09-15 5:00:00,46.20622
2014-09-15 6:00:00,45.284637
2014-09-15 7:00:00,41.129475
2014-09-15 8:00:00,32.276363
2014-09-15 9:00:00,27.548836
2014-09-16 0:00:00,67.16147
2014-09-16 10:00:00,73.981415
2014-09-16 11:00:00,121.291695
2014-09-16 12:00:00,156.00749
2014-09-16 13:00:00,131.58415
2014-09-16 14:00:00,130.5324
2014-09-16 15:00:00,146.25859
2014-09-16 16:00:00,169.62852
2014-09-16 17:00:00,176.93959
2014-09-16 18:00:00,180.96739
2014-09-16 19:00:00,190.36778
2014-09-16 1:00:00,62.20239
2014-09-16 20:00:00,192.66974
2014-09-16 21:00:00,170.37431
2014-09-16 22:00:00,196.12614
2014-09-16 23:00:00,160.88327
2014-09-16 2:00:00,66.904335
2014-09-16 3:00:00,70.257256
2014-09-16 4:00:00,70.48067
2014-09-16 5:00:00,66.21767
2014-09-16 6:00:00,65.17144
2014-09-16 7:00:00,62.902416
2014-09-16 8:00:00,63.628883
2014-09-16 9:00:00,79.77582
2014-09-17 0:00:00,161.81636
2014-09-17 10:00:00,178.31627
2014-09-17 11:00:00,153.64917
2014-09-17 12:00:00,159.86226
2014-09-17 13:00:00,142.07623
2014-09-17 14:00:00,154.6918
2014-09-17 15:00:00,168.07318
2014-09-17 16:00:00,169.6242
2014-09-17 17:00:00,143.0019
2014-09-17 18:00:00,139.73943
2014-09-17 19:00:00,134.94727
2014-09-17 1:00:00,101.45384
2014-09-17 20:00:00,133.62535
2014-09-17 21:00:00,143.41856
2014-09-17 22:00:00,165.6935
2014-09-17 23:00:00,157.82726
2014-09-17 2:00:00,135.54875
2014-09-17 3:00:00,143.20415
2014-09-17 4:00:00,133.6304
2014-09-17 5:00:00,141.2682
2014-09-17 6:00:00,137.77354
2014-09-17 7:00:00,121.83417
2014-09-17 8:00:00,136.83244
2014-09-17 9:00:00,164.74834
2014-09-18 0:00:00,199.46327
2014-09-18 10:00:00,96.452
2014-09-18 11:00:00,108.985504
2014-09-18 12:00:00,107.89015
2014-09-18 13:00:00,131.6736
2014-09-18 14:00:00,157.27449
2014-09-18 15:00:00,160.26431
2014-09-18 16:00:00,160.73442
2014-09-18 17:00:00,158.58652
2014-09-18 18:00:00,153.17345
2014-09-18 19:00:00,152.3715
2014-09-18 1:00:00,300.17654
2014-09-18 20:00:00,158.38362
2014-09-18 21:00:00,135.0648
2014-09-18 22:00:00,102.695045
2014-09-18 23:00:00,109.56357
2014-09-18 2:00:00,326.70633
2014-09-18 3:00:00,284.26123
2014-09-18 4:00:00,217.60286
2014-09-18 5:00:00,166.67247
2014-09-18 6:00:00,136.6033
2014-09-18 7:00:00,103.56099
2014-09-18 8:00:00,88.39256
2014-09-18 9:00:00,84.815765
2014-09-19 0:00:00,118.675674
2014-09-19 10:00:00,128.71751
2014-09-19 11:00:00,129.43645
2014-09-19 12:00:00,134.64958
2014-09-19 13:00:00,149.58385
2014-09-19 14:00:00,146.43001
2014-09-19 15:00:00,139.96498
2014-09-19 16:00:00,135.69965
2014-09-19 17:00:00,133.08328
2014-09-19 18:00:00,139.65697
2014-09-19 19:00:00,146.36621
2014-09-19 1:00:00,112.01642
2014-09-19 20:00:00,148.29898
2014-09-19 21:00:00,145.55688
2014-09-19 22:00:00,151.60521
2014-09-19 23:00:00,152.88058
2014-09-19 2:00:00,100.56311
2014-09-19 3:00:00,105.68584
2014-09-19 4:00:00,114.874954
2014-09-19 5:00:00,109.61724
2014-09-19 6:00:00,102.277695
2014-09-19 7:00:00,105.82912
2014-09-19 8:00:00,108.19317
2014-09-19 9:00:00,119.513626
2014-09-20 0:00:00,148.41908
2014-09-20 10:00:00,186.49736
2014-09-20 11:00:00,165.67046
2014-09-20 12:00:00,226.44743
2014-09-20 13:00:00,195.31775
2014-09-20 14:00:00,161.26512
2014-09-20 15:00:00,136.00017
2014-09-20 16:00:00,151.70708
2014-09-20 17:00:00,165.40926
2014-09-20 18:00:00,190.37462
2014-09-20 19:00:00,153.66127
2014-09-20 1:00:00,223.33565
2014-09-20 20:00:00,178.05354
2014-09-20 21:00:00,172.31206
2014-09-20 22:00:00,159.95935
2014-09-20 23:00:00,156.95053
2014-09-20 2:00:00,186.0691
2014-09-20 3:00:00,205.19551
2014-09-20 4:00:00,195.44708
2014-09-20 5:00:00,198.62645
2014-09-20 6:00:00,214.21176
2014-09-20 7:00:00,209.61601
2014-09-20 8:00:00,205.94652
2014-09-20 9:00:00,172.42403
2014-09-21 0:00:00,128.1487
2014-09-21 10:00:00,129.37944
2014-09-21 11:00:00,124.681465
2014-09-21 12:00:00,117.753044
2014-09-21 13:00:00,120.025345
2014-09-21 14:00:00,121.3993
2014-09-21 15:00:00,125.410866
2014-09-21 16:00:00,126.96408
2014-09-21 17:00:00,118.75411
2014-09-21 18:00:00,121.493576
2014-09-21 19:00:00,115.06563
2014-09-21 1:00:00,122.37863
2014-09-21 20:00:00,122.14133
2014-09-21 21:00:00,121.10356
2014-09-21 22:00:00,122.98102
2014-09-21 23:00:00,125.89656
2014-09-21 2:00:00,113.36427
2014-09-21 3:00:00,116.43442
2014-09-21 4:00:00,108.69905
2014-09-21 5:00:00,110.97812
2014-09-21 6:00:00,119.63896
2014-09-21 7:00:00,116.967575
2014-09-21 8:00:00,113.43023
2014-09-21 9:00:00,124.65393
2014-09-22 0:00:00,124.09361
2014-09-22 10:00:00,152.35735
2014-09-22 11:00:00,147.3611
2014-09-22 12:00:00,142.14232
2014-09-22 13:00:00,141.11978
2014-09-22 14:00:00,153.74431
2014-09-22 15:00:00,167.11075
2014-09-22 16:00:00,178.37242
2014-09-22 17:00:00,114.04668
2014-09-22 18:00:00,108.52257
2014-09-22 19:00:00,140.16362
2014-09-22 1:00:00,130.55061
2014-09-22 20:00:00,95.91939
2014-09-22 21:00:00,86.455734
2014-09-22 22:00:00,86.570145
2014-09-22 23:00:00,88.40135
2014-09-22 2:00:00,130.66704
2014-09-22 3:00:00,140.51323
2014-09-22 4:00:00,137.86475
2014-09-22 5:00:00,139.7389
2014-09-22 6:00:00,135.81883
2014-09-22 7:00:00,140.36589
2014-09-22 8:00:00,134.05722
2014-09-22 9:00:00,144.3805
2014-09-23 0:00:00,56.231506
2014-09-23 10:00:00,26.271069
2014-09-23 11:00:00,27.760075
2014-09-23 12:00:00,27.846737
2014-09-23 13:00:00,29.436398
2014-09-23 14:00:00,29.749401
2014-09-23 15:00:00,31.418018
2014-09-23 16:00:00,36.13108
2014-09-23 17:00:00,51.33914
2014-09-23 18:00:00,58.461044
2014-09-23 19:00:00,75.345474
2014-09-23 1:00:00,41.779865
2014-09-23 20:00:00,82.571556
2014-09-23 21:00:00,79.56248
2014-09-23 22:00:00,84.9948
2014-09-23 23:00:00,80.17709
2014-09-23 2:00:00,32.96433
2014-09-23 3:00:00,27.846252
2014-09-23 4:00:00,27.125984
2014-09-23 5:00:00,25.851776
2014-09-23 6:00:00,26.545216
2014-09-23 7:00:00,26.47747
2014-09-23 8:00:00,26.394306
2014-09-23 9:00:00,26.159489
2014-09-24 0:00:00,91.13195
2014-09-24 10:00:00,51.074028
2014-09-24 11:00:00,122.50961
2014-09-24 12:00:00,190.49092
2014-09-24 13:00:00,170.20049
2014-09-24 14:00:00,151.87682
2014-09-24 15:00:00,184.52844
2014-09-24 16:00:00,184.96815
2014-09-24 17:00:00,131.54216
2014-09-24 18:00:00,124.48397
2014-09-24 19:00:00,171.55952
2014-09-24 1:00:00,99.672134
2014-09-24 20:00:00,165.705
2014-09-24 21:00:00,140.79938
2014-09-24 22:00:00,101.4842
2014-09-24 23:00:00,115.21532
2014-09-24 2:00:00,90.423256
2014-09-24 3:00:00,84.00676
2014-09-24 4:00:00,82.31226
2014-09-24 5:00:00,77.91263
2014-09-24 6:00:00,86.22414
2014-09-24 7:00:00,87.00241
2014-09-24 8:00:00,75.229614
2014-09-24 9:00:00,71.676895
2014-09-25 0:00:00,104.54269
2014-09-25 10:00:00,172.50444
2014-09-25 11:00:00,163.62526
2014-09-25 12:00:00,159.38152
2014-09-25 13:00:00,145.86653
2014-09-25 14:00:00,138.83327
2014-09-25 15:00:00,140.69
2014-09-25 16:00:00,149.86333
2014-09-25 17:00:00,151.62024
2014-09-25 18:00:00,150.09605
2014-09-25 19:00:00,149.13242
2014-09-25 1:00:00,103.649536
2014-09-25 20:00:00,154.58902
2014-09-25 21:00:00,154.14206
2014-09-25 22:00:00,156.84334
2014-09-25 23:00:00,154.45659
2014-09-25 2:00:00,120.00052
2014-09-25 3:00:00,124.93419
2014-09-25 4:00:00,131.21735
2014-09-25 5:00:00,141.27849
2014-09-25 6:00:00,136.81558
2014-09-25 7:00:00,138.95518
2014-09-25 8:00:00,148.43839
2014-09-25 9:00:00,174.21358
2014-09-26 0:00:00,143.70815
2014-09-26 10:00:00,138.24213
2014-09-26 11:00:00,137.62878
2014-09-26 12:00:00,137.05986
2014-09-26 13:00:00,131.80128
2014-09-26 14:00:00,135.12022
2014-09-26 15:00:00,137.12885
2014-09-26 16:00:00,141.73045
2014-09-26 17:00:00,138.77962
2014-09-26 18:00:00,113.22293
2014-09-26 19:00:00,96.686844
2014-09-26 1:00:00,139.88914
2014-09-26 20:00:00,105.20465
2014-09-26 21:00:00,111.34767
2014-09-26 22:00:00,104.58086
2014-09-26 23:00:00,104.61275
2014-09-26 2:00:00,136.87138
2014-09-26 3:00:00,135.8448
2014-09-26 4:00:00,145.52522
2014-09-26 5:00:00,143.81642
2014-09-26 6:00:00,139.05989
2014-09-26 7:00:00,136.31285
2014-09-26 8:00:00,134.86403
2014-09-26 9:00:00,136.94649
2014-09-27 0:00:00,105.2753
2014-09-27 10:00:00,32.057983
2014-09-27 11:00:00,30.933735
2014-09-27 12:00:00,40.034977
2014-09-27 13:00:00,33.093784
2014-09-27 14:00:00,35.503895
2014-09-27 15:00:00,38.976273
2014-09-27 16:00:00,41.13009
2014-09-27 17:00:00,49.795723
2014-09-27 18:00:00,70.752716
2014-09-27 19:00:00,70.83528
2014-09-27 1:00:00,75.22688
2014-09-27 20:00:00,81.48703
2014-09-27 21:00:00,78.62217
2014-09-27 22:00:00,79.838326
2014-09-27 23:00:00,85.79995
2014-09-27 2:00:00,72.307976
2014-09-27 3:00:00,74.879654
2014-09-27 4:00:00,80.689285
2014-09-27 5:00:00,60.926598
2014-09-27 6:00:00,47.46235
2014-09-27 7:00:00,46.162514
2014-09-27 8:00:00,42.922314
2014-09-27 9:00:00,33.29701
2014-09-28 0:00:00,109.61545
2014-09-28 10:00:00,331.74814
2014-09-28 11:00:00,324.41437
2014-09-28 12:00:00,310.40897
2014-09-28 13:00:00,216.24352
2014-09-28 14:00:00,206.43806
2014-09-28 15:00:00,195.97665
2014-09-28 16:00:00,166.72319
2014-09-28 17:00:00,170.79073
2014-09-28 18:00:00,156.40495
2014-09-28 19:00:00,132.39941
2014-09-28 1:00:00,99.078705
2014-09-28 20:00:00,128.19603
2014-09-28 21:00:00,138.06749
2014-09-28 22:00:00,172.17387
2014-09-28 23:00:00,187.79674
2014-09-28 2:00:00,115.365364
2014-09-28 3:00:00,285.76108
2014-09-28 4:00:00,272.90036
2014-09-28 5:00:00,278.85153
2014-09-28 6:00:00,278.70926
2014-09-28 7:00:00,309.1294
2014-09-28 8:00:00,259.74768
2014-09-28 9:00:00,303.1258
2014-09-29 0:00:00,210.15443
2014-09-29 10:00:00,174.8203
2014-09-29 11:00:00,177.56075
2014-09-29 12:00:00,95.87256
2014-09-29 13:00:00,41.990997
2014-09-29 14:00:00,34.070442
2014-09-29 15:00:00,66.63469
2014-09-29 16:00:00,45.184147
2014-09-29 17:00:00,29.721119
2014-09-29 18:00:00,29.39397
2014-09-29 19:00:00,47.221878
2014-09-29 1:00:00,221.29544
2014-09-29 20:00:00,61.198677
2014-09-29 21:00:00,61.859478
2014-09-29 22:00:00,59.60005
2014-09-29 23:00:00,61.873585
2014-09-29 2:00:00,218.76884
2014-09-29 3:00:00,177.43861
2014-09-29 4:00:00,167.18378
2014-09-29 5:00:00,147.28387
2014-09-29 6:00:00,152.1245
2014-09-29 7:00:00,144.45885
2014-09-29 8:00:00,156.33006
2014-09-29 9:00:00,159.67793
2014-09-30 0:00:00,71.23852
2014-09-30 10:00:00,67.412125
2014-09-30 11:00:00,73.06831
2014-09-30 12:00:00,76.28148
2014-09-30 13:00:00,83.825836
2014-09-30 14:00:00,100.492386
2014-09-30 15:00:00,90.576096
2014-09-30 16:00:00,105.344826
2014-09-30 17:00:00,130.26747
2014-09-30 18:00:00,156.50948
2014-09-30 19:00:00,145.50346
2014-09-30 1:00:00,71.7043
2014-09-30 20:00:00,153.60814
2014-09-30 21:00:00,154.77162
2014-09-30 22:00:00,165.06715
2014-09-30 23:00:00,169.6451
2014-09-30 2:00:00,73.10399
2014-09-30 3:00:00,70.11511
2014-09-30 4:00:00,68.82805
2014-09-30 5:00:00,71.124054
2014-09-30 6:00:00,70.32974
2014-09-30 7:00:00,68.832146
2014-09-30 8:00:00,74.02849
2014-09-30 9:00:00,68.84859
2014-10-01 0:00:00,173.90164
2014-10-01 10:00:00,193.4691
2014-10-01 11:00:00,190.77522
2014-10-01 12:00:00,185.0023
2014-10-01 13:00:00,196.38307
2014-10-01 14:00:00,180.37196
2014-10-01 15:00:00,171.1204
2014-10-01 16:00:00,166.97726
2014-10-01 17:00:00,133.81735
2014-10-01 18:00:00,117.02666
2014-10-01 19:00:00,158.66112
2014-10-01 1:00:00,173.07617
2014-10-01 20:00:00,129.63707
2014-10-01 21:00:00,119.10229
2014-10-01 22:00:00,153.71033
2014-10-01 23:00:00,121.52121
2014-10-01 2:00:00,192.05586
2014-10-01 3:00:00,188.14565
2014-10-01 4:00:00,184.23265
2014-10-01 5:00:00,184.47882
2014-10-01 6:00:00,190.47871
2014-10-01 7:00:00,171.37733
2014-10-01 8:00:00,179.65428
2014-10-01 9:00:00,178.07011
2014-10-02 0:00:00,100.226685
2014-10-02 10:00:00,27.49047
2014-10-02 11:00:00,31.621212
2014-10-02 12:00:00,27.735699
2014-10-02 13:00:00,34.382385
2014-10-02 14:00:00,52.38338
2014-10-02 15:00:00,56.03406
2014-10-02 16:00:00,78.10338
2014-10-02 17:00:00,85.347855
2014-10-02 18:00:00,96.51556
2014-10-02 19:00:00,81.54209
2014-10-02 1:00:00,99.39977
2014-10-02 20:00:00,95.18134
2014-10-02 21:00:00,105.506035
2014-10-02 22:00:00,80.435196
2014-10-02 23:00:00,81.5997
2014-10-02 2:00:00,86.69273
2014-10-02 3:00:00,52.37974
2014-10-02 4:00:00,29.158588
2014-10-02 5:00:00,25.47205
2014-10-02 6:00:00,24.574223
2014-10-02 7:00:00,24.366081
2014-10-02 8:00:00,24.607113
2014-10-02 9:00:00,30.778542
2014-10-03 0:00:00,90.986206
2014-10-03 10:00:00,154.984
2014-10-03 11:00:00,127.728806
2014-10-03 12:00:00,218.36244
2014-10-03 13:00:00,184.73006
2014-10-03 14:00:00,215.65648
2014-10-03 15:00:00,243.89217
2014-10-03 16:00:00,268.0816
2014-10-03 17:00:00,293.426
2014-10-03 18:00:00,340.03217
2014-10-03 19:00:00,354.426
2014-10-03 1:00:00,114.73526
2014-10-03 20:00:00,351.6567
2014-10-03 21:00:00,348.75882
2014-10-03 22:00:00,337.1124
2014-10-03 23:00:00,344.73895
2014-10-03 2:00:00,127.92029
2014-10-03 3:00:00,124.9661
2014-10-03 4:00:00,133.1274
2014-10-03 5:00:00,127.68512
2014-10-03 6:00:00,116.88875
2014-10-03 7:00:00,104.69444
2014-10-03 8:00:00,120.59404
2014-10-03 9:00:00,126.2421
2014-10-04 0:00:00,319.03653
2014-10-04 10:00:00,130.2928
2014-10-04 11:00:00,129.37685
2014-10-04 12:00:00,132.96806
2014-10-04 13:00:00,135.91423
2014-10-04 14:00:00,137.4889
2014-10-04 15:00:00,136.77121
2014-10-04 16:00:00,136.999
2014-10-04 17:00:00,143.64267
2014-10-04 18:00:00,135.6967
2014-10-04 19:00:00,134.96194
2014-10-04 1:00:00,303.85886
2014-10-04 20:00:00,124.271614
2014-10-04 21:00:00,118.78383
2014-10-04 22:00:00,121.35233
2014-10-04 23:00:00,116.28725
2014-10-04 2:00:00,251.4198
2014-10-04 3:00:00,242.41083
2014-10-04 4:00:00,133.08388
2014-10-04 5:00:00,115.50404
2014-10-04 6:00:00,113.53415
2014-10-04 7:00:00,117.67526
2014-10-04 8:00:00,116.60729
2014-10-04 9:00:00,120.77139
2014-10-05 0:00:00,118.30593
2014-10-05 10:00:00,59.02574
2014-10-05 11:00:00,57.185246
2014-10-05 12:00:00,45.448837
2014-10-05 13:00:00,40.77576
2014-10-05 14:00:00,38.73501
2014-10-05 15:00:00,36.92937
2014-10-05 16:00:00,31.695099
2014-10-05 17:00:00,27.765285
2014-10-05 18:00:00,27.472939
2014-10-05 19:00:00,27.976532
2014-10-05 1:00:00,120.75082
2014-10-05 20:00:00,27.154388
2014-10-05 21:00:00,27.5807
2014-10-05 22:00:00,26.980026
2014-10-05 23:00:00,33.220425
2014-10-05 2:00:00,114.36163
2014-10-05 3:00:00,118.25387
2014-10-05 4:00:00,118.41455
2014-10-05 5:00:00,121.03264
2014-10-05 6:00:00,103.11897
2014-10-05 7:00:00,99.75711
2014-10-05 8:00:00,80.47032
2014-10-05 9:00:00,68.47742
2014-10-06 0:00:00,35.583633
2014-10-06 10:00:00,28.053024
2014-10-06 11:00:00,34.60532
2014-10-06 12:00:00,32.71702
2014-10-06 13:00:00,41.897346
2014-10-06 14:00:00,53.61015
2014-10-06 15:00:00,57.65677
2014-10-06 16:00:00,59.42035
2014-10-06 17:00:00,62.090218
2014-10-06 18:00:00,63.34436
2014-10-06 19:00:00,81.82207
2014-10-06 1:00:00,27.55244
2014-10-06 20:00:00,108.48304
2014-10-06 21:00:00,132.07101
2014-10-06 22:00:00,146.98314
2014-10-06 23:00:00,140.19719
2014-10-06 2:00:00,38.19239
2014-10-06 3:00:00,29.56691
2014-10-06 4:00:00,36.096745
2014-10-06 5:00:00,30.439354
2014-10-06 6:00:00,29.356133
2014-10-06 7:00:00,29.637283
2014-10-06 8:00:00,30.968906
2014-10-06 9:00:00,30.325676
2014-10-07 0:00:00,128.90504
2014-10-07 10:00:00,140.9897
2014-10-07 11:00:00,152.12236
2014-10-07 12:00:00,161.95105
2014-10-07 13:00:00,157.61855
2014-10-07 14:00:00,170.12526
2014-10-07 15:00:00,186.0673
2014-10-07 16:00:00,183.45937
2014-10-07 17:00:00,172.5907
2014-10-07 18:00:00,210.59984
2014-10-07 19:00:00,208.382
2014-10-07 1:00:00,131.27367
2014-10-07 20:00:00,211.38565
2014-10-07 21:00:00,228.1514
2014-10-07 22:00:00,222.7429
2014-10-07 23:00:00,213.78084
2014-10-07 2:00:00,134.97565
2014-10-07 3:00:00,138.92787
2014-10-07 4:00:00,122.1823
2014-10-07 5:00:00,105.405914
2014-10-07 6:00:00,98.86577
2014-10-07 7:00:00,99.01175
2014-10-07 8:00:00,109.94824
2014-10-07 9:00:00,127.25388
2014-10-08 0:00:00,220.94371
2014-10-08 10:00:00,180.47252
2014-10-08 11:00:00,202.8303
2014-10-08 12:00:00,199.30473
2014-10-08 13:00:00,213.92184
2014-10-08 14:00:00,217.79318
2014-10-08 15:00:00,226.10408
2014-10-08 16:00:00,246.0785
2014-10-08 17:00:00,286.1661
2014-10-08 18:00:00,278.15286
2014-10-08 19:00:00,243.21642
2014-10-08 1:00:00,267.84482
2014-10-08 20:00:00,271.60492
2014-10-08 21:00:00,262.6153
2014-10-08 22:00:00,241.3378
2014-10-08 23:00:00,250.61324
2014-10-08 2:00:00,257.00186
2014-10-08 3:00:00,217.80046
2014-10-08 4:00:00,187.2412
2014-10-08 5:00:00,166.23918
2014-10-08 6:00:00,182.61826
2014-10-08 7:00:00,173.89738
2014-10-08 8:00:00,151.69914
2014-10-08 9:00:00,152.15265
2014-10-09 0:00:00,243.9409
2014-10-09 10:00:00,250.54906
2014-10-09 11:00:00,254.88356
2014-10-09 12:00:00,258.88925
2014-10-09 13:00:00,293.19894
2014-10-09 14:00:00,254.8737
2014-10-09 15:00:00,274.63013
2014-10-09 16:00:00,230.92268
2014-10-09 17:00:00,296.11996
2014-10-09 18:00:00,259.18518
2014-10-09 19:00:00,296.00156
2014-10-09 1:00:00,214.95734
2014-10-09 20:00:00,234.5879
2014-10-09 21:00:00,199.51167
2014-10-09 22:00:00,207.70143
2014-10-09 23:00:00,214.05891
2014-10-09 2:00:00,195.58931
2014-10-09 3:00:00,191.15628
2014-10-09 4:00:00,193.05107
2014-10-09 5:00:00,212.444
2014-10-09 6:00:00,217.84392
2014-10-09 7:00:00,278.8118
2014-10-09 8:00:00,241.35776
2014-10-09 9:00:00,213.00313
2014-10-10 0:00:00,214.07942
2014-10-10 10:00:00,237.0255
2014-10-10 11:00:00,259.01962
2014-10-10 12:00:00,278.4855
2014-10-10 13:00:00,313.03256
2014-10-10 14:00:00,316.90372
2014-10-10 15:00:00,318.2615
2014-10-10 16:00:00,274.29626
2014-10-10 17:00:00,177.03738
2014-10-10 18:00:00,254.76588
2014-10-10 19:00:00,198.34946
2014-10-10 1:00:00,177.39342
2014-10-10 20:00:00,213.16808
2014-10-10 21:00:00,257.11728
2014-10-10 22:00:00,231.80156
2014-10-10 23:00:00,189.23744
2014-10-10 2:00:00,204.3328
2014-10-10 3:00:00,189.2054
2014-10-10 4:00:00,208.50685
2014-10-10 5:00:00,221.91312
2014-10-10 6:00:00,206.628
2014-10-10 7:00:00,223.03578
2014-10-10 8:00:00,215.31895
2014-10-10 9:00:00,218.49675
2014-10-11 0:00:00,173.53915
2014-10-11 10:00:00,143.89653
2014-10-11 11:00:00,136.11456
2014-10-11 12:00:00,137.45567
2014-10-11 13:00:00,133.40172
2014-10-11 14:00:00,140.588
2014-10-11 15:00:00,122.6477
2014-10-11 16:00:00,107.46733
2014-10-11 17:00:00,106.00584
2014-10-11 18:00:00,89.27214
2014-10-11 19:00:00,68.78377
2014-10-11 1:00:00,170.04716
2014-10-11 20:00:00,57.42633
2014-10-11 21:00:00,48.508015
2014-10-11 22:00:00,50.363464
2014-10-11 23:00:00,45.89878
2014-10-11 2:00:00,172.07079
2014-10-11 3:00:00,170.44527
2014-10-11 4:00:00,153.38051
2014-10-11 5:00:00,148.16095
2014-10-11 6:00:00,161.31572
2014-10-11 7:00:00,157.29517
2014-10-11 8:00:00,157.21066
2014-10-11 9:00:00,160.46892
2014-10-12 0:00:00,44.654163
2014-10-12 10:00:00,26.582363
2014-10-12 11:00:00,26.712467
2014-10-12 12:00:00,25.63805
2014-10-12 13:00:00,24.122406
2014-10-12 14:00:00,23.934254
2014-10-12 15:00:00,23.735317
2014-10-12 16:00:00,23.916489
2014-10-12 17:00:00,23.410458
2014-10-12 18:00:00,23.182682
2014-10-12 19:00:00,23.408974
2014-10-12 1:00:00,41.812317
2014-10-12 20:00:00,23.530067
2014-10-12 21:00:00,23.572678
2014-10-12 22:00:00,23.759586
2014-10-12 23:00:00,23.804672
2014-10-12 2:00:00,36.860085
2014-10-12 3:00:00,30.61721
2014-10-12 4:00:00,28.755001
2014-10-12 5:00:00,26.91288
2014-10-12 6:00:00,27.846596
2014-10-12 7:00:00,25.100933
2014-10-12 8:00:00,24.62006
2014-10-12 9:00:00,26.404774
2014-10-13 0:00:00,23.991455
2014-10-13 10:00:00,26.979645
2014-10-13 11:00:00,25.523952
2014-10-13 12:00:00,25.093105
2014-10-13 13:00:00,24.78611
2014-10-13 14:00:00,33.536526
2014-10-13 15:00:00,34.557877
2014-10-13 16:00:00,41.6717
2014-10-13 17:00:00,47.420143
2014-10-13 18:00:00,51.27647
2014-10-13 19:00:00,55.015465
2014-10-13 1:00:00,23.545334
2014-10-13 20:00:00,56.157024
2014-10-13 21:00:00,56.08322
2014-10-13 22:00:00,58.452587
2014-10-13 23:00:00,62.38895
2014-10-13 2:00:00,23.173042
2014-10-13 3:00:00,22.750435
2014-10-13 4:00:00,22.732548
2014-10-13 5:00:00,23.034836
2014-10-13 6:00:00,29.146175
2014-10-13 7:00:00,28.855068
2014-10-13 8:00:00,37.182503
2014-10-13 9:00:00,33.794353
2014-10-14 0:00:00,69.39783
2014-10-14 10:00:00,163.83385
2014-10-14 11:00:00,190.5111
2014-10-14 12:00:00,204.52504
2014-10-14 13:00:00,298.069
2014-10-14 14:00:00,315.20944
2014-10-14 15:00:00,306.55103
2014-10-14 16:00:00,248.2111
2014-10-14 17:00:00,155.31279
2014-10-14 18:00:00,126.57977
2014-10-14 19:00:00,117.689865
2014-10-14 1:00:00,75.7559
2014-10-14 20:00:00,114.2225
2014-10-14 21:00:00,143.24416
2014-10-14 22:00:00,163.20847
2014-10-14 23:00:00,146.80418
2014-10-14 2:00:00,85.29794
2014-10-14 3:00:00,80.19639
2014-10-14 4:00:00,77.07115
2014-10-14 5:00:00,116.679474
2014-10-14 6:00:00,126.90004
2014-10-14 7:00:00,132.12679
2014-10-14 8:00:00,153.21487
2014-10-14 9:00:00,164.18088
2014-10-15 0:00:00,148.61598
2014-10-15 10:00:00,111.64589
2014-10-15 11:00:00,87.058655
2014-10-15 12:00:00,66.39009
2014-10-15 13:00:00,43.63693
2014-10-15 14:00:00,29.894009
2014-10-15 15:00:00,26.393158
2014-10-15 16:00:00,24.733257
2014-10-15 17:00:00,23.39318
2014-10-15 18:00:00,22.474628
2014-10-15 19:00:00,22.026329
2014-10-15 1:00:00,140.83961
2014-10-15 20:00:00,21.733994
2014-10-15 21:00:00,21.474915
2014-10-15 22:00:00,24.5121
2014-10-15 23:00:00,31.149754
2014-10-15 2:00:00,144.11282
2014-10-15 3:00:00,137.01236
2014-10-15 4:00:00,152.05464
2014-10-15 5:00:00,149.6031
2014-10-15 6:00:00,145.74797
2014-10-15 7:00:00,139.23012
2014-10-15 8:00:00,137.57912
2014-10-15 9:00:00,150.7928
2014-10-16 0:00:00,30.95853
2014-10-16 10:00:00,80.990616
2014-10-16 11:00:00,59.717667
2014-10-16 12:00:00,54.927757
2014-10-16 13:00:00,55.141426
2014-10-16 14:00:00,61.039356
2014-10-16 15:00:00,68.28618
2014-10-16 16:00:00,71.64277
2014-10-16 17:00:00,73.8585
2014-10-16 18:00:00,77.376114
2014-10-16 19:00:00,78.91565
2014-10-16 1:00:00,36.96616
2014-10-16 20:00:00,78.850006
2014-10-16 21:00:00,103.51445
2014-10-16 22:00:00,137.64589
2014-10-16 23:00:00,173.06195
2014-10-16 2:00:00,35.330616
2014-10-16 3:00:00,37.265076
2014-10-16 4:00:00,36.923214
2014-10-16 5:00:00,53.367455
2014-10-16 6:00:00,50.312645
2014-10-16 7:00:00,57.661087
2014-10-16 8:00:00,60.992775
2014-10-16 9:00:00,123.88922
2014-10-17 0:00:00,165.14552
2014-10-17 10:00:00,129.05916
2014-10-17 11:00:00,140.29378
2014-10-17 12:00:00,148.4694
2014-10-17 13:00:00,168.62794
2014-10-17 14:00:00,183.33672
2014-10-17 15:00:00,185.58101
2014-10-17 16:00:00,179.55586
2014-10-17 17:00:00,179.77084
2014-10-17 18:00:00,195.23796
2014-10-17 19:00:00,201.9337
2014-10-17 1:00:00,151.0196
2014-10-17 20:00:00,157.95088
2014-10-17 21:00:00,198.47345
2014-10-17 22:00:00,201.97299
2014-10-17 23:00:00,195.93132
2014-10-17 2:00:00,118.74544
2014-10-17 3:00:00,144.24417
2014-10-17 4:00:00,122.262115
2014-10-17 5:00:00,104.272964
2014-10-17 6:00:00,103.46898
2014-10-17 7:00:00,117.77544
2014-10-17 8:00:00,120.21771
2014-10-17 9:00:00,117.6616
2014-10-18 0:00:00,184.55922
2014-10-18 10:00:00,125.146545
2014-10-18 11:00:00,113.578125
2014-10-18 12:00:00,120.00078
2014-10-18 13:00:00,139.6661
2014-10-18 14:00:00,151.32826
2014-10-18 15:00:00,156.65343
2014-10-18 16:00:00,154.29836
2014-10-18 17:00:00,210.57811
2014-10-18 18:00:00,237.6204
2014-10-18 19:00:00,232.94121
2014-10-18 1:00:00,187.44543
2014-10-18 20:00:00,253.4124
2014-10-18 21:00:00,258.05255
2014-10-18 22:00:00,197.9416
2014-10-18 23:00:00,164.5176
2014-10-18 2:00:00,143.12773
2014-10-18 3:00:00,122.83545
2014-10-18 4:00:00,110.90325
2014-10-18 5:00:00,127.96828
2014-10-18 6:00:00,136.55928
2014-10-18 7:00:00,153.12468
2014-10-18 8:00:00,126.30501
2014-10-18 9:00:00,125.643524
2014-10-19 0:00:00,168.81612
2014-10-19 10:00:00,197.41643
2014-10-19 11:00:00,173.82936
2014-10-19 12:00:00,143.21442
2014-10-19 13:00:00,132.83653
2014-10-19 14:00:00,134.43533
2014-10-19 15:00:00,134.33307
2014-10-19 16:00:00,132.87596
2014-10-19 17:00:00,125.88656
2014-10-19 18:00:00,206.47255
2014-10-19 19:00:00,159.09122
2014-10-19 1:00:00,183.07411
2014-10-19 20:00:00,175.9721
2014-10-19 21:00:00,179.31389
2014-10-19 22:00:00,148.90776
2014-10-19 23:00:00,135.6128
2014-10-19 2:00:00,230.41664
2014-10-19 3:00:00,259.67368
2014-10-19 4:00:00,292.98325
2014-10-19 5:00:00,310.5931
2014-10-19 6:00:00,228.08784
2014-10-19 7:00:00,249.79079
2014-10-19 8:00:00,245.75209
2014-10-19 9:00:00,192.38478
2014-10-20 0:00:00,130.49089
2014-10-20 10:00:00,139.50491
2014-10-20 11:00:00,131.53984
2014-10-20 12:00:00,118.35162
2014-10-20 13:00:00,110.95616
2014-10-20 14:00:00,112.151306
2014-10-20 15:00:00,110.635956
2014-10-20 16:00:00,110.00218
2014-10-20 17:00:00,116.47984
2014-10-20 18:00:00,119.43403
2014-10-20 19:00:00,128.45131
2014-10-20 1:00:00,129.98154
2014-10-20 20:00:00,128.21541
2014-10-20 21:00:00,126.13238
2014-10-20 22:00:00,118.83566
2014-10-20 23:00:00,114.03945
2014-10-20 2:00:00,129.87439
2014-10-20 3:00:00,131.66293
2014-10-20 4:00:00,127.014946
2014-10-20 5:00:00,130.55182
2014-10-20 6:00:00,128.35576
2014-10-20 7:00:00,132.13194
2014-10-20 8:00:00,126.71942
2014-10-20 9:00:00,137.15746
2014-10-21 0:00:00,104.100174
2014-10-21 10:00:00,81.91031
2014-10-21 11:00:00,80.11592
2014-10-21 12:00:00,77.394455
2014-10-21 13:00:00,78.047745
2014-10-21 14:00:00,81.81219
2014-10-21 15:00:00,84.099945
2014-10-21 16:00:00,85.546555
2014-10-21 17:00:00,88.23807
2014-10-21 18:00:00,97.64728
2014-10-21 19:00:00,104.255394
2014-10-21 1:00:00,99.314384
2014-10-21 20:00:00,107.952934
2014-10-21 21:00:00,119.42692
2014-10-21 22:00:00,115.26979
2014-10-21 23:00:00,142.21074
2014-10-21 2:00:00,98.666824
2014-10-21 3:00:00,100.170425
2014-10-21 4:00:00,93.53574
2014-10-21 5:00:00,91.60211
2014-10-21 6:00:00,89.637695
2014-10-21 7:00:00,83.813644
2014-10-21 8:00:00,79.399765
2014-10-21 9:00:00,79.53013
2014-10-22 0:00:00,136.3339
2014-10-22 10:00:00,182.62935
2014-10-22 11:00:00,207.12921
2014-10-22 12:00:00,222.67195
2014-10-22 13:00:00,224.15247
2014-10-22 14:00:00,223.3633
2014-10-22 15:00:00,218.8365
2014-10-22 16:00:00,221.4626
2014-10-22 17:00:00,202.55943
2014-10-22 18:00:00,223.7725
2014-10-22 19:00:00,226.23575
2014-10-22 1:00:00,151.75642
2014-10-22 20:00:00,229.83276
2014-10-22 21:00:00,225.0661
2014-10-22 22:00:00,211.70955
2014-10-22 23:00:00,208.48563
2014-10-22 2:00:00,143.38554
2014-10-22 3:00:00,168.07773
2014-10-22 4:00:00,167.91628
2014-10-22 5:00:00,186.76447
2014-10-22 6:00:00,177.0966
2014-10-22 7:00:00,194.93819
2014-10-22 8:00:00,181.70546
2014-10-22 9:00:00,194.36378
2014-10-23 0:00:00,206.3537
2014-10-23 10:00:00,149.11829
2014-10-23 11:00:00,180.50735
2014-10-23 12:00:00,184.2257
2014-10-23 13:00:00,200.63457
2014-10-23 14:00:00,207.57024
2014-10-23 15:00:00,236.66505
2014-10-23 16:00:00,257.8231
2014-10-23 17:00:00,259.37094
2014-10-23 18:00:00,271.43155
2014-10-23 19:00:00,267.22003
2014-10-23 1:00:00,190.93819
2014-10-23 20:00:00,268.06107
2014-10-23 21:00:00,287.06152
2014-10-23 22:00:00,271.03244
2014-10-23 23:00:00,289.85342
2014-10-23 2:00:00,189.67732
2014-10-23 3:00:00,184.15459
2014-10-23 4:00:00,168.09898
2014-10-23 5:00:00,146.08434
2014-10-23 6:00:00,160.67468
2014-10-23 7:00:00,159.43532
2014-10-23 8:00:00,166.47758
2014-10-23 9:00:00,136.35863
2014-10-24 0:00:00,215.63362
2014-10-24 10:00:00,67.630455
2014-10-24 11:00:00,91.418915
2014-10-24 12:00:00,86.80239
2014-10-24 13:00:00,125.30051
2014-10-24 14:00:00,143.33127
2014-10-24 15:00:00,136.58746
2014-10-24 16:00:00,134.41963
2014-10-24 17:00:00,152.78821
2014-10-24 18:00:00,167.11987
2014-10-24 19:00:00,175.51314
2014-10-24 1:00:00,241.47023
2014-10-24 20:00:00,182.94743
2014-10-24 21:00:00,187.40904
2014-10-24 22:00:00,162.74754
2014-10-24 23:00:00,135.26344
2014-10-24 2:00:00,221.54115
2014-10-24 3:00:00,192.7874
2014-10-24 4:00:00,175.72093
2014-10-24 5:00:00,137.73055
2014-10-24 6:00:00,130.9253
2014-10-24 7:00:00,109.128174
2014-10-24 8:00:00,115.59519
2014-10-24 9:00:00,86.44301
2014-10-25 0:00:00,224.78273
2014-10-25 10:00:00,134.19652
2014-10-25 11:00:00,101.29581
2014-10-25 12:00:00,70.96091
2014-10-25 13:00:00,138.4367
2014-10-25 14:00:00,132.34575
2014-10-25 15:00:00,139.5363
2014-10-25 16:00:00,153.00002
2014-10-25 17:00:00,170.83165
2014-10-25 18:00:00,206.80849
2014-10-25 19:00:00,200.02202
2014-10-25 1:00:00,153.09517
2014-10-25 20:00:00,216.15526
2014-10-25 21:00:00,174.68568
2014-10-25 22:00:00,159.32426
2014-10-25 23:00:00,129.22932
2014-10-25 2:00:00,116.93399
2014-10-25 3:00:00,168.27101
2014-10-25 4:00:00,146.7496
2014-10-25 5:00:00,135.63832
2014-10-25 6:00:00,128.3891
2014-10-25 7:00:00,120.82149
2014-10-25 8:00:00,105.19141
2014-10-25 9:00:00,84.71796
2014-10-26 0:00:00,102.00838
2014-10-26 10:00:00,29.43185
2014-10-26 11:00:00,26.991283
2014-10-26 12:00:00,27.38364
2014-10-26 13:00:00,26.784523
2014-10-26 14:00:00,26.012154
2014-10-26 15:00:00,26.412937
2014-10-26 16:00:00,25.709217
2014-10-26 17:00:00,24.619747
2014-10-26 18:00:00,24.05413
2014-10-26 19:00:00,24.290268
2014-10-26 1:00:00,90.96568
2014-10-26 20:00:00,22.622086
2014-10-26 21:00:00,25.089851
2014-10-26 22:00:00,25.983536
2014-10-26 23:00:00,26.251854
2014-10-26 2:00:00,90.469215
2014-10-26 3:00:00,84.21156
2014-10-26 4:00:00,110.994446
2014-10-26 5:00:00,77.300186
2014-10-26 6:00:00,62.291527
2014-10-26 7:00:00,46.221474
2014-10-26 8:00:00,35.90289
2014-10-26 9:00:00,34.969467
2014-10-27 0:00:00,25.994186
2014-10-27 10:00:00,75.14219
2014-10-27 11:00:00,106.57813
2014-10-27 12:00:00,107.41882
2014-10-27 13:00:00,95.01572
2014-10-27 14:00:00,97.25548
2014-10-27 15:00:00,101.64022
2014-10-27 16:00:00,103.954414
2014-10-27 17:00:00,100.13678
2014-10-27 18:00:00,91.47204
2014-10-27 19:00:00,98.45179
2014-10-27 1:00:00,25.34554
2014-10-27 20:00:00,103.38984
2014-10-27 21:00:00,103.95243
2014-10-27 22:00:00,106.02869
2014-10-27 23:00:00,147.01703
2014-10-27 2:00:00,25.154198
2014-10-27 3:00:00,24.661285
2014-10-27 4:00:00,24.951256
2014-10-27 5:00:00,33.735485
2014-10-27 6:00:00,35.64766
2014-10-27 7:00:00,38.620197
2014-10-27 8:00:00,39.779297
2014-10-27 9:00:00,61.216515
2014-10-28 0:00:00,149.447
2014-10-28 10:00:00,158.83093
2014-10-28 11:00:00,164.67195
2014-10-28 12:00:00,167.40468
2014-10-28 13:00:00,169.92026
2014-10-28 14:00:00,174.13719
2014-10-28 15:00:00,175.21526
2014-10-28 16:00:00,177.00258
2014-10-28 17:00:00,176.36815
2014-10-28 18:00:00,176.55443
2014-10-28 19:00:00,169.02972
2014-10-28 1:00:00,147.43387
2014-10-28 20:00:00,161.70985
2014-10-28 21:00:00,169.09837
2014-10-28 22:00:00,168.09227
2014-10-28 23:00:00,185.69176
2014-10-28 2:00:00,168.43436
2014-10-28 3:00:00,169.78493
2014-10-28 4:00:00,182.40132
2014-10-28 5:00:00,152.35912
2014-10-28 6:00:00,159.49153
2014-10-28 7:00:00,162.91386
2014-10-28 8:00:00,167.07088
2014-10-28 9:00:00,159.96031
2014-10-29 0:00:00,170.57945
2014-10-29 10:00:00,115.57596
2014-10-29 11:00:00,124.95659
2014-10-29 12:00:00,144.16461
2014-10-29 13:00:00,150.36052
2014-10-29 14:00:00,154.77605
2014-10-29 15:00:00,162.73886
2014-10-29 16:00:00,167.69917
2014-10-29 17:00:00,175.96089
2014-10-29 18:00:00,188.24786
2014-10-29 19:00:00,184.13702
2014-10-29 1:00:00,175.5417
2014-10-29 20:00:00,194.01471
2014-10-29 21:00:00,186.82188
2014-10-29 22:00:00,182.36324
2014-10-29 23:00:00,173.63152
2014-10-29 2:00:00,187.08424
2014-10-29 3:00:00,185.97903
2014-10-29 4:00:00,182.17076
2014-10-29 5:00:00,131.25899
2014-10-29 6:00:00,135.3731
2014-10-29 7:00:00,120.59387
2014-10-29 8:00:00,113.45622
2014-10-29 9:00:00,112.49013
2014-10-30 0:00:00,173.49239
2014-10-30 10:00:00,157.73204
2014-10-30 11:00:00,158.7817
2014-10-30 12:00:00,157.9926
2014-10-30 13:00:00,161.3374
2014-10-30 14:00:00,166.03714
2014-10-30 15:00:00,170.85881
2014-10-30 16:00:00,175.89885
2014-10-30 17:00:00,218.98216
2014-10-30 18:00:00,197.96036
2014-10-30 19:00:00,205.76315
2014-10-30 1:00:00,193.82915
2014-10-30 20:00:00,182.79414
2014-10-30 21:00:00,194.28105
2014-10-30 22:00:00,203.98344
2014-10-30 23:00:00,191.47295
2014-10-30 2:00:00,171.38156
2014-10-30 3:00:00,154.94179
2014-10-30 4:00:00,175.02724
2014-10-30 5:00:00,149.94485
2014-10-30 6:00:00,170.96146
2014-10-30 7:00:00,155.5685
2014-10-30 8:00:00,150.50436
2014-10-30 9:00:00,162.50108
2014-10-31 0:00:00,199.54015
2014-10-31 10:00:00,182.91579
2014-10-31 11:00:00,187.33113
2014-10-31 12:00:00,204.52669
2014-10-31 13:00:00,221.07353
2014-10-31 14:00:00,211.60008
2014-10-31 15:00:00,178.71114
2014-10-31 16:00:00,181.6872
2014-10-31 17:00:00,232.85059
2014-10-31 18:00:00,219.93437
2014-10-31 19:00:00,196.62901
2014-10-31 1:00:00,195.13588
2014-10-31 20:00:00,182.82767
2014-10-31 21:00:00,169.9175
2014-10-31 22:00:00,155.42686
2014-10-31 23:00:00,169.81947
2014-10-31 2:00:00,190.74406
2014-10-31 3:00:00,197.41896
2014-10-31 4:00:00,193.68242
2014-10-31 5:00:00,155.99446
2014-10-31 6:00:00,178.73558
2014-10-31 7:00:00,167.31917
2014-10-31 8:00:00,173.82216
2014-10-31 9:00:00,186.25465
2014-11-01 0:00:00,124.62077
2014-11-01 10:00:00,167.31477
2014-11-01 11:00:00,94.657524
2014-11-01 12:00:00,52.74608
2014-11-01 13:00:00,44.068752
2014-11-01 14:00:00,33.32254
2014-11-01 15:00:00,27.907188
2014-11-01 16:00:00,25.01891
2014-11-01 17:00:00,23.297623
2014-11-01 18:00:00,23.087204
2014-11-01 19:00:00,22.871117
2014-11-01 1:00:00,141.50089
2014-11-01 20:00:00,22.661232
2014-11-01 21:00:00,22.435856
2014-11-01 22:00:00,22.26257
2014-11-01 23:00:00,21.86259
2014-11-01 2:00:00,169.89137
2014-11-01 3:00:00,145.37721
2014-11-01 4:00:00,154.63902
2014-11-01 5:00:00,157.57704
2014-11-01 6:00:00,152.8008
2014-11-01 7:00:00,185.10576
2014-11-01 8:00:00,154.6687
2014-11-01 9:00:00,184.8115
2014-11-02 0:00:00,21.490364
2014-11-02 10:00:00,21.808674
2014-11-02 11:00:00,21.918167
2014-11-02 12:00:00,21.96347
2014-11-02 13:00:00,22.041935
2014-11-02 14:00:00,22.10595
2014-11-02 15:00:00,22.200806
2014-11-02 16:00:00,22.428875
2014-11-02 17:00:00,22.704037
2014-11-02 18:00:00,22.841724
2014-11-02 19:00:00,23.0112
2014-11-02 1:00:00,21.495419
2014-11-02 20:00:00,23.009453
2014-11-02 21:00:00,23.056564
2014-11-02 22:00:00,32.340927
2014-11-02 23:00:00,33.751297
2014-11-02 2:00:00,21.654408
2014-11-02 3:00:00,21.439934
2014-11-02 4:00:00,21.566208
2014-11-02 5:00:00,21.292645
2014-11-02 6:00:00,21.223751
2014-11-02 7:00:00,21.27724
2014-11-02 8:00:00,21.480263
2014-11-02 9:00:00,21.739197
2014-11-03 0:00:00,40.565956
2014-11-03 10:00:00,67.08487
2014-11-03 11:00:00,74.38925
2014-11-03 12:00:00,79.02344
2014-11-03 13:00:00,74.2581
2014-11-03 14:00:00,78.382195
2014-11-03 15:00:00,79.4291
2014-11-03 16:00:00,79.66554
2014-11-03 17:00:00,79.79993
2014-11-03 18:00:00,81.012955
2014-11-03 19:00:00,90.2697
2014-11-03 1:00:00,43.874237
2014-11-03 20:00:00,97.41455
2014-11-03 21:00:00,297.30466
2014-11-03 22:00:00,186.26924
2014-11-03 23:00:00,166.59933
2014-11-03 2:00:00,48.783657
2014-11-03 3:00:00,43.450485
2014-11-03 4:00:00,57.441788
2014-11-03 5:00:00,50.627655
2014-11-03 6:00:00,61.815525
2014-11-03 7:00:00,68.512344
2014-11-03 8:00:00,74.6674
2014-11-03 9:00:00,74.21727
2014-11-04 0:00:00,167.97246
2014-11-04 10:00:00,185.8269
2014-11-04 11:00:00,197.71844
2014-11-04 12:00:00,228.4377
2014-11-04 13:00:00,245.14507
2014-11-04 14:00:00,247.58888
2014-11-04 15:00:00,268.5223
2014-11-04 16:00:00,301.9316
2014-11-04 17:00:00,312.6301
2014-11-04 18:00:00,197.70174
2014-11-04 19:00:00,158.51863
2014-11-04 1:00:00,183.42531
2014-11-04 20:00:00,158.11714
2014-11-04 21:00:00,154.93054
2014-11-04 22:00:00,159.56595
2014-11-04 23:00:00,145.96701
2014-11-04 2:00:00,166.36256
2014-11-04 3:00:00,166.2181
2014-11-04 4:00:00,155.78981
2014-11-04 5:00:00,164.21144
2014-11-04 6:00:00,162.98349
2014-11-04 7:00:00,169.07066
2014-11-04 8:00:00,176.1815
2014-11-04 9:00:00,159.85146
2014-11-05 0:00:00,132.8534
2014-11-05 10:00:00,134.80876
2014-11-05 11:00:00,95.166306
2014-11-05 12:00:00,73.192276
2014-11-05 13:00:00,58.40471
2014-11-05 14:00:00,60.095764
2014-11-05 15:00:00,32.566402
2014-11-05 16:00:00,27.56549
2014-11-05 17:00:00,24.744267
2014-11-05 18:00:00,23.754871
2014-11-05 19:00:00,23.07912
2014-11-05 1:00:00,143.2409
2014-11-05 20:00:00,26.839867
2014-11-05 21:00:00,26.58556
2014-11-05 22:00:00,30.004692
2014-11-05 23:00:00,25.577858
2014-11-05 2:00:00,140.24065
2014-11-05 3:00:00,132.19362
2014-11-05 4:00:00,127.294464
2014-11-05 5:00:00,117.872375
2014-11-05 6:00:00,123.809235
2014-11-05 7:00:00,104.71653
2014-11-05 8:00:00,124.960495
2014-11-05 9:00:00,113.44049
2014-11-06 0:00:00,23.914307
2014-11-06 10:00:00,25.75636
2014-11-06 11:00:00,25.17165
2014-11-06 12:00:00,24.541538
2014-11-06 13:00:00,24.227428
2014-11-06 14:00:00,23.821579
2014-11-06 15:00:00,23.781258
2014-11-06 16:00:00,23.667
2014-11-06 17:00:00,23.839867
2014-11-06 18:00:00,30.422428
2014-11-06 19:00:00,47.578987
2014-11-06 1:00:00,23.598694
2014-11-06 20:00:00,68.0702
2014-11-06 21:00:00,89.146904
2014-11-06 22:00:00,116.116135
2014-11-06 23:00:00,114.84573
2014-11-06 2:00:00,23.46196
2014-11-06 3:00:00,23.77367
2014-11-06 4:00:00,26.126053
2014-11-06 5:00:00,26.809258
2014-11-06 6:00:00,26.88702
2014-11-06 7:00:00,26.740772
2014-11-06 8:00:00,26.292675
2014-11-06 9:00:00,27.101639
2014-11-07 0:00:00,109.14054
2014-11-07 10:00:00,91.8164
2014-11-07 11:00:00,107.504234
2014-11-07 12:00:00,109.958145
2014-11-07 13:00:00,130.63632
2014-11-07 14:00:00,147.8618
2014-11-07 15:00:00,167.24022
2014-11-07 16:00:00,168.28503
2014-11-07 17:00:00,327.0612
2014-11-07 18:00:00,298.23386
2014-11-07 19:00:00,282.75104
2014-11-07 1:00:00,106.90892
2014-11-07 20:00:00,265.87924
2014-11-07 21:00:00,278.66373
2014-11-07 22:00:00,225.89328
2014-11-07 23:00:00,273.3323
2014-11-07 2:00:00,105.64875
2014-11-07 3:00:00,124.480286
2014-11-07 4:00:00,127.09519
2014-11-07 5:00:00,117.1877
2014-11-07 6:00:00,91.22577
2014-11-07 7:00:00,89.4879
2014-11-07 8:00:00,89.00657
2014-11-07 9:00:00,88.920395
2014-11-08 0:00:00,265.00156
2014-11-08 10:00:00,193.02516
2014-11-08 11:00:00,135.06282
2014-11-08 12:00:00,144.36021
2014-11-08 13:00:00,170.56389
2014-11-08 14:00:00,144.5458
2014-11-08 15:00:00,151.47044
2014-11-08 16:00:00,136.67336
2014-11-08 17:00:00,132.61089
2014-11-08 18:00:00,168.7195
2014-11-08 19:00:00,168.3355
2014-11-08 1:00:00,269.38904
2014-11-08 20:00:00,143.07788
2014-11-08 21:00:00,140.76254
2014-11-08 22:00:00,155.32883
2014-11-08 23:00:00,148.64955
2014-11-08 2:00:00,257.44608
2014-11-08 3:00:00,199.92297
2014-11-08 4:00:00,167.36052
2014-11-08 5:00:00,172.4481
2014-11-08 6:00:00,167.66333
2014-11-08 7:00:00,144.55351
2014-11-08 8:00:00,212.81105
2014-11-08 9:00:00,214.4783
2014-11-09 0:00:00,149.45502
2014-11-09 10:00:00,54.779167
2014-11-09 11:00:00,46.583572
2014-11-09 12:00:00,84.94162
2014-11-09 13:00:00,72.98103
2014-11-09 14:00:00,69.11619
2014-11-09 15:00:00,71.43921
2014-11-09 16:00:00,63.249718
2014-11-09 17:00:00,61.708023
2014-11-09 18:00:00,64.5623
2014-11-09 19:00:00,78.29777
2014-11-09 1:00:00,140.10228
2014-11-09 20:00:00,80.875
2014-11-09 21:00:00,128.22243
2014-11-09 22:00:00,101.585526
2014-11-09 23:00:00,114.8299
2014-11-09 2:00:00,150.54265
2014-11-09 3:00:00,129.21187
2014-11-09 4:00:00,125.95976
2014-11-09 5:00:00,137.77403
2014-11-09 6:00:00,114.63652
2014-11-09 7:00:00,88.04684
2014-11-09 8:00:00,77.51887
2014-11-09 9:00:00,78.0807
2014-11-10 0:00:00,118.23826
2014-11-10 10:00:00,130.76198
2014-11-10 11:00:00,166.77422
2014-11-10 12:00:00,146.2042
2014-11-10 13:00:00,165.6479
2014-11-10 14:00:00,151.86763
2014-11-10 15:00:00,139.91737
2014-11-10 16:00:00,105.79752
2014-11-10 17:00:00,130.54109
2014-11-10 18:00:00,133.6934
2014-11-10 19:00:00,83.45372
2014-11-10 1:00:00,138.71349
2014-11-10 20:00:00,109.52465
2014-11-10 21:00:00,129.63771
2014-11-10 22:00:00,148.0619
2014-11-10 23:00:00,157.30263
2014-11-10 2:00:00,129.50352
2014-11-10 3:00:00,139.69789
2014-11-10 4:00:00,127.4311
2014-11-10 5:00:00,112.6264
2014-11-10 6:00:00,102.238754
2014-11-10 7:00:00,84.52431
2014-11-10 8:00:00,83.39104
2014-11-10 9:00:00,116.09912
2014-11-11 0:00:00,157.64183
2014-11-11 10:00:00,75.28113
2014-11-11 11:00:00,38.767754
2014-11-11 12:00:00,27.136444
2014-11-11 13:00:00,26.309296
2014-11-11 14:00:00,25.804459
2014-11-11 15:00:00,24.827652
2014-11-11 16:00:00,23.201061
2014-11-11 17:00:00,22.500675
2014-11-11 18:00:00,21.859451
2014-11-11 19:00:00,21.61385
2014-11-11 1:00:00,150.5157
2014-11-11 20:00:00,21.794842
2014-11-11 21:00:00,21.727715
2014-11-11 22:00:00,21.439232
2014-11-11 23:00:00,21.353985
2014-11-11 2:00:00,155.03471
2014-11-11 3:00:00,157.04094
2014-11-11 4:00:00,160.16672
2014-11-11 5:00:00,169.25322
2014-11-11 6:00:00,194.078
2014-11-11 7:00:00,153.16434
2014-11-11 8:00:00,143.86386
2014-11-11 9:00:00,120.59088
2014-11-12 0:00:00,21.31335
2014-11-12 10:00:00,22.06844
2014-11-12 11:00:00,22.498833
2014-11-12 12:00:00,23.106846
2014-11-12 13:00:00,23.489048
2014-11-12 14:00:00,23.862831
2014-11-12 15:00:00,24.494534
2014-11-12 16:00:00,26.008656
2014-11-12 17:00:00,26.42059
2014-11-12 18:00:00,26.639217
2014-11-12 19:00:00,27.565697
2014-11-12 1:00:00,21.20945
2014-11-12 20:00:00,26.518467
2014-11-12 21:00:00,25.104397
2014-11-12 22:00:00,25.897877
2014-11-12 23:00:00,24.89433
2014-11-12 2:00:00,21.227509
2014-11-12 3:00:00,21.413662
2014-11-12 4:00:00,21.76698
2014-11-12 5:00:00,21.80458
2014-11-12 6:00:00,22.097977
2014-11-12 7:00:00,21.98468
2014-11-12 8:00:00,21.924625
2014-11-12 9:00:00,21.956352
2014-11-13 0:00:00,24.394112
2014-11-13 10:00:00,86.357376
2014-11-13 11:00:00,73.05976
2014-11-13 12:00:00,62.790028
2014-11-13 13:00:00,62.159992
2014-11-13 14:00:00,52.874825
2014-11-13 15:00:00,47.27216
2014-11-13 16:00:00,46.101162
2014-11-13 17:00:00,48.570923
2014-11-13 18:00:00,81.759125
2014-11-13 19:00:00,80.87799
2014-11-13 1:00:00,24.303955
2014-11-13 20:00:00,75.810425
2014-11-13 21:00:00,105.85611
2014-11-13 22:00:00,101.566864
2014-11-13 23:00:00,99.62214
2014-11-13 2:00:00,33.039513
2014-11-13 3:00:00,34.702324
2014-11-13 4:00:00,27.782986
2014-11-13 5:00:00,36.87153
2014-11-13 6:00:00,41.249657
2014-11-13 7:00:00,59.67015
2014-11-13 8:00:00,72.03057
2014-11-13 9:00:00,82.633644
2014-11-14 0:00:00,95.75125
2014-11-14 10:00:00,89.958405
2014-11-14 11:00:00,70.29127
2014-11-14 12:00:00,66.78433
2014-11-14 13:00:00,62.07136
2014-11-14 14:00:00,71.81206
2014-11-14 15:00:00,71.72119
2014-11-14 16:00:00,76.28509
2014-11-14 17:00:00,103.74485
2014-11-14 18:00:00,110.32338
2014-11-14 19:00:00,124.68721
2014-11-14 1:00:00,102.77769
2014-11-14 20:00:00,141.42929
2014-11-14 21:00:00,140.91798
2014-11-14 22:00:00,177.13371
2014-11-14 23:00:00,136.13562
2014-11-14 2:00:00,95.80919
2014-11-14 3:00:00,94.013306
2014-11-14 4:00:00,99.77557
2014-11-14 5:00:00,98.31943
2014-11-14 6:00:00,88.13158
2014-11-14 7:00:00,80.712364
2014-11-14 8:00:00,90.856606
2014-11-14 9:00:00,80.40192
2014-11-15 0:00:00,157.90889
2014-11-15 10:00:00,148.88707
2014-11-15 11:00:00,152.75633
2014-11-15 12:00:00,147.17201
2014-11-15 13:00:00,156.54079
2014-11-15 14:00:00,166.21803
2014-11-15 15:00:00,190.07648
2014-11-15 16:00:00,163.24188
2014-11-15 17:00:00,267.20187
2014-11-15 18:00:00,256.15137
2014-11-15 19:00:00,174.36967
2014-11-15 1:00:00,140.90019
2014-11-15 20:00:00,160.89638
2014-11-15 21:00:00,170.03114
2014-11-15 22:00:00,187.85825
2014-11-15 23:00:00,183.96799
2014-11-15 2:00:00,163.6216
2014-11-15 3:00:00,166.28264
2014-11-15 4:00:00,156.01103
2014-11-15 5:00:00,140.4348
2014-11-15 6:00:00,123.4619
2014-11-15 7:00:00,129.75801
2014-11-15 8:00:00,171.7082
2014-11-15 9:00:00,160.73271
2014-11-16 0:00:00,155.0436
2014-11-16 10:00:00,251.94891
2014-11-16 11:00:00,225.0595
2014-11-16 12:00:00,170.3224
2014-11-16 13:00:00,115.8663
2014-11-16 14:00:00,63.786026
2014-11-16 15:00:00,40.05375
2014-11-16 16:00:00,27.860714
2014-11-16 17:00:00,27.670269
2014-11-16 18:00:00,25.013313
2014-11-16 19:00:00,23.774868
2014-11-16 1:00:00,146.0578
2014-11-16 20:00:00,22.924278
2014-11-16 21:00:00,22.311012
2014-11-16 22:00:00,22.46701
2014-11-16 23:00:00,21.688904
2014-11-16 2:00:00,139.83528
2014-11-16 3:00:00,150.91522
2014-11-16 4:00:00,177.65538
2014-11-16 5:00:00,178.83916
2014-11-16 6:00:00,228.82079
2014-11-16 7:00:00,306.0629
2014-11-16 8:00:00,270.1537
2014-11-16 9:00:00,268.7177
2014-11-17 0:00:00,21.714314
2014-11-17 10:00:00,25.326874
2014-11-17 11:00:00,25.018063
2014-11-17 12:00:00,24.411915
2014-11-17 13:00:00,23.973938
2014-11-17 14:00:00,23.86584
2014-11-17 15:00:00,23.735115
2014-11-17 16:00:00,23.277176
2014-11-17 17:00:00,23.243446
2014-11-17 18:00:00,32.967857
2014-11-17 19:00:00,34.694885
2014-11-17 1:00:00,22.023258
2014-11-17 20:00:00,37.79319
2014-11-17 21:00:00,39.19116
2014-11-17 22:00:00,48.251656
2014-11-17 23:00:00,50.956593
2014-11-17 2:00:00,21.728565
2014-11-17 3:00:00,21.527935
2014-11-17 4:00:00,21.485786
2014-11-17 5:00:00,31.977707
2014-11-17 6:00:00,33.158077
2014-11-17 7:00:00,32.786274
2014-11-17 8:00:00,28.426697
2014-11-17 9:00:00,26.285423
2014-11-18 0:00:00,52.93681
2014-11-18 10:00:00,73.97444
2014-11-18 11:00:00,94.93379
2014-11-18 12:00:00,81.76958
2014-11-18 13:00:00,81.24989
2014-11-18 14:00:00,86.7356
2014-11-18 15:00:00,110.70698
2014-11-18 16:00:00,125.77527
2014-11-18 17:00:00,286.0734
2014-11-18 18:00:00,238.5378
2014-11-18 19:00:00,246.72668
2014-11-18 1:00:00,58.639767
2014-11-18 20:00:00,271.9669
2014-11-18 21:00:00,225.47374
2014-11-18 22:00:00,250.89062
2014-11-18 23:00:00,171.73009
2014-11-18 2:00:00,64.5468
2014-11-18 3:00:00,67.50063
2014-11-18 4:00:00,162.39268
2014-11-18 5:00:00,113.74131
2014-11-18 6:00:00,75.277466
2014-11-18 7:00:00,69.21243
2014-11-18 8:00:00,86.21217
2014-11-18 9:00:00,79.486534
2014-11-19 0:00:00,174.6772
2014-11-19 10:00:00,306.31033
2014-11-19 11:00:00,308.29495
2014-11-19 12:00:00,309.3182
2014-11-19 13:00:00,314.88852
2014-11-19 14:00:00,304.25656
2014-11-19 15:00:00,317.1168
2014-11-19 16:00:00,305.43552
2014-11-19 17:00:00,319.4529
2014-11-19 18:00:00,323.99127
2014-11-19 19:00:00,318.18118
2014-11-19 1:00:00,163.00124
2014-11-19 20:00:00,303.58524
2014-11-19 21:00:00,333.92908
2014-11-19 22:00:00,323.08536
2014-11-19 23:00:00,323.18594
2014-11-19 2:00:00,163.77675
2014-11-19 3:00:00,161.56642
2014-11-19 4:00:00,167.57335
2014-11-19 5:00:00,160.08464
2014-11-19 6:00:00,159.08662
2014-11-19 7:00:00,163.75337
2014-11-19 8:00:00,169.8431
2014-11-19 9:00:00,191.06868
2014-11-20 0:00:00,325.47623
2014-11-20 10:00:00,167.98613
2014-11-20 11:00:00,196.9677
2014-11-20 12:00:00,212.921
2014-11-20 13:00:00,206.73434
2014-11-20 14:00:00,227.55135
2014-11-20 15:00:00,260.96747
2014-11-20 16:00:00,213.21901
2014-11-20 17:00:00,206.31041
2014-11-20 18:00:00,202.75665
2014-11-20 19:00:00,211.65135
2014-11-20 1:00:00,340.12582
2014-11-20 20:00:00,198.28656
2014-11-20 21:00:00,191.60068
2014-11-20 22:00:00,159.35948
2014-11-20 23:00:00,177.42856
2014-11-20 2:00:00,217.00964
2014-11-20 3:00:00,238.42479
2014-11-20 4:00:00,258.41946
2014-11-20 5:00:00,229.22417
2014-11-20 6:00:00,194.12161
2014-11-20 7:00:00,197.33781
2014-11-20 8:00:00,208.52496
2014-11-20 9:00:00,191.87538
2014-11-21 0:00:00,173.48889
2014-11-21 10:00:00,111.17171
2014-11-21 11:00:00,143.90215
2014-11-21 12:00:00,132.49925
2014-11-21 13:00:00,135.85553
2014-11-21 14:00:00,134.36873
2014-11-21 15:00:00,83.95704
2014-11-21 16:00:00,47.315685
2014-11-21 17:00:00,51.54709
2014-11-21 18:00:00,34.696587
2014-11-21 19:00:00,40.880707
2014-11-21 1:00:00,179.30702
2014-11-21 20:00:00,93.868805
2014-11-21 21:00:00,100.32146
2014-11-21 22:00:00,77.714905
2014-11-21 23:00:00,74.49336
2014-11-21 2:00:00,182.75801
2014-11-21 3:00:00,168.4633
2014-11-21 4:00:00,152.05696
2014-11-21 5:00:00,161.65517
2014-11-21 6:00:00,186.80461
2014-11-21 7:00:00,160.25816
2014-11-21 8:00:00,156.72763
2014-11-21 9:00:00,133.44308
2014-11-22 0:00:00,69.5014
2014-11-22 10:00:00,29.854874
2014-11-22 11:00:00,27.930595
2014-11-22 12:00:00,26.902618
2014-11-22 13:00:00,36.221333
2014-11-22 14:00:00,38.35798
2014-11-22 15:00:00,50.233864
2014-11-22 16:00:00,64.819
2014-11-22 17:00:00,71.59154
2014-11-22 18:00:00,81.66213
2014-11-22 19:00:00,89.20597
2014-11-22 1:00:00,42.747437
2014-11-22 20:00:00,101.24026
2014-11-22 21:00:00,115.28703
2014-11-22 22:00:00,117.45749
2014-11-22 23:00:00,108.97583
2014-11-22 2:00:00,37.084282
2014-11-22 3:00:00,72.19789
2014-11-22 4:00:00,83.109024
2014-11-22 5:00:00,58.87973
2014-11-22 6:00:00,50.320297
2014-11-22 7:00:00,71.41847
2014-11-22 8:00:00,43.474556
2014-11-22 9:00:00,30.057518
2014-11-23 0:00:00,107.98383
2014-11-23 10:00:00,119.489655
2014-11-23 11:00:00,140.9933
2014-11-23 12:00:00,154.81413
2014-11-23 13:00:00,143.52823
2014-11-23 14:00:00,154.15747
2014-11-23 15:00:00,165.34773
2014-11-23 16:00:00,183.12125
2014-11-23 17:00:00,165.67525
2014-11-23 18:00:00,167.99208
2014-11-23 19:00:00,164.24107
2014-11-23 1:00:00,112.73816
2014-11-23 20:00:00,162.04549
2014-11-23 21:00:00,183.02943
2014-11-23 22:00:00,156.36845
2014-11-23 23:00:00,155.15001
2014-11-23 2:00:00,119.332726
2014-11-23 3:00:00,130.24774
2014-11-23 4:00:00,131.02881
2014-11-23 5:00:00,136.18382
2014-11-23 6:00:00,129.31952
2014-11-23 7:00:00,121.74594
2014-11-23 8:00:00,125.37607
2014-11-23 9:00:00,125.58509
2014-11-24 0:00:00,128.33716
2014-11-24 10:00:00,40.214928
2014-11-24 11:00:00,32.05136
2014-11-24 12:00:00,28.158195
2014-11-24 13:00:00,43.596523
2014-11-24 14:00:00,45.982685
2014-11-24 15:00:00,39.940464
2014-11-24 16:00:00,48.58677
2014-11-24 17:00:00,53.350388
2014-11-24 18:00:00,59.645412
2014-11-24 19:00:00,71.880585
2014-11-24 1:00:00,145.97206
2014-11-24 20:00:00,77.57593
2014-11-24 21:00:00,73.76193
2014-11-24 22:00:00,77.82686
2014-11-24 23:00:00,88.593
2014-11-24 2:00:00,139.56532
2014-11-24 3:00:00,130.85364
2014-11-24 4:00:00,119.313
2014-11-24 5:00:00,95.42312
2014-11-24 6:00:00,92.67319
2014-11-24 7:00:00,74.547226
2014-11-24 8:00:00,54.28929
2014-11-24 9:00:00,74.0163
2014-11-25 0:00:00,74.13101
2014-11-25 10:00:00,161.1192
2014-11-25 11:00:00,172.27113
2014-11-25 12:00:00,201.87834
2014-11-25 13:00:00,212.96689
2014-11-25 14:00:00,218.14197
2014-11-25 15:00:00,235.31905
2014-11-25 16:00:00,232.92247
2014-11-25 17:00:00,233.77063
2014-11-25 18:00:00,244.115
2014-11-25 19:00:00,251.50868
2014-11-25 1:00:00,94.00108
2014-11-25 20:00:00,341.10928
2014-11-25 21:00:00,304.00287
2014-11-25 22:00:00,260.56625
2014-11-25 23:00:00,228.65277
2014-11-25 2:00:00,110.655106
2014-11-25 3:00:00,108.90451
2014-11-25 4:00:00,122.370346
2014-11-25 5:00:00,118.04288
2014-11-25 6:00:00,131.0761
2014-11-25 7:00:00,152.597
2014-11-25 8:00:00,154.35555
2014-11-25 9:00:00,154.28693
2014-11-26 0:00:00,267.96054
2014-11-26 10:00:00,153.04474
2014-11-26 11:00:00,149.87982
2014-11-26 12:00:00,145.76384
2014-11-26 13:00:00,145.95937
2014-11-26 14:00:00,156.3459
2014-11-26 15:00:00,164.53978
2014-11-26 16:00:00,168.89044
2014-11-26 17:00:00,157.61215
2014-11-26 18:00:00,153.27779
2014-11-26 19:00:00,175.26042
2014-11-26 1:00:00,178.63194
2014-11-26 20:00:00,168.97365
2014-11-26 21:00:00,154.80824
2014-11-26 22:00:00,157.64824
2014-11-26 23:00:00,149.59645
2014-11-26 2:00:00,182.81837
2014-11-26 3:00:00,183.40262
2014-11-26 4:00:00,257.86353
2014-11-26 5:00:00,176.8113
2014-11-26 6:00:00,173.77196
2014-11-26 7:00:00,161.96535
2014-11-26 8:00:00,157.8135
2014-11-26 9:00:00,158.66042
2014-11-27 0:00:00,149.77672
2014-11-27 10:00:00,25.925797
2014-11-27 11:00:00,25.2807
2014-11-27 12:00:00,33.752495
2014-11-27 13:00:00,27.936901
2014-11-27 14:00:00,26.312424
2014-11-27 15:00:00,25.190193
2014-11-27 16:00:00,24.92752
2014-11-27 17:00:00,24.555882
2014-11-27 18:00:00,24.412857
2014-11-27 19:00:00,24.4142
2014-11-27 1:00:00,138.81773
2014-11-27 20:00:00,24.281776
2014-11-27 21:00:00,24.273968
2014-11-27 22:00:00,32.614227
2014-11-27 23:00:00,26.06646
2014-11-27 2:00:00,203.21591
2014-11-27 3:00:00,110.59984
2014-11-27 4:00:00,101.82528
2014-11-27 5:00:00,62.669567
2014-11-27 6:00:00,27.882626
2014-11-27 7:00:00,88.07498
2014-11-27 8:00:00,64.329315
2014-11-27 9:00:00,29.270317
2014-11-28 0:00:00,28.394608
2014-11-28 10:00:00,55.320312
2014-11-28 11:00:00,75.27187
2014-11-28 12:00:00,77.40263
2014-11-28 13:00:00,92.046005
2014-11-28 14:00:00,85.118744
2014-11-28 15:00:00,88.6588
2014-11-28 16:00:00,90.8434
2014-11-28 17:00:00,100.9393
2014-11-28 18:00:00,157.14925
2014-11-28 19:00:00,164.73116
2014-11-28 1:00:00,28.417206
2014-11-28 20:00:00,176.41818
2014-11-28 21:00:00,163.2765
2014-11-28 22:00:00,140.04973
2014-11-28 23:00:00,116.09272
2014-11-28 2:00:00,92.051094
2014-11-28 3:00:00,86.07541
2014-11-28 4:00:00,77.172165
2014-11-28 5:00:00,77.34746
2014-11-28 6:00:00,82.22739
2014-11-28 7:00:00,76.816376
2014-11-28 8:00:00,73.727516
2014-11-28 9:00:00,62.30916
2014-11-29 0:00:00,104.52981
2014-11-29 10:00:00,168.48848
2014-11-29 11:00:00,163.95049
2014-11-29 12:00:00,156.916
2014-11-29 13:00:00,172.94151
2014-11-29 14:00:00,175.62938
2014-11-29 15:00:00,175.84538
2014-11-29 16:00:00,192.26323
2014-11-29 17:00:00,184.66386
2014-11-29 18:00:00,228.0587
2014-11-29 19:00:00,230.8387
2014-11-29 1:00:00,115.21561
2014-11-29 20:00:00,217.10385
2014-11-29 21:00:00,136.79213
2014-11-29 22:00:00,114.811646
2014-11-29 23:00:00,112.880356
2014-11-29 2:00:00,131.5074
2014-11-29 3:00:00,143.07469
2014-11-29 4:00:00,145.78099
2014-11-29 5:00:00,138.64418
2014-11-29 6:00:00,135.2267
2014-11-29 7:00:00,127.22999
2014-11-29 8:00:00,129.77185
2014-11-29 9:00:00,141.04941
2014-11-30 0:00:00,193.71059
2014-11-30 10:00:00,25.486305
2014-11-30 11:00:00,22.804493
2014-11-30 12:00:00,22.090088
2014-11-30 13:00:00,21.816055
2014-11-30 14:00:00,21.492123
2014-11-30 15:00:00,21.521397
2014-11-30 16:00:00,21.476707
2014-11-30 17:00:00,21.36771
2014-11-30 18:00:00,21.41296
2014-11-30 19:00:00,21.410328
2014-11-30 1:00:00,163.62337
2014-11-30 20:00:00,21.424885
2014-11-30 21:00:00,21.487968
2014-11-30 22:00:00,21.358913
2014-11-30 23:00:00,21.062626
2014-11-30 2:00:00,237.99077
2014-11-30 3:00:00,170.61919
2014-11-30 4:00:00,173.51112
2014-11-30 5:00:00,120.73637
2014-11-30 6:00:00,118.81395
2014-11-30 7:00:00,96.22119
2014-11-30 8:00:00,51.067734
2014-11-30 9:00:00,31.357883
2014-12-01 0:00:00,21.32122
2014-12-01 10:00:00,22.009682
2014-12-01 11:00:00,22.710651
2014-12-01 12:00:00,23.60807
2014-12-01 13:00:00,24.186455
2014-12-01 14:00:00,24.475334
2014-12-01 15:00:00,24.523102
2014-12-01 16:00:00,24.369911
2014-12-01 17:00:00,24.35794
2014-12-01 18:00:00,24.445324
2014-12-01 19:00:00,24.55793
2014-12-01 1:00:00,21.457794
2014-12-01 20:00:00,24.684605
2014-12-01 21:00:00,24.839153
2014-12-01 22:00:00,24.974434
2014-12-01 23:00:00,25.188934
2014-12-01 2:00:00,21.506813
2014-12-01 3:00:00,21.548153
2014-12-01 4:00:00,21.598186
2014-12-01 5:00:00,21.624863
2014-12-01 6:00:00,21.66578
2014-12-01 7:00:00,21.705917
2014-12-01 8:00:00,21.754318
2014-12-01 9:00:00,21.82441
2014-12-02 0:00:00,25.500069
2014-12-02 10:00:00,36.361336
2014-12-02 11:00:00,43.5629
2014-12-02 12:00:00,47.069214
2014-12-02 13:00:00,59.51664
2014-12-02 14:00:00,69.90181
2014-12-02 15:00:00,78.26221
2014-12-02 16:00:00,80.26698
2014-12-02 17:00:00,79.2508
2014-12-02 18:00:00,77.92493
2014-12-02 19:00:00,81.51776
2014-12-02 1:00:00,25.727863
2014-12-02 20:00:00,87.78541
2014-12-02 21:00:00,98.79469
2014-12-02 22:00:00,112.58026
2014-12-02 23:00:00,84.63933
2014-12-02 2:00:00,25.467777
2014-12-02 3:00:00,25.58176
2014-12-02 4:00:00,25.820808
2014-12-02 5:00:00,25.736244
2014-12-02 6:00:00,25.778435
2014-12-02 7:00:00,31.385426
2014-12-02 8:00:00,34.61926
2014-12-02 9:00:00,37.16476
2014-12-03 0:00:00,82.43602
2014-12-03 10:00:00,26.318226
2014-12-03 11:00:00,24.624844
2014-12-03 12:00:00,23.668476
2014-12-03 13:00:00,23.14399
2014-12-03 14:00:00,22.599842
2014-12-03 15:00:00,22.26759
2014-12-03 16:00:00,22.32996
2014-12-03 17:00:00,22.725315
2014-12-03 18:00:00,22.867233
2014-12-03 19:00:00,22.739914
2014-12-03 1:00:00,115.28949
2014-12-03 20:00:00,22.529808
2014-12-03 21:00:00,22.48264
2014-12-03 22:00:00,22.290478
2014-12-03 23:00:00,22.248726
2014-12-03 2:00:00,107.627426
2014-12-03 3:00:00,103.57659
2014-12-03 4:00:00,102.868454
2014-12-03 5:00:00,87.77301
2014-12-03 6:00:00,59.098812
2014-12-03 7:00:00,44.728897
2014-12-03 8:00:00,33.131393
2014-12-03 9:00:00,28.347923
2014-12-04 0:00:00,22.170063
2014-12-04 10:00:00,24.193703
2014-12-04 11:00:00,23.543056
2014-12-04 12:00:00,23.074482
2014-12-04 13:00:00,23.000824
2014-12-04 14:00:00,23.057465
2014-12-04 15:00:00,23.119202
2014-12-04 16:00:00,23.013813
2014-12-04 17:00:00,22.842724
2014-12-04 18:00:00,22.8294
2014-12-04 19:00:00,22.833794
2014-12-04 1:00:00,22.043926
2014-12-04 20:00:00,24.50418
2014-12-04 21:00:00,24.972507
2014-12-04 22:00:00,24.489872
2014-12-04 23:00:00,24.016064
2014-12-04 2:00:00,22.232487
2014-12-04 3:00:00,22.143963
2014-12-04 4:00:00,22.206093
2014-12-04 5:00:00,22.1786
2014-12-04 6:00:00,24.033375
2014-12-04 7:00:00,25.199093
2014-12-04 8:00:00,25.569637
2014-12-04 9:00:00,24.936169
2014-12-05 0:00:00,23.675629
2014-12-05 10:00:00,25.64653
2014-12-05 11:00:00,24.433899
2014-12-05 12:00:00,23.82536
2014-12-05 13:00:00,23.705074
2014-12-05 14:00:00,23.634724
2014-12-05 15:00:00,25.176453
2014-12-05 16:00:00,50.234306
2014-12-05 17:00:00,38.550106
2014-12-05 18:00:00,59.361862
2014-12-05 19:00:00,89.97409
2014-12-05 1:00:00,23.555828
2014-12-05 20:00:00,84.512436
2014-12-05 21:00:00,91.261055
2014-12-05 22:00:00,90.44963
2014-12-05 23:00:00,60.25573
2014-12-05 2:00:00,23.484623
2014-12-05 3:00:00,23.357586
2014-12-05 4:00:00,25.033543
2014-12-05 5:00:00,33.372505
2014-12-05 6:00:00,29.964325
2014-12-05 7:00:00,27.027203
2014-12-05 8:00:00,26.87582
2014-12-05 9:00:00,25.96363
2014-12-06 0:00:00,75.41992
2014-12-06 10:00:00,40.732307
2014-12-06 11:00:00,29.873222
2014-12-06 12:00:00,57.35927
2014-12-06 13:00:00,61.576874
2014-12-06 14:00:00,83.6017
2014-12-06 15:00:00,101.79082
2014-12-06 16:00:00,103.913635
2014-12-06 17:00:00,131.65279
2014-12-06 18:00:00,113.242
2014-12-06 19:00:00,102.32669
2014-12-06 1:00:00,81.32178
2014-12-06 20:00:00,111.26595
2014-12-06 21:00:00,104.258835
2014-12-06 22:00:00,147.94556
2014-12-06 23:00:00,145.87553
2014-12-06 2:00:00,87.46428
2014-12-06 3:00:00,108.733055
2014-12-06 4:00:00,108.72733
2014-12-06 5:00:00,115.153114
2014-12-06 6:00:00,107.29332
2014-12-06 7:00:00,111.12604
2014-12-06 8:00:00,108.362785
2014-12-06 9:00:00,92.75833
2014-12-07 0:00:00,174.30257
2014-12-07 10:00:00,131.25035
2014-12-07 11:00:00,112.96301
2014-12-07 12:00:00,86.740295
2014-12-07 13:00:00,40.28074
2014-12-07 14:00:00,28.567593
2014-12-07 15:00:00,26.355404
2014-12-07 16:00:00,25.784485
2014-12-07 17:00:00,26.127728
2014-12-07 18:00:00,26.008171
2014-12-07 19:00:00,24.899017
2014-12-07 1:00:00,158.60927
2014-12-07 20:00:00,24.351906
2014-12-07 21:00:00,23.732693
2014-12-07 22:00:00,23.422298
2014-12-07 23:00:00,23.288773
2014-12-07 2:00:00,141.98875
2014-12-07 3:00:00,146.30713
2014-12-07 4:00:00,150.24446
2014-12-07 5:00:00,154.77748
2014-12-07 6:00:00,154.82289
2014-12-07 7:00:00,141.76878
2014-12-07 8:00:00,135.81242
2014-12-07 9:00:00,135.0956
2014-12-08 0:00:00,23.045597
2014-12-08 10:00:00,30.649002
2014-12-08 11:00:00,36.74502
2014-12-08 12:00:00,39.025597
2014-12-08 13:00:00,39.638992
2014-12-08 14:00:00,40.25441
2014-12-08 15:00:00,49.31941
2014-12-08 16:00:00,41.15583
2014-12-08 17:00:00,44.013252
2014-12-08 18:00:00,58.91986
2014-12-08 19:00:00,71.91695
2014-12-08 1:00:00,23.505653
2014-12-08 20:00:00,83.21921
2014-12-08 21:00:00,85.340546
2014-12-08 22:00:00,84.22116
2014-12-08 23:00:00,81.55492
2014-12-08 2:00:00,62.42943
2014-12-08 3:00:00,51.668434
2014-12-08 4:00:00,50.47725
2014-12-08 5:00:00,37.189537
2014-12-08 6:00:00,26.318287
2014-12-08 7:00:00,26.773567
2014-12-08 8:00:00,34.078667
2014-12-08 9:00:00,37.361282
2014-12-09 0:00:00,154.77707
2014-12-09 10:00:00,229.318
2014-12-09 11:00:00,279.8483
2014-12-09 12:00:00,274.8581
2014-12-09 13:00:00,245.53473
2014-12-09 14:00:00,217.2058
2014-12-09 15:00:00,230.91228
2014-12-09 16:00:00,202.93864
2014-12-09 17:00:00,181.20268
2014-12-09 18:00:00,162.37245
2014-12-09 19:00:00,167.08128
2014-12-09 1:00:00,173.87877
2014-12-09 20:00:00,182.9965
2014-12-09 21:00:00,183.80115
2014-12-09 22:00:00,203.5202
2014-12-09 23:00:00,181.10075
2014-12-09 2:00:00,180.85039
2014-12-09 3:00:00,162.59944
2014-12-09 4:00:00,155.38522
2014-12-09 5:00:00,180.24007
2014-12-09 6:00:00,212.46632
2014-12-09 7:00:00,230.44576
2014-12-09 8:00:00,201.96094
2014-12-09 9:00:00,278.55212
2014-12-10 0:00:00,212.11522
2014-12-10 10:00:00,176.23387
2014-12-10 11:00:00,109.98048
2014-12-10 12:00:00,53.933952
2014-12-10 13:00:00,37.27832
2014-12-10 14:00:00,27.693222
2014-12-10 15:00:00,25.931053
2014-12-10 16:00:00,25.12696
2014-12-10 17:00:00,24.819557
2014-12-10 18:00:00,24.503532
2014-12-10 19:00:00,23.649864
2014-12-10 1:00:00,228.01439
2014-12-10 20:00:00,23.326843
2014-12-10 21:00:00,22.67669
2014-12-10 22:00:00,22.4488
2014-12-10 23:00:00,21.780094
2014-12-10 2:00:00,257.92648
2014-12-10 3:00:00,257.78268
2014-12-10 4:00:00,223.06674
2014-12-10 5:00:00,239.56244
2014-12-10 6:00:00,207.68332
2014-12-10 7:00:00,205.83592
2014-12-10 8:00:00,186.87671
2014-12-10 9:00:00,252.73447
2014-12-11 0:00:00,21.730412
2014-12-11 10:00:00,26.070427
2014-12-11 11:00:00,25.502762
2014-12-11 12:00:00,24.789726
2014-12-11 13:00:00,24.589645
2014-12-11 14:00:00,24.305801
2014-12-11 15:00:00,24.131107
2014-12-11 16:00:00,33.736706
2014-12-11 17:00:00,34.655006
2014-12-11 18:00:00,47.87333
2014-12-11 19:00:00,64.22909
2014-12-11 1:00:00,21.640461
2014-12-11 20:00:00,36.31102
2014-12-11 21:00:00,32.87614
2014-12-11 22:00:00,27.641365
2014-12-11 23:00:00,28.276588
2014-12-11 2:00:00,21.542542
2014-12-11 3:00:00,21.601917
2014-12-11 4:00:00,21.471481
2014-12-11 5:00:00,21.442863
2014-12-11 6:00:00,21.546143
2014-12-11 7:00:00,21.715454
2014-12-11 8:00:00,21.674068
2014-12-11 9:00:00,24.036781
2014-12-12 0:00:00,29.14296
2014-12-12 10:00:00,24.315365
2014-12-12 11:00:00,24.050316
2014-12-12 12:00:00,23.599083
2014-12-12 13:00:00,23.095615
2014-12-12 14:00:00,22.507328
2014-12-12 15:00:00,22.063087
2014-12-12 16:00:00,22.185322
2014-12-12 17:00:00,21.851292
2014-12-12 18:00:00,30.617931
2014-12-12 19:00:00,32.447865
2014-12-12 1:00:00,31.738396
2014-12-12 20:00:00,41.37107
2014-12-12 21:00:00,52.72252
2014-12-12 22:00:00,44.06545
2014-12-12 23:00:00,48.702003
2014-12-12 2:00:00,31.036663
2014-12-12 3:00:00,30.883156
2014-12-12 4:00:00,31.232445
2014-12-12 5:00:00,31.311752
2014-12-12 6:00:00,30.188564
2014-12-12 7:00:00,27.745583
2014-12-12 8:00:00,24.140182
2014-12-12 9:00:00,24.231735
2014-12-13 0:00:00,54.64151
2014-12-13 10:00:00,80.56917
2014-12-13 11:00:00,84.598114
2014-12-13 12:00:00,85.11605
2014-12-13 13:00:00,80.21143
2014-12-13 14:00:00,84.2531
2014-12-13 15:00:00,77.16256
2014-12-13 16:00:00,77.70688
2014-12-13 17:00:00,110.67751
2014-12-13 18:00:00,106.93251
2014-12-13 19:00:00,106.38396
2014-12-13 1:00:00,56.809273
2014-12-13 20:00:00,106.410645
2014-12-13 21:00:00,177.37956
2014-12-13 22:00:00,211.62617
2014-12-13 23:00:00,195.93297
2014-12-13 2:00:00,66.78629
2014-12-13 3:00:00,68.98985
2014-12-13 4:00:00,85.94691
2014-12-13 5:00:00,97.8972
2014-12-13 6:00:00,97.73806
2014-12-13 7:00:00,99.91618
2014-12-13 8:00:00,96.278244
2014-12-13 9:00:00,101.248566
2014-12-14 0:00:00,230.05548
2014-12-14 10:00:00,128.79065
2014-12-14 11:00:00,125.8674
2014-12-14 12:00:00,95.02344
2014-12-14 13:00:00,86.78294
2014-12-14 14:00:00,98.69535
2014-12-14 15:00:00,108.31706
2014-12-14 16:00:00,135.7144
2014-12-14 17:00:00,170.9727
2014-12-14 18:00:00,145.09947
2014-12-14 19:00:00,140.94945
2014-12-14 1:00:00,211.05476
2014-12-14 20:00:00,182.60918
2014-12-14 21:00:00,173.24162
2014-12-14 22:00:00,176.06766
2014-12-14 23:00:00,189.31369
2014-12-14 2:00:00,235.683
2014-12-14 3:00:00,191.7783
2014-12-14 4:00:00,143.7712
2014-12-14 5:00:00,143.24994
2014-12-14 6:00:00,124.51188
2014-12-14 7:00:00,126.22499
2014-12-14 8:00:00,127.570404
2014-12-14 9:00:00,109.75595
2014-12-15 0:00:00,135.76077
2014-12-15 10:00:00,30.743717
2014-12-15 11:00:00,27.143467
2014-12-15 12:00:00,25.045475
2014-12-15 13:00:00,23.999573
2014-12-15 14:00:00,22.920532
2014-12-15 15:00:00,22.559654
2014-12-15 16:00:00,22.059288
2014-12-15 17:00:00,21.808464
2014-12-15 18:00:00,21.80606
2014-12-15 19:00:00,21.91756
2014-12-15 1:00:00,124.934364
2014-12-15 20:00:00,21.399673
2014-12-15 21:00:00,21.533173
2014-12-15 22:00:00,21.859116
2014-12-15 23:00:00,21.987621
2014-12-15 2:00:00,184.519
2014-12-15 3:00:00,200.85738
2014-12-15 4:00:00,178.2035
2014-12-15 5:00:00,189.00612
2014-12-15 6:00:00,147.32545
2014-12-15 7:00:00,112.19356
2014-12-15 8:00:00,103.010574
2014-12-15 9:00:00,60.504726
2014-12-16 0:00:00,21.927826
2014-12-16 10:00:00,22.000256
2014-12-16 11:00:00,22.502926
2014-12-16 12:00:00,22.733173
2014-12-16 13:00:00,22.776756
2014-12-16 14:00:00,22.797344
2014-12-16 15:00:00,23.04932
2014-12-16 16:00:00,23.705387
2014-12-16 17:00:00,23.865818
2014-12-16 18:00:00,24.22789
2014-12-16 19:00:00,24.50985
2014-12-16 1:00:00,21.919273
2014-12-16 20:00:00,24.726585
2014-12-16 21:00:00,24.832829
2014-12-16 22:00:00,24.938564
2014-12-16 23:00:00,25.13353
2014-12-16 2:00:00,21.693386
2014-12-16 3:00:00,21.772388
2014-12-16 4:00:00,21.854763
2014-12-16 5:00:00,21.943584
2014-12-16 6:00:00,22.069035
2014-12-16 7:00:00,22.023705
2014-12-16 8:00:00,21.944061
2014-12-16 9:00:00,21.910744
2014-12-17 0:00:00,25.382343
2014-12-17 10:00:00,85.28009
2014-12-17 11:00:00,86.79602
2014-12-17 12:00:00,95.87891
2014-12-17 13:00:00,87.38226
2014-12-17 14:00:00,88.070145
2014-12-17 15:00:00,84.13073
2014-12-17 16:00:00,82.19982
2014-12-17 17:00:00,82.450195
2014-12-17 18:00:00,95.73667
2014-12-17 19:00:00,93.08041
2014-12-17 1:00:00,25.465408
2014-12-17 20:00:00,105.69096
2014-12-17 21:00:00,97.2142
2014-12-17 22:00:00,105.27767
2014-12-17 23:00:00,99.21159
2014-12-17 2:00:00,32.177967
2014-12-17 3:00:00,52.777405
2014-12-17 4:00:00,68.79933
2014-12-17 5:00:00,75.907326
2014-12-17 6:00:00,78.70942
2014-12-17 7:00:00,79.380646
2014-12-17 8:00:00,82.809746
2014-12-17 9:00:00,88.57356
2014-12-18 0:00:00,89.37016
2014-12-18 10:00:00,100.68762
2014-12-18 11:00:00,124.92963
2014-12-18 12:00:00,103.82582
2014-12-18 13:00:00,145.28497
2014-12-18 14:00:00,174.65553
2014-12-18 15:00:00,185.34685
2014-12-18 16:00:00,121.71642
2014-12-18 17:00:00,170.51381
2014-12-18 18:00:00,152.52058
2014-12-18 19:00:00,194.06432
2014-12-18 1:00:00,128.20377
2014-12-18 20:00:00,168.90318
2014-12-18 21:00:00,218.01282
2014-12-18 22:00:00,172.52457
2014-12-18 23:00:00,155.56166
2014-12-18 2:00:00,125.13031
2014-12-18 3:00:00,116.74667
2014-12-18 4:00:00,123.420334
2014-12-18 5:00:00,139.65709
2014-12-18 6:00:00,126.47705
2014-12-18 7:00:00,123.796684
2014-12-18 8:00:00,122.46938
2014-12-18 9:00:00,111.140434
2014-12-19 0:00:00,167.44603
2014-12-19 10:00:00,28.509823
2014-12-19 11:00:00,24.115284
2014-12-19 12:00:00,23.044224
2014-12-19 13:00:00,22.428951
2014-12-19 14:00:00,22.030182
2014-12-19 15:00:00,22.535133
2014-12-19 16:00:00,22.193542
2014-12-19 17:00:00,21.735996
2014-12-19 18:00:00,21.478283
2014-12-19 19:00:00,21.5943
2014-12-19 1:00:00,177.9481
2014-12-19 20:00:00,21.684334
2014-12-19 21:00:00,21.57219
2014-12-19 22:00:00,21.575287
2014-12-19 23:00:00,21.797726
2014-12-19 2:00:00,171.24797
2014-12-19 3:00:00,160.16277
2014-12-19 4:00:00,147.19804
2014-12-19 5:00:00,150.28384
2014-12-19 6:00:00,141.8702
2014-12-19 7:00:00,104.42395
2014-12-19 8:00:00,54.25866
2014-12-19 9:00:00,34.363766
2014-12-20 0:00:00,21.846844
2014-12-20 10:00:00,22.341316
2014-12-20 11:00:00,22.761444
2014-12-20 12:00:00,22.88504
2014-12-20 13:00:00,22.93642
2014-12-20 14:00:00,22.98602
2014-12-20 15:00:00,23.032639
2014-12-20 16:00:00,23.219715
2014-12-20 17:00:00,23.9887
2014-12-20 18:00:00,24.300053
2014-12-20 19:00:00,24.555485
2014-12-20 1:00:00,21.88507
2014-12-20 20:00:00,24.777714
2014-12-20 21:00:00,25.053806
2014-12-20 22:00:00,25.208397
2014-12-20 23:00:00,25.381157
2014-12-20 2:00:00,21.89647
2014-12-20 3:00:00,21.936653
2014-12-20 4:00:00,21.919937
2014-12-20 5:00:00,21.928383
2014-12-20 6:00:00,22.065334
2014-12-20 7:00:00,22.134567
2014-12-20 8:00:00,22.003819
2014-12-20 9:00:00,22.041065
2014-12-21 0:00:00,25.537552
2014-12-21 10:00:00,33.619038
2014-12-21 11:00:00,33.458847
2014-12-21 12:00:00,33.84208
2014-12-21 13:00:00,33.149788
2014-12-21 14:00:00,34.61763
2014-12-21 15:00:00,34.359135
2014-12-21 16:00:00,37.911617
2014-12-21 17:00:00,40.21872
2014-12-21 18:00:00,42.19388
2014-12-21 19:00:00,57.64618
2014-12-21 1:00:00,25.70364
2014-12-21 20:00:00,71.77709
2014-12-21 21:00:00,81.946846
2014-12-21 22:00:00,86.01247
2014-12-21 23:00:00,89.04307
2014-12-21 2:00:00,25.895626
2014-12-21 3:00:00,26.15971
2014-12-21 4:00:00,26.073502
2014-12-21 5:00:00,26.538013
2014-12-21 6:00:00,30.249943
2014-12-21 7:00:00,31.125698
2014-12-21 8:00:00,32.62278
2014-12-21 9:00:00,32.74843
2014-12-22 0:00:00,81.504364
2014-12-22 10:00:00,106.12632
2014-12-22 11:00:00,114.854294
2014-12-22 12:00:00,117.888084
2014-12-22 13:00:00,139.56548
2014-12-22 14:00:00,120.535
2014-12-22 15:00:00,107.257614
2014-12-22 16:00:00,87.306335
2014-12-22 17:00:00,79.76796
2014-12-22 18:00:00,123.62768
2014-12-22 19:00:00,165.59688
2014-12-22 1:00:00,86.96486
2014-12-22 20:00:00,214.11009
2014-12-22 21:00:00,178.90562
2014-12-22 22:00:00,151.20837
2014-12-22 23:00:00,189.09837
2014-12-22 2:00:00,94.36209
2014-12-22 3:00:00,102.34288
2014-12-22 4:00:00,104.56618
2014-12-22 5:00:00,103.3044
2014-12-22 6:00:00,100.67719
2014-12-22 7:00:00,116.96333
2014-12-22 8:00:00,118.086
2014-12-22 9:00:00,106.91617
2014-12-23 0:00:00,204.19693
2014-12-23 10:00:00,128.43176
2014-12-23 11:00:00,114.43012
2014-12-23 12:00:00,85.6442
2014-12-23 13:00:00,47.324417
2014-12-23 14:00:00,37.23074
2014-12-23 15:00:00,32.32364
2014-12-23 16:00:00,32.18517
2014-12-23 17:00:00,78.10875
2014-12-23 18:00:00,57.322556
2014-12-23 19:00:00,70.67599
2014-12-23 1:00:00,200.94856
2014-12-23 20:00:00,76.24292
2014-12-23 21:00:00,76.6062
2014-12-23 22:00:00,43.82467
2014-12-23 23:00:00,30.076492
2014-12-23 2:00:00,226.17455
2014-12-23 3:00:00,148.95486
2014-12-23 4:00:00,154.30449
2014-12-23 5:00:00,165.2567
2014-12-23 6:00:00,170.08327
2014-12-23 7:00:00,172.1928
2014-12-23 8:00:00,161.63374
2014-12-23 9:00:00,159.58244
2014-12-24 0:00:00,44.42075
2014-12-24 10:00:00,31.06752
2014-12-24 11:00:00,27.616543
2014-12-24 12:00:00,33.819046
2014-12-24 13:00:00,36.96444
2014-12-24 14:00:00,32.215252
2014-12-24 15:00:00,28.718002
2014-12-24 16:00:00,26.44035
2014-12-24 17:00:00,24.796726
2014-12-24 18:00:00,23.820667
2014-12-24 19:00:00,23.553219
2014-12-24 1:00:00,37.205177
2014-12-24 20:00:00,23.250824
2014-12-24 21:00:00,22.935005
2014-12-24 22:00:00,23.04449
2014-12-24 23:00:00,23.036972
2014-12-24 2:00:00,29.02855
2014-12-24 3:00:00,30.719849
2014-12-24 4:00:00,41.676216
2014-12-24 5:00:00,46.17981
2014-12-24 6:00:00,38.294533
2014-12-24 7:00:00,30.742691
2014-12-24 8:00:00,30.944813
2014-12-24 9:00:00,31.204197
2014-12-25 0:00:00,22.754074
2014-12-25 10:00:00,27.253544
2014-12-25 11:00:00,27.031654
2014-12-25 12:00:00,27.463196
2014-12-25 13:00:00,25.914513
2014-12-25 14:00:00,28.243683
2014-12-25 15:00:00,28.732544
2014-12-25 16:00:00,36.87553
2014-12-25 17:00:00,35.178726
2014-12-25 18:00:00,38.312996
2014-12-25 19:00:00,38.955242
2014-12-25 1:00:00,22.818447
2014-12-25 20:00:00,53.103592
2014-12-25 21:00:00,49.625782
2014-12-25 22:00:00,73.07747
2014-12-25 23:00:00,85.481384
2014-12-25 2:00:00,22.714413
2014-12-25 3:00:00,22.694626
2014-12-25 4:00:00,22.465954
2014-12-25 5:00:00,22.326748
2014-12-25 6:00:00,24.456158
2014-12-25 7:00:00,27.732304
2014-12-25 8:00:00,30.816132
2014-12-25 9:00:00,30.298649
2014-12-26 0:00:00,92.481735
2014-12-26 10:00:00,130.14473
2014-12-26 11:00:00,143.77605
2014-12-26 12:00:00,126.40477
2014-12-26 13:00:00,183.66806
2014-12-26 14:00:00,223.77003
2014-12-26 15:00:00,239.46529
2014-12-26 16:00:00,263.2185
2014-12-26 17:00:00,273.89395
2014-12-26 18:00:00,292.4649
2014-12-26 19:00:00,253.92458
2014-12-26 1:00:00,91.30337
2014-12-26 20:00:00,233.51054
2014-12-26 21:00:00,200.10262
2014-12-26 22:00:00,205.02133
2014-12-26 23:00:00,212.88234
2014-12-26 2:00:00,91.27748
2014-12-26 3:00:00,98.38745
2014-12-26 4:00:00,79.5559
2014-12-26 5:00:00,113.124794
2014-12-26 6:00:00,117.55146
2014-12-26 7:00:00,108.65698
2014-12-26 8:00:00,112.375175
2014-12-26 9:00:00,118.47133
2014-12-27 0:00:00,212.4085
2014-12-27 10:00:00,102.2464
2014-12-27 11:00:00,89.49021
2014-12-27 12:00:00,76.70824
2014-12-27 13:00:00,149.48917
2014-12-27 14:00:00,158.63211
2014-12-27 15:00:00,167.3419
2014-12-27 16:00:00,188.96425
2014-12-27 17:00:00,140.2718
2014-12-27 18:00:00,202.33319
2014-12-27 19:00:00,169.49556
2014-12-27 1:00:00,197.29367
2014-12-27 20:00:00,195.4649
2014-12-27 21:00:00,255.31921
2014-12-27 22:00:00,252.68498
2014-12-27 23:00:00,182.57661
2014-12-27 2:00:00,143.31648
2014-12-27 3:00:00,158.68407
2014-12-27 4:00:00,163.68275
2014-12-27 5:00:00,160.32985
2014-12-27 6:00:00,149.7524
2014-12-27 7:00:00,150.93106
2014-12-27 8:00:00,102.05769
2014-12-27 9:00:00,107.361725
2014-12-28 0:00:00,177.6552
2014-12-28 10:00:00,137.16922
2014-12-28 11:00:00,146.83537
2014-12-28 12:00:00,202.07216
2014-12-28 13:00:00,165.88802
2014-12-28 14:00:00,128.71521
2014-12-28 15:00:00,99.55539
2014-12-28 16:00:00,82.949615
2014-12-28 17:00:00,62.31646
2014-12-28 18:00:00,54.82883
2014-12-28 19:00:00,49.582474
2014-12-28 1:00:00,189.97755
2014-12-28 20:00:00,95.18074
2014-12-28 21:00:00,109.360435
2014-12-28 22:00:00,151.71715
2014-12-28 23:00:00,110.881165
2014-12-28 2:00:00,164.25383
2014-12-28 3:00:00,158.3047
2014-12-28 4:00:00,150.81978
2014-12-28 5:00:00,140.19359
2014-12-28 6:00:00,133.53403
2014-12-28 7:00:00,125.297424
2014-12-28 8:00:00,104.42833
2014-12-28 9:00:00,129.88644
2014-12-29 0:00:00,103.40285
2014-12-29 10:00:00,131.19966
2014-12-29 11:00:00,159.08717
2014-12-29 12:00:00,176.30632
2014-12-29 13:00:00,165.11253
2014-12-29 14:00:00,122.74348
2014-12-29 15:00:00,84.557465
2014-12-29 16:00:00,54.23904
2014-12-29 17:00:00,39.348213
2014-12-29 18:00:00,81.72652
2014-12-29 19:00:00,150.96745
2014-12-29 1:00:00,96.61281
2014-12-29 20:00:00,209.28288
2014-12-29 21:00:00,220.08003
2014-12-29 22:00:00,280.11725
2014-12-29 23:00:00,242.063
2014-12-29 2:00:00,114.802826
2014-12-29 3:00:00,104.89054
2014-12-29 4:00:00,123.857346
2014-12-29 5:00:00,118.64636
2014-12-29 6:00:00,123.90995
2014-12-29 7:00:00,124.892784
2014-12-29 8:00:00,136.16164
2014-12-29 9:00:00,144.82217
2014-12-30 0:00:00,286.11362
2014-12-30 10:00:00,111.34433
2014-12-30 11:00:00,104.05762
2014-12-30 12:00:00,95.32915
2014-12-30 13:00:00,89.63858
2014-12-30 14:00:00,84.21892
2014-12-30 15:00:00,82.61873
2014-12-30 16:00:00,111.31535
2014-12-30 17:00:00,133.0934
2014-12-30 18:00:00,161.61409
2014-12-30 19:00:00,166.69453
2014-12-30 1:00:00,253.16063
2014-12-30 20:00:00,109.27607
2014-12-30 21:00:00,83.60358
2014-12-30 22:00:00,28.867432
2014-12-30 23:00:00,26.09301
2014-12-30 2:00:00,215.2744
2014-12-30 3:00:00,171.96068
2014-12-30 4:00:00,134.26518
2014-12-30 5:00:00,106.49162
2014-12-30 6:00:00,76.76741
2014-12-30 7:00:00,136.514
2014-12-30 8:00:00,121.18854
2014-12-30 9:00:00,141.61339
2014-12-31 0:00:00,25.165504
2014-12-31 10:00:00,21.853497
2014-12-31 11:00:00,21.801033
2014-12-31 12:00:00,21.858932
2014-12-31 13:00:00,21.973652
2014-12-31 14:00:00,22.108593
2014-12-31 15:00:00,22.313938
2014-12-31 16:00:00,22.521759
2014-12-31 17:00:00,22.521072
2014-12-31 18:00:00,21.952034
2014-12-31 19:00:00,22.033833
2014-12-31 1:00:00,25.09645
2014-12-31 20:00:00,22.050499
2014-12-31 21:00:00,22.248909
2014-12-31 22:00:00,22.16285
2014-12-31 23:00:00,22.069397
2014-12-31 2:00:00,25.021542
2014-12-31 3:00:00,24.848362
2014-12-31 4:00:00,24.431026
2014-12-31 5:00:00,23.987125
2014-12-31 6:00:00,23.392094
2014-12-31 7:00:00,23.22977
2014-12-31 8:00:00,23.187363
2014-12-31 9:00:00,22.110825
